captured_at,date,pitcher_name,team,milestone,odds,event_id,start_time_utc
2026-08-25T16:16:39.732882+00:00,2026-08-25,Ian Seymour,TB,3,-2400,34564606,2026-08-25T22:40:00.0000000Z
2026-08-25T16:16:39.732882+00:00,2026-08-25,Ian Seymour,TB,4,-660,34564606,2026-08-25T22:40:00.0000000Z
2026-08-25T16:16:39.732882+00:00,2026-08-25,Ian Seymour,TB,5,-264,34564606,2026-08-25T22:40:00.0000000Z
2026-08-25T16:16:39.732882+00:00,2026-08-25,Ian Seymour,TB,6,-120,34564606,2026-08-25T22:40:00.0000000Z
2026-08-25T16:16:39.732882+00:00,2026-08-25,Ian Seymour,TB,7,+173,34564606,2026-08-25T22:40:00.0000000Z
2026-08-25T16:16:39.732882+00:00,2026-08-25,Ian Seymour,TB,8,+347,34564606,2026-08-25T22:40:00.0000000Z
2026-08-25T16:16:39.732882+00:00,2026-08-25,Ian Seymour,TB,9,+700,34564606,2026-08-25T22:40:00.0000000Z
2026-08-25T16:16:39.732882+00:00,2026-08-25,Ian Seymour,TB,10,+1420,34564606,2026-08-25T22:40:00.0000000Z
2026-08-25T16:16:39.732882+00:00,2026-08-25,Jackson Jobe,DET,2,-820,34564606,2026-08-25T22:40:00.0000000Z
2026-08-25T16:16:39.732882+00:00,2026-08-25,Jackson Jobe,DET,3,-245,34564606,2026-08-25T22:40:00.0000000Z
2026-08-25T16:16:39.732882+00:00,2026-08-25,Jackson Jobe,DET,4,+104,34564606,2026-08-25T22:40:00.0000000Z
2026-08-25T16:16:39.732882+00:00,2026-08-25,Jackson Jobe,DET,5,+250,34564606,2026-08-25T22:40:00.0000000Z
2026-08-25T16:16:39.732882+00:00,2026-08-25,Jackson Jobe,DET,6,+582,34564606,2026-08-25T22:40:00.0000000Z
2026-08-25T16:16:39.732882+00:00,2026-08-25,Jackson Jobe,DET,7,+1320,34564606,2026-08-25T22:40:00.0000000Z
2026-08-25T16:16:39.732882+00:00,2026-08-25,Payton Tolle,BOS,4,-1220,34564607,2026-08-25T22:40:00.0000000Z
2026-08-25T16:16:39.732882+00:00,2026-08-25,Payton Tolle,BOS,5,-436,34564607,2026-08-25T22:40:00.0000000Z
2026-08-25T16:16:39.732882+00:00,2026-08-25,Payton Tolle,BOS,6,-185,34564607,2026-08-25T22:40:00.0000000Z
2026-08-25T16:16:39.732882+00:00,2026-08-25,Payton Tolle,BOS,7,+114,34564607,2026-08-25T22:40:00.0000000Z
2026-08-25T16:16:39.732882+00:00,2026-08-25,Payton Tolle,BOS,8,+233,34564607,2026-08-25T22:40:00.0000000Z
2026-08-25T16:16:39.732882+00:00,2026-08-25,Payton Tolle,BOS,9,+471,34564607,2026-08-25T22:40:00.0000000Z
2026-08-25T16:16:39.732882+00:00,2026-08-25,Payton Tolle,BOS,10,+950,34564607,2026-08-25T22:40:00.0000000Z
2026-08-25T16:16:39.732882+00:00,2026-08-25,Tyler Phillips,MIA,2,-1520,34564607,2026-08-25T22:40:00.0000000Z
2026-08-25T16:16:39.732882+00:00,2026-08-25,Tyler Phillips,MIA,3,-408,34564607,2026-08-25T22:40:00.0000000Z
2026-08-25T16:16:39.732882+00:00,2026-08-25,Tyler Phillips,MIA,4,-153,34564607,2026-08-25T22:40:00.0000000Z
2026-08-25T16:16:39.732882+00:00,2026-08-25,Tyler Phillips,MIA,5,+148,34564607,2026-08-25T22:40:00.0000000Z
2026-08-25T16:16:39.732882+00:00,2026-08-25,Tyler Phillips,MIA,6,+335,34564607,2026-08-25T22:40:00.0000000Z
2026-08-25T16:16:39.732882+00:00,2026-08-25,Tyler Phillips,MIA,7,+720,34564607,2026-08-25T22:40:00.0000000Z
2026-08-25T16:16:39.732882+00:00,2026-08-25,Tyler Phillips,MIA,8,+1520,34564607,2026-08-25T22:40:00.0000000Z
2026-08-25T16:16:39.732882+00:00,2026-08-25,Andrew Alvarez,WSH,3,-970,34564608,2026-08-25T22:45:00.0000000Z
2026-08-25T16:16:39.732882+00:00,2026-08-25,Andrew Alvarez,WSH,4,-338,34564608,2026-08-25T22:45:00.0000000Z
2026-08-25T16:16:39.732882+00:00,2026-08-25,Andrew Alvarez,WSH,5,-139,34564608,2026-08-25T22:45:00.0000000Z
2026-08-25T16:16:39.732882+00:00,2026-08-25,Andrew Alvarez,WSH,6,+153,34564608,2026-08-25T22:45:00.0000000Z
2026-08-25T16:16:39.732882+00:00,2026-08-25,Andrew Alvarez,WSH,7,+322,34564608,2026-08-25T22:45:00.0000000Z
2026-08-25T16:16:39.732882+00:00,2026-08-25,Andrew Alvarez,WSH,8,+660,34564608,2026-08-25T22:45:00.0000000Z
2026-08-25T16:16:39.732882+00:00,2026-08-25,Andrew Alvarez,WSH,9,+1340,34564608,2026-08-25T22:45:00.0000000Z
2026-08-25T16:16:39.732882+00:00,2026-08-25,Will Warren,NYY,3,-1080,34564609,2026-08-25T23:05:00.0000000Z
2026-08-25T16:16:39.732882+00:00,2026-08-25,Will Warren,NYY,4,-360,34564609,2026-08-25T23:05:00.0000000Z
2026-08-25T16:16:39.732882+00:00,2026-08-25,Will Warren,NYY,5,-153,34564609,2026-08-25T23:05:00.0000000Z
2026-08-25T16:16:39.732882+00:00,2026-08-25,Will Warren,NYY,6,+142,34564609,2026-08-25T23:05:00.0000000Z
2026-08-25T16:16:39.732882+00:00,2026-08-25,Will Warren,NYY,7,+296,34564609,2026-08-25T23:05:00.0000000Z
2026-08-25T16:16:39.732882+00:00,2026-08-25,Will Warren,NYY,8,+620,34564609,2026-08-25T23:05:00.0000000Z
2026-08-25T16:16:39.732882+00:00,2026-08-25,Will Warren,NYY,9,+1280,34564609,2026-08-25T23:05:00.0000000Z
2026-08-25T16:16:39.732882+00:00,2026-08-25,Ethan Pecko,HOU,2,-1940,34564609,2026-08-25T23:05:00.0000000Z
2026-08-25T16:16:39.732882+00:00,2026-08-25,Ethan Pecko,HOU,3,-486,34564609,2026-08-25T23:05:00.0000000Z
2026-08-25T16:16:39.732882+00:00,2026-08-25,Ethan Pecko,HOU,4,-185,34564609,2026-08-25T23:05:00.0000000Z
2026-08-25T16:16:39.732882+00:00,2026-08-25,Ethan Pecko,HOU,5,+124,34564609,2026-08-25T23:05:00.0000000Z
2026-08-25T16:16:39.732882+00:00,2026-08-25,Ethan Pecko,HOU,6,+269,34564609,2026-08-25T23:05:00.0000000Z
2026-08-25T16:16:39.732882+00:00,2026-08-25,Ethan Pecko,HOU,7,+597,34564609,2026-08-25T23:05:00.0000000Z
2026-08-25T16:16:39.732882+00:00,2026-08-25,Ethan Pecko,HOU,8,+1280,34564609,2026-08-25T23:05:00.0000000Z
2026-08-25T16:16:39.732882+00:00,2026-08-25,Max Scherzer,TOR,2,-1740,34564610,2026-08-25T23:07:00.0000000Z
2026-08-25T16:16:39.732882+00:00,2026-08-25,Max Scherzer,TOR,3,-446,34564610,2026-08-25T23:07:00.0000000Z
2026-08-25T16:16:39.732882+00:00,2026-08-25,Max Scherzer,TOR,4,-163,34564610,2026-08-25T23:07:00.0000000Z
2026-08-25T16:16:39.732882+00:00,2026-08-25,Max Scherzer,TOR,5,+142,34564610,2026-08-25T23:07:00.0000000Z
2026-08-25T16:16:39.732882+00:00,2026-08-25,Max Scherzer,TOR,6,+319,34564610,2026-08-25T23:07:00.0000000Z
2026-08-25T16:16:39.732882+00:00,2026-08-25,Max Scherzer,TOR,7,+710,34564610,2026-08-25T23:07:00.0000000Z
2026-08-25T16:16:39.732882+00:00,2026-08-25,Max Scherzer,TOR,8,+1520,34564610,2026-08-25T23:07:00.0000000Z
2026-08-25T16:16:39.732882+00:00,2026-08-25,Seth Lugo,KC,2,-1100,34564610,2026-08-25T23:07:00.0000000Z
2026-08-25T16:16:39.732882+00:00,2026-08-25,Seth Lugo,KC,3,-328,34564610,2026-08-25T23:07:00.0000000Z
2026-08-25T16:16:39.732882+00:00,2026-08-25,Seth Lugo,KC,4,-130,34564610,2026-08-25T23:07:00.0000000Z
2026-08-25T16:16:39.732882+00:00,2026-08-25,Seth Lugo,KC,5,+178,34564610,2026-08-25T23:07:00.0000000Z
2026-08-25T16:16:39.732882+00:00,2026-08-25,Seth Lugo,KC,6,+393,34564610,2026-08-25T23:07:00.0000000Z
2026-08-25T16:16:39.732882+00:00,2026-08-25,Seth Lugo,KC,7,+840,34564610,2026-08-25T23:07:00.0000000Z
2026-08-25T16:16:39.732882+00:00,2026-08-25,Seth Lugo,KC,8,+1720,34564610,2026-08-25T23:07:00.0000000Z
2026-08-25T16:16:39.732882+00:00,2026-08-25,Kyle Harrison,MIL,3,-3000,34564611,2026-08-25T23:10:00.0000000Z
2026-08-25T16:16:39.732882+00:00,2026-08-25,Kyle Harrison,MIL,4,-760,34564611,2026-08-25T23:10:00.0000000Z
2026-08-25T16:16:39.732882+00:00,2026-08-25,Kyle Harrison,MIL,5,-281,34564611,2026-08-25T23:10:00.0000000Z
2026-08-25T16:16:39.732882+00:00,2026-08-25,Kyle Harrison,MIL,6,-126,34564611,2026-08-25T23:10:00.0000000Z
2026-08-25T16:16:39.732882+00:00,2026-08-25,Kyle Harrison,MIL,7,+167,34564611,2026-08-25T23:10:00.0000000Z
2026-08-25T16:16:39.732882+00:00,2026-08-25,Kyle Harrison,MIL,8,+346,34564611,2026-08-25T23:10:00.0000000Z
2026-08-25T16:16:39.732882+00:00,2026-08-25,Kyle Harrison,MIL,9,+730,34564611,2026-08-25T23:10:00.0000000Z
2026-08-25T16:16:39.732882+00:00,2026-08-25,Kyle Harrison,MIL,10,+1440,34564611,2026-08-25T23:10:00.0000000Z
2026-08-25T16:16:39.732882+00:00,2026-08-25,Zac Thornton,NYM,2,-2100,34564611,2026-08-25T23:10:00.0000000Z
2026-08-25T16:16:39.732882+00:00,2026-08-25,Zac Thornton,NYM,3,-495,34564611,2026-08-25T23:10:00.0000000Z
2026-08-25T16:16:39.732882+00:00,2026-08-25,Zac Thornton,NYM,4,-185,34564611,2026-08-25T23:10:00.0000000Z
2026-08-25T16:16:39.732882+00:00,2026-08-25,Zac Thornton,NYM,5,+126,34564611,2026-08-25T23:10:00.0000000Z
2026-08-25T16:16:39.732882+00:00,2026-08-25,Zac Thornton,NYM,6,+274,34564611,2026-08-25T23:10:00.0000000Z
2026-08-25T16:16:39.732882+00:00,2026-08-25,Zac Thornton,NYM,7,+596,34564611,2026-08-25T23:10:00.0000000Z
2026-08-25T16:16:39.732882+00:00,2026-08-25,Zac Thornton,NYM,8,+1260,34564611,2026-08-25T23:10:00.0000000Z
2026-08-25T16:16:39.732882+00:00,2026-08-25,Tyler Glasnow,LAD,3,-3600,34564612,2026-08-25T23:15:00.0000000Z
2026-08-25T16:16:39.732882+00:00,2026-08-25,Tyler Glasnow,LAD,4,-890,34564612,2026-08-25T23:15:00.0000000Z
2026-08-25T16:16:39.732882+00:00,2026-08-25,Tyler Glasnow,LAD,5,-333,34564612,2026-08-25T23:15:00.0000000Z
2026-08-25T16:16:39.732882+00:00,2026-08-25,Tyler Glasnow,LAD,6,-150,34564612,2026-08-25T23:15:00.0000000Z
2026-08-25T16:16:39.732882+00:00,2026-08-25,Tyler Glasnow,LAD,7,+140,34564612,2026-08-25T23:15:00.0000000Z
2026-08-25T16:16:39.732882+00:00,2026-08-25,Tyler Glasnow,LAD,8,+286,34564612,2026-08-25T23:15:00.0000000Z
2026-08-25T16:16:39.732882+00:00,2026-08-25,Tyler Glasnow,LAD,9,+600,34564612,2026-08-25T23:15:00.0000000Z
2026-08-25T16:16:39.732882+00:00,2026-08-25,Tyler Glasnow,LAD,10,+1260,34564612,2026-08-25T23:15:00.0000000Z
2026-08-25T16:16:39.732882+00:00,2026-08-25,Bryce Elder,ATL,2,-1960,34564612,2026-08-25T23:15:00.0000000Z
2026-08-25T16:16:39.732882+00:00,2026-08-25,Bryce Elder,ATL,3,-486,34564612,2026-08-25T23:15:00.0000000Z
2026-08-25T16:16:39.732882+00:00,2026-08-25,Bryce Elder,ATL,4,-176,34564612,2026-08-25T23:15:00.0000000Z
2026-08-25T16:16:39.732882+00:00,2026-08-25,Bryce Elder,ATL,5,+132,34564612,2026-08-25T23:15:00.0000000Z
2026-08-25T16:16:39.732882+00:00,2026-08-25,Bryce Elder,ATL,6,+288,34564612,2026-08-25T23:15:00.0000000Z
2026-08-25T16:16:39.732882+00:00,2026-08-25,Bryce Elder,ATL,7,+620,34564612,2026-08-25T23:15:00.0000000Z
2026-08-25T16:16:39.732882+00:00,2026-08-25,Bryce Elder,ATL,8,+1280,34564612,2026-08-25T23:15:00.0000000Z
2026-08-25T16:16:39.732882+00:00,2026-08-25,Jacob deGrom,TEX,4,-1820,34564613,2026-08-25T23:40:00.0000000Z
2026-08-25T16:16:39.732882+00:00,2026-08-25,Jacob deGrom,TEX,5,-586,34564613,2026-08-25T23:40:00.0000000Z
2026-08-25T16:16:39.732882+00:00,2026-08-25,Jacob deGrom,TEX,6,-246,34564613,2026-08-25T23:40:00.0000000Z
2026-08-25T16:16:39.732882+00:00,2026-08-25,Jacob deGrom,TEX,7,-117,34564613,2026-08-25T23:40:00.0000000Z
2026-08-25T16:16:39.732882+00:00,2026-08-25,Jacob deGrom,TEX,8,+175,34564613,2026-08-25T23:40:00.0000000Z
2026-08-25T16:16:39.732882+00:00,2026-08-25,Jacob deGrom,TEX,9,+358,34564613,2026-08-25T23:40:00.0000000Z
2026-08-25T16:16:39.732882+00:00,2026-08-25,Jacob deGrom,TEX,10,+700,34564613,2026-08-25T23:40:00.0000000Z
2026-08-25T16:16:39.732882+00:00,2026-08-25,Jacob deGrom,TEX,11,+1400,34564613,2026-08-25T23:40:00.0000000Z
2026-08-25T16:16:39.732882+00:00,2026-08-25,Anthony Kay,CWS,3,-900,34564613,2026-08-25T23:40:00.0000000Z
2026-08-25T16:16:39.732882+00:00,2026-08-25,Anthony Kay,CWS,4,-311,34564613,2026-08-25T23:40:00.0000000Z
2026-08-25T16:16:39.732882+00:00,2026-08-25,Anthony Kay,CWS,5,-131,34564613,2026-08-25T23:40:00.0000000Z
2026-08-25T16:16:39.732882+00:00,2026-08-25,Anthony Kay,CWS,6,+170,34564613,2026-08-25T23:40:00.0000000Z
2026-08-25T16:16:39.732882+00:00,2026-08-25,Anthony Kay,CWS,7,+362,34564613,2026-08-25T23:40:00.0000000Z
2026-08-25T16:16:39.732882+00:00,2026-08-25,Anthony Kay,CWS,8,+780,34564613,2026-08-25T23:40:00.0000000Z
2026-08-25T16:16:39.732882+00:00,2026-08-25,Anthony Kay,CWS,9,+1620,34564613,2026-08-25T23:40:00.0000000Z
2026-08-25T16:16:39.732882+00:00,2026-08-25,Chris Bassitt,BAL,2,-1120,34564614,2026-08-25T23:45:00.0000000Z
2026-08-25T16:16:39.732882+00:00,2026-08-25,Chris Bassitt,BAL,3,-322,34564614,2026-08-25T23:45:00.0000000Z
2026-08-25T16:16:39.732882+00:00,2026-08-25,Chris Bassitt,BAL,4,-125,34564614,2026-08-25T23:45:00.0000000Z
2026-08-25T16:16:39.732882+00:00,2026-08-25,Chris Bassitt,BAL,5,+181,34564614,2026-08-25T23:45:00.0000000Z
2026-08-25T16:16:39.732882+00:00,2026-08-25,Chris Bassitt,BAL,6,+407,34564614,2026-08-25T23:45:00.0000000Z
2026-08-25T16:16:39.732882+00:00,2026-08-25,Chris Bassitt,BAL,7,+900,34564614,2026-08-25T23:45:00.0000000Z
2026-08-25T16:16:39.732882+00:00,2026-08-25,Gavin Williams,CLE,5,-1340,34564615,2026-08-26T01:38:00.0000000Z
2026-08-25T16:16:39.732882+00:00,2026-08-25,Gavin Williams,CLE,6,-581,34564615,2026-08-26T01:38:00.0000000Z
2026-08-25T16:16:39.732882+00:00,2026-08-25,Gavin Williams,CLE,7,-284,34564615,2026-08-26T01:38:00.0000000Z
2026-08-25T16:16:39.732882+00:00,2026-08-25,Gavin Williams,CLE,8,-153,34564615,2026-08-26T01:38:00.0000000Z
2026-08-25T16:16:39.732882+00:00,2026-08-25,Gavin Williams,CLE,9,+117,34564615,2026-08-26T01:38:00.0000000Z
2026-08-25T16:16:39.732882+00:00,2026-08-25,Gavin Williams,CLE,10,+204,34564615,2026-08-26T01:38:00.0000000Z
2026-08-25T16:16:39.732882+00:00,2026-08-25,Gavin Williams,CLE,11,+356,34564615,2026-08-26T01:38:00.0000000Z
2026-08-25T16:16:39.732882+00:00,2026-08-25,Gavin Williams,CLE,12,+640,34564615,2026-08-26T01:38:00.0000000Z
2026-08-25T16:16:39.732882+00:00,2026-08-25,Gavin Williams,CLE,13,+1140,34564615,2026-08-26T01:38:00.0000000Z
2026-08-25T16:16:39.732882+00:00,2026-08-25,Walbert Urena,LAA,2,-2000,34564615,2026-08-26T01:38:00.0000000Z
2026-08-25T16:16:39.732882+00:00,2026-08-25,Walbert Urena,LAA,3,-495,34564615,2026-08-26T01:38:00.0000000Z
2026-08-25T16:16:39.732882+00:00,2026-08-25,Walbert Urena,LAA,4,-183,34564615,2026-08-26T01:38:00.0000000Z
2026-08-25T16:16:39.732882+00:00,2026-08-25,Walbert Urena,LAA,5,+126,34564615,2026-08-26T01:38:00.0000000Z
2026-08-25T16:16:39.732882+00:00,2026-08-25,Walbert Urena,LAA,6,+279,34564615,2026-08-26T01:38:00.0000000Z
2026-08-25T16:16:39.732882+00:00,2026-08-25,Walbert Urena,LAA,7,+600,34564615,2026-08-26T01:38:00.0000000Z
2026-08-25T16:16:39.732882+00:00,2026-08-25,Walbert Urena,LAA,8,+1240,34564615,2026-08-26T01:38:00.0000000Z
2026-08-25T16:16:39.732882+00:00,2026-08-25,Brandon Pfaadt,ARI,2,-2700,34564616,2026-08-26T01:40:00.0000000Z
2026-08-25T16:16:39.732882+00:00,2026-08-25,Brandon Pfaadt,ARI,3,-565,34564616,2026-08-26T01:40:00.0000000Z
2026-08-25T16:16:39.732882+00:00,2026-08-25,Brandon Pfaadt,ARI,4,-209,34564616,2026-08-26T01:40:00.0000000Z
2026-08-25T16:16:39.732882+00:00,2026-08-25,Brandon Pfaadt,ARI,5,+112,34564616,2026-08-26T01:40:00.0000000Z
2026-08-25T16:16:39.732882+00:00,2026-08-25,Brandon Pfaadt,ARI,6,+257,34564616,2026-08-26T01:40:00.0000000Z
2026-08-25T16:16:39.732882+00:00,2026-08-25,Brandon Pfaadt,ARI,7,+562,34564616,2026-08-26T01:40:00.0000000Z
2026-08-25T16:16:39.732882+00:00,2026-08-25,Brandon Pfaadt,ARI,8,+1220,34564616,2026-08-26T01:40:00.0000000Z
2026-08-25T16:16:39.732882+00:00,2026-08-25,Clay Holmes,CHC,2,-740,34564616,2026-08-26T01:40:00.0000000Z
2026-08-25T16:16:39.732882+00:00,2026-08-25,Clay Holmes,CHC,3,-230,34564616,2026-08-26T01:40:00.0000000Z
2026-08-25T16:16:39.732882+00:00,2026-08-25,Clay Holmes,CHC,4,+107,34564616,2026-08-26T01:40:00.0000000Z
2026-08-25T16:16:39.732882+00:00,2026-08-25,Clay Holmes,CHC,5,+244,34564616,2026-08-26T01:40:00.0000000Z
2026-08-25T16:16:39.732882+00:00,2026-08-25,Clay Holmes,CHC,6,+546,34564616,2026-08-26T01:40:00.0000000Z
2026-08-25T16:16:39.732882+00:00,2026-08-25,Clay Holmes,CHC,7,+1220,34564616,2026-08-26T01:40:00.0000000Z
2026-08-25T16:16:39.732882+00:00,2026-08-25,Taj Bradley,MIN,3,-2100,34564617,2026-08-26T01:40:00.0000000Z
2026-08-25T16:16:39.732882+00:00,2026-08-25,Taj Bradley,MIN,4,-630,34564617,2026-08-26T01:40:00.0000000Z
2026-08-25T16:16:39.732882+00:00,2026-08-25,Taj Bradley,MIN,5,-258,34564617,2026-08-26T01:40:00.0000000Z
2026-08-25T16:16:39.732882+00:00,2026-08-25,Taj Bradley,MIN,6,-120,34564617,2026-08-26T01:40:00.0000000Z
2026-08-25T16:16:39.732882+00:00,2026-08-25,Taj Bradley,MIN,7,+171,34564617,2026-08-26T01:40:00.0000000Z
2026-08-25T16:16:39.732882+00:00,2026-08-25,Taj Bradley,MIN,8,+337,34564617,2026-08-26T01:40:00.0000000Z
2026-08-25T16:16:39.732882+00:00,2026-08-25,Taj Bradley,MIN,9,+680,34564617,2026-08-26T01:40:00.0000000Z
2026-08-25T16:16:39.732882+00:00,2026-08-25,Taj Bradley,MIN,10,+1380,34564617,2026-08-26T01:40:00.0000000Z
2026-08-25T16:16:39.732882+00:00,2026-08-25,Gage Jump,OAK,3,-1060,34564617,2026-08-26T01:40:00.0000000Z
2026-08-25T16:16:39.732882+00:00,2026-08-25,Gage Jump,OAK,4,-363,34564617,2026-08-26T01:40:00.0000000Z
2026-08-25T16:16:39.732882+00:00,2026-08-25,Gage Jump,OAK,5,-156,34564617,2026-08-26T01:40:00.0000000Z
2026-08-25T16:16:39.732882+00:00,2026-08-25,Gage Jump,OAK,6,+137,34564617,2026-08-26T01:40:00.0000000Z
2026-08-25T16:16:39.732882+00:00,2026-08-25,Gage Jump,OAK,7,+282,34564617,2026-08-26T01:40:00.0000000Z
2026-08-25T16:16:39.732882+00:00,2026-08-25,Gage Jump,OAK,8,+588,34564617,2026-08-26T01:40:00.0000000Z
2026-08-25T16:16:39.732882+00:00,2026-08-25,Gage Jump,OAK,9,+1200,34564617,2026-08-26T01:40:00.0000000Z
2026-08-25T16:16:39.732882+00:00,2026-08-25,Paul Skenes,PIT,4,-1060,34564618,2026-08-26T01:40:00.0000000Z
2026-08-25T16:16:39.732882+00:00,2026-08-25,Paul Skenes,PIT,5,-395,34564618,2026-08-26T01:40:00.0000000Z
2026-08-25T16:16:39.732882+00:00,2026-08-25,Paul Skenes,PIT,6,-173,34564618,2026-08-26T01:40:00.0000000Z
2026-08-25T16:16:39.732882+00:00,2026-08-25,Paul Skenes,PIT,7,+123,34564618,2026-08-26T01:40:00.0000000Z
2026-08-25T16:16:39.732882+00:00,2026-08-25,Paul Skenes,PIT,8,+247,34564618,2026-08-26T01:40:00.0000000Z
2026-08-25T16:16:39.732882+00:00,2026-08-25,Paul Skenes,PIT,9,+498,34564618,2026-08-26T01:40:00.0000000Z
2026-08-25T16:16:39.732882+00:00,2026-08-25,Paul Skenes,PIT,10,+1000,34564618,2026-08-26T01:40:00.0000000Z
2026-08-25T16:16:39.732882+00:00,2026-08-25,Michael King,SD,3,-1560,34564618,2026-08-26T01:40:00.0000000Z
2026-08-25T16:16:39.732882+00:00,2026-08-25,Michael King,SD,4,-540,34564618,2026-08-26T01:40:00.0000000Z
2026-08-25T16:16:39.732882+00:00,2026-08-25,Michael King,SD,5,-230,34564618,2026-08-26T01:40:00.0000000Z
2026-08-25T16:16:39.732882+00:00,2026-08-25,Michael King,SD,6,-112,34564618,2026-08-26T01:40:00.0000000Z
2026-08-25T16:16:39.732882+00:00,2026-08-25,Michael King,SD,7,+179,34564618,2026-08-26T01:40:00.0000000Z
2026-08-25T16:16:39.732882+00:00,2026-08-25,Michael King,SD,8,+358,34564618,2026-08-26T01:40:00.0000000Z
2026-08-25T16:16:39.732882+00:00,2026-08-25,Michael King,SD,9,+730,34564618,2026-08-26T01:40:00.0000000Z
2026-08-25T16:16:39.732882+00:00,2026-08-25,Michael King,SD,10,+1380,34564618,2026-08-26T01:40:00.0000000Z
2026-08-25T16:16:39.732882+00:00,2026-08-25,Aaron Nola,PHI,3,-2500,34564619,2026-08-26T01:40:00.0000000Z
2026-08-25T16:16:39.732882+00:00,2026-08-25,Aaron Nola,PHI,4,-690,34564619,2026-08-26T01:40:00.0000000Z
2026-08-25T16:16:39.732882+00:00,2026-08-25,Aaron Nola,PHI,5,-273,34564619,2026-08-26T01:40:00.0000000Z
2026-08-25T16:16:39.732882+00:00,2026-08-25,Aaron Nola,PHI,6,-123,34564619,2026-08-26T01:40:00.0000000Z
2026-08-25T16:16:39.732882+00:00,2026-08-25,Aaron Nola,PHI,7,+165,34564619,2026-08-26T01:40:00.0000000Z
2026-08-25T16:16:39.732882+00:00,2026-08-25,Aaron Nola,PHI,8,+332,34564619,2026-08-26T01:40:00.0000000Z
2026-08-25T16:16:39.732882+00:00,2026-08-25,Aaron Nola,PHI,9,+680,34564619,2026-08-26T01:40:00.0000000Z
2026-08-25T16:16:39.732882+00:00,2026-08-25,Aaron Nola,PHI,10,+1340,34564619,2026-08-26T01:40:00.0000000Z
2026-08-25T16:16:39.732882+00:00,2026-08-25,George Kirby,SEA,3,-880,34564619,2026-08-26T01:40:00.0000000Z
2026-08-25T16:16:39.732882+00:00,2026-08-25,George Kirby,SEA,4,-305,34564619,2026-08-26T01:40:00.0000000Z
2026-08-25T16:16:39.732882+00:00,2026-08-25,George Kirby,SEA,5,-126,34564619,2026-08-26T01:40:00.0000000Z
2026-08-25T16:16:39.732882+00:00,2026-08-25,George Kirby,SEA,6,+176,34564619,2026-08-26T01:40:00.0000000Z
2026-08-25T16:16:39.732882+00:00,2026-08-25,George Kirby,SEA,7,+387,34564619,2026-08-26T01:40:00.0000000Z
2026-08-25T16:16:39.732882+00:00,2026-08-25,George Kirby,SEA,8,+810,34564619,2026-08-26T01:40:00.0000000Z
2026-08-25T16:16:39.732882+00:00,2026-08-25,George Kirby,SEA,9,+1660,34564619,2026-08-26T01:40:00.0000000Z
2026-08-25T16:16:39.732882+00:00,2026-08-25,Brady Singer,CIN,2,-1880,34564620,2026-08-26T01:45:00.0000000Z
2026-08-25T16:16:39.732882+00:00,2026-08-25,Brady Singer,CIN,3,-517,34564620,2026-08-26T01:45:00.0000000Z
2026-08-25T16:16:39.732882+00:00,2026-08-25,Brady Singer,CIN,4,-197,34564620,2026-08-26T01:45:00.0000000Z
2026-08-25T16:16:39.732882+00:00,2026-08-25,Brady Singer,CIN,5,+115,34564620,2026-08-26T01:45:00.0000000Z
2026-08-25T16:16:39.732882+00:00,2026-08-25,Brady Singer,CIN,6,+250,34564620,2026-08-26T01:45:00.0000000Z
2026-08-25T16:16:39.732882+00:00,2026-08-25,Brady Singer,CIN,7,+537,34564620,2026-08-26T01:45:00.0000000Z
2026-08-25T16:16:39.732882+00:00,2026-08-25,Brady Singer,CIN,8,+1180,34564620,2026-08-26T01:45:00.0000000Z
2026-08-25T16:16:39.732882+00:00,2026-08-25,Adrian Houser,SF,2,-1420,34564620,2026-08-26T01:45:00.0000000Z
2026-08-25T16:16:39.732882+00:00,2026-08-25,Adrian Houser,SF,3,-369,34564620,2026-08-26T01:45:00.0000000Z
2026-08-25T16:16:39.732882+00:00,2026-08-25,Adrian Houser,SF,4,-138,34564620,2026-08-26T01:45:00.0000000Z
2026-08-25T16:16:39.732882+00:00,2026-08-25,Adrian Houser,SF,5,+175,34564620,2026-08-26T01:45:00.0000000Z
2026-08-25T16:16:39.732882+00:00,2026-08-25,Adrian Houser,SF,6,+408,34564620,2026-08-26T01:45:00.0000000Z
2026-08-25T16:16:39.732882+00:00,2026-08-25,Adrian Houser,SF,7,+930,34564620,2026-08-26T01:45:00.0000000Z
2026-08-25T16:41:16.286590+00:00,2026-08-25,Ian Seymour,TB,3,-2100,34564606,2026-08-25T22:40:00.0000000Z
2026-08-25T16:41:16.286590+00:00,2026-08-25,Ian Seymour,TB,4,-600,34564606,2026-08-25T22:40:00.0000000Z
2026-08-25T16:41:16.286590+00:00,2026-08-25,Ian Seymour,TB,5,-249,34564606,2026-08-25T22:40:00.0000000Z
2026-08-25T16:41:16.286590+00:00,2026-08-25,Ian Seymour,TB,6,-114,34564606,2026-08-25T22:40:00.0000000Z
2026-08-25T16:41:16.286590+00:00,2026-08-25,Ian Seymour,TB,7,+181,34564606,2026-08-25T22:40:00.0000000Z
2026-08-25T16:41:16.286590+00:00,2026-08-25,Ian Seymour,TB,8,+363,34564606,2026-08-25T22:40:00.0000000Z
2026-08-25T16:41:16.286590+00:00,2026-08-25,Ian Seymour,TB,9,+740,34564606,2026-08-25T22:40:00.0000000Z
2026-08-25T16:41:16.286590+00:00,2026-08-25,Ian Seymour,TB,10,+1520,34564606,2026-08-25T22:40:00.0000000Z
2026-08-25T16:41:16.286590+00:00,2026-08-25,Jackson Jobe,DET,2,-780,34564606,2026-08-25T22:40:00.0000000Z
2026-08-25T16:41:16.286590+00:00,2026-08-25,Jackson Jobe,DET,3,-233,34564606,2026-08-25T22:40:00.0000000Z
2026-08-25T16:41:16.286590+00:00,2026-08-25,Jackson Jobe,DET,4,+111,34564606,2026-08-25T22:40:00.0000000Z
2026-08-25T16:41:16.286590+00:00,2026-08-25,Jackson Jobe,DET,5,+262,34564606,2026-08-25T22:40:00.0000000Z
2026-08-25T16:41:16.286590+00:00,2026-08-25,Jackson Jobe,DET,6,+610,34564606,2026-08-25T22:40:00.0000000Z
2026-08-25T16:41:16.286590+00:00,2026-08-25,Jackson Jobe,DET,7,+1360,34564606,2026-08-25T22:40:00.0000000Z
2026-08-25T16:41:16.286590+00:00,2026-08-25,Payton Tolle,BOS,4,-1180,34564607,2026-08-25T22:40:00.0000000Z
2026-08-25T16:41:16.286590+00:00,2026-08-25,Payton Tolle,BOS,5,-426,34564607,2026-08-25T22:40:00.0000000Z
2026-08-25T16:41:16.286590+00:00,2026-08-25,Payton Tolle,BOS,6,-180,34564607,2026-08-25T22:40:00.0000000Z
2026-08-25T16:41:16.286590+00:00,2026-08-25,Payton Tolle,BOS,7,+117,34564607,2026-08-25T22:40:00.0000000Z
2026-08-25T16:41:16.286590+00:00,2026-08-25,Payton Tolle,BOS,8,+236,34564607,2026-08-25T22:40:00.0000000Z
2026-08-25T16:41:16.286590+00:00,2026-08-25,Payton Tolle,BOS,9,+483,34564607,2026-08-25T22:40:00.0000000Z
2026-08-25T16:41:16.286590+00:00,2026-08-25,Payton Tolle,BOS,10,+980,34564607,2026-08-25T22:40:00.0000000Z
2026-08-25T16:41:16.286590+00:00,2026-08-25,Tyler Phillips,MIA,2,-1340,34564607,2026-08-25T22:40:00.0000000Z
2026-08-25T16:41:16.286590+00:00,2026-08-25,Tyler Phillips,MIA,3,-362,34564607,2026-08-25T22:40:00.0000000Z
2026-08-25T16:41:16.286590+00:00,2026-08-25,Tyler Phillips,MIA,4,-138,34564607,2026-08-25T22:40:00.0000000Z
2026-08-25T16:41:16.286590+00:00,2026-08-25,Tyler Phillips,MIA,5,+164,34564607,2026-08-25T22:40:00.0000000Z
2026-08-25T16:41:16.286590+00:00,2026-08-25,Tyler Phillips,MIA,6,+375,34564607,2026-08-25T22:40:00.0000000Z
2026-08-25T16:41:16.286590+00:00,2026-08-25,Tyler Phillips,MIA,7,+820,34564607,2026-08-25T22:40:00.0000000Z
2026-08-25T16:41:16.286590+00:00,2026-08-25,Tyler Phillips,MIA,8,+1780,34564607,2026-08-25T22:40:00.0000000Z
2026-08-25T16:41:16.286590+00:00,2026-08-25,Andrew Alvarez,WSH,3,-970,34564608,2026-08-25T22:45:00.0000000Z
2026-08-25T16:41:16.286590+00:00,2026-08-25,Andrew Alvarez,WSH,4,-338,34564608,2026-08-25T22:45:00.0000000Z
2026-08-25T16:41:16.286590+00:00,2026-08-25,Andrew Alvarez,WSH,5,-139,34564608,2026-08-25T22:45:00.0000000Z
2026-08-25T16:41:16.286590+00:00,2026-08-25,Andrew Alvarez,WSH,6,+153,34564608,2026-08-25T22:45:00.0000000Z
2026-08-25T16:41:16.286590+00:00,2026-08-25,Andrew Alvarez,WSH,7,+322,34564608,2026-08-25T22:45:00.0000000Z
2026-08-25T16:41:16.286590+00:00,2026-08-25,Andrew Alvarez,WSH,8,+660,34564608,2026-08-25T22:45:00.0000000Z
2026-08-25T16:41:16.286590+00:00,2026-08-25,Andrew Alvarez,WSH,9,+1340,34564608,2026-08-25T22:45:00.0000000Z
2026-08-25T16:41:16.286590+00:00,2026-08-25,Will Warren,NYY,3,-1080,34564609,2026-08-25T23:05:00.0000000Z
2026-08-25T16:41:16.286590+00:00,2026-08-25,Will Warren,NYY,4,-360,34564609,2026-08-25T23:05:00.0000000Z
2026-08-25T16:41:16.286590+00:00,2026-08-25,Will Warren,NYY,5,-153,34564609,2026-08-25T23:05:00.0000000Z
2026-08-25T16:41:16.286590+00:00,2026-08-25,Will Warren,NYY,6,+142,34564609,2026-08-25T23:05:00.0000000Z
2026-08-25T16:41:16.286590+00:00,2026-08-25,Will Warren,NYY,7,+296,34564609,2026-08-25T23:05:00.0000000Z
2026-08-25T16:41:16.286590+00:00,2026-08-25,Will Warren,NYY,8,+620,34564609,2026-08-25T23:05:00.0000000Z
2026-08-25T16:41:16.286590+00:00,2026-08-25,Will Warren,NYY,9,+1280,34564609,2026-08-25T23:05:00.0000000Z
2026-08-25T16:41:16.286590+00:00,2026-08-25,Ethan Pecko,HOU,2,-1940,34564609,2026-08-25T23:05:00.0000000Z
2026-08-25T16:41:16.286590+00:00,2026-08-25,Ethan Pecko,HOU,3,-486,34564609,2026-08-25T23:05:00.0000000Z
2026-08-25T16:41:16.286590+00:00,2026-08-25,Ethan Pecko,HOU,4,-185,34564609,2026-08-25T23:05:00.0000000Z
2026-08-25T16:41:16.286590+00:00,2026-08-25,Ethan Pecko,HOU,5,+124,34564609,2026-08-25T23:05:00.0000000Z
2026-08-25T16:41:16.286590+00:00,2026-08-25,Ethan Pecko,HOU,6,+269,34564609,2026-08-25T23:05:00.0000000Z
2026-08-25T16:41:16.286590+00:00,2026-08-25,Ethan Pecko,HOU,7,+597,34564609,2026-08-25T23:05:00.0000000Z
2026-08-25T16:41:16.286590+00:00,2026-08-25,Ethan Pecko,HOU,8,+1280,34564609,2026-08-25T23:05:00.0000000Z
2026-08-25T16:41:16.286590+00:00,2026-08-25,Max Scherzer,TOR,2,-1740,34564610,2026-08-25T23:07:00.0000000Z
2026-08-25T16:41:16.286590+00:00,2026-08-25,Max Scherzer,TOR,3,-446,34564610,2026-08-25T23:07:00.0000000Z
2026-08-25T16:41:16.286590+00:00,2026-08-25,Max Scherzer,TOR,4,-163,34564610,2026-08-25T23:07:00.0000000Z
2026-08-25T16:41:16.286590+00:00,2026-08-25,Max Scherzer,TOR,5,+142,34564610,2026-08-25T23:07:00.0000000Z
2026-08-25T16:41:16.286590+00:00,2026-08-25,Max Scherzer,TOR,6,+319,34564610,2026-08-25T23:07:00.0000000Z
2026-08-25T16:41:16.286590+00:00,2026-08-25,Max Scherzer,TOR,7,+710,34564610,2026-08-25T23:07:00.0000000Z
2026-08-25T16:41:16.286590+00:00,2026-08-25,Max Scherzer,TOR,8,+1520,34564610,2026-08-25T23:07:00.0000000Z
2026-08-25T16:41:16.286590+00:00,2026-08-25,Seth Lugo,KC,2,-1100,34564610,2026-08-25T23:07:00.0000000Z
2026-08-25T16:41:16.286590+00:00,2026-08-25,Seth Lugo,KC,3,-326,34564610,2026-08-25T23:07:00.0000000Z
2026-08-25T16:41:16.286590+00:00,2026-08-25,Seth Lugo,KC,4,-131,34564610,2026-08-25T23:07:00.0000000Z
2026-08-25T16:41:16.286590+00:00,2026-08-25,Seth Lugo,KC,5,+178,34564610,2026-08-25T23:07:00.0000000Z
2026-08-25T16:41:16.286590+00:00,2026-08-25,Seth Lugo,KC,6,+392,34564610,2026-08-25T23:07:00.0000000Z
2026-08-25T16:41:16.286590+00:00,2026-08-25,Seth Lugo,KC,7,+840,34564610,2026-08-25T23:07:00.0000000Z
2026-08-25T16:41:16.286590+00:00,2026-08-25,Seth Lugo,KC,8,+1740,34564610,2026-08-25T23:07:00.0000000Z
2026-08-25T16:41:16.286590+00:00,2026-08-25,Kyle Harrison,MIL,3,-3000,34564611,2026-08-25T23:10:00.0000000Z
2026-08-25T16:41:16.286590+00:00,2026-08-25,Kyle Harrison,MIL,4,-760,34564611,2026-08-25T23:10:00.0000000Z
2026-08-25T16:41:16.286590+00:00,2026-08-25,Kyle Harrison,MIL,5,-281,34564611,2026-08-25T23:10:00.0000000Z
2026-08-25T16:41:16.286590+00:00,2026-08-25,Kyle Harrison,MIL,6,-126,34564611,2026-08-25T23:10:00.0000000Z
2026-08-25T16:41:16.286590+00:00,2026-08-25,Kyle Harrison,MIL,7,+167,34564611,2026-08-25T23:10:00.0000000Z
2026-08-25T16:41:16.286590+00:00,2026-08-25,Kyle Harrison,MIL,8,+346,34564611,2026-08-25T23:10:00.0000000Z
2026-08-25T16:41:16.286590+00:00,2026-08-25,Kyle Harrison,MIL,9,+730,34564611,2026-08-25T23:10:00.0000000Z
2026-08-25T16:41:16.286590+00:00,2026-08-25,Kyle Harrison,MIL,10,+1440,34564611,2026-08-25T23:10:00.0000000Z
2026-08-25T16:41:16.286590+00:00,2026-08-25,Zac Thornton,NYM,2,-2100,34564611,2026-08-25T23:10:00.0000000Z
2026-08-25T16:41:16.286590+00:00,2026-08-25,Zac Thornton,NYM,3,-495,34564611,2026-08-25T23:10:00.0000000Z
2026-08-25T16:41:16.286590+00:00,2026-08-25,Zac Thornton,NYM,4,-185,34564611,2026-08-25T23:10:00.0000000Z
2026-08-25T16:41:16.286590+00:00,2026-08-25,Zac Thornton,NYM,5,+126,34564611,2026-08-25T23:10:00.0000000Z
2026-08-25T16:41:16.286590+00:00,2026-08-25,Zac Thornton,NYM,6,+274,34564611,2026-08-25T23:10:00.0000000Z
2026-08-25T16:41:16.286590+00:00,2026-08-25,Zac Thornton,NYM,7,+596,34564611,2026-08-25T23:10:00.0000000Z
2026-08-25T16:41:16.286590+00:00,2026-08-25,Zac Thornton,NYM,8,+1260,34564611,2026-08-25T23:10:00.0000000Z
2026-08-25T16:41:16.286590+00:00,2026-08-25,Tyler Glasnow,LAD,3,-4000,34564612,2026-08-25T23:15:00.0000000Z
2026-08-25T16:41:16.286590+00:00,2026-08-25,Tyler Glasnow,LAD,4,-950,34564612,2026-08-25T23:15:00.0000000Z
2026-08-25T16:41:16.286590+00:00,2026-08-25,Tyler Glasnow,LAD,5,-357,34564612,2026-08-25T23:15:00.0000000Z
2026-08-25T16:41:16.286590+00:00,2026-08-25,Tyler Glasnow,LAD,6,-160,34564612,2026-08-25T23:15:00.0000000Z
2026-08-25T16:41:16.286590+00:00,2026-08-25,Tyler Glasnow,LAD,7,+132,34564612,2026-08-25T23:15:00.0000000Z
2026-08-25T16:41:16.286590+00:00,2026-08-25,Tyler Glasnow,LAD,8,+269,34564612,2026-08-25T23:15:00.0000000Z
2026-08-25T16:41:16.286590+00:00,2026-08-25,Tyler Glasnow,LAD,9,+548,34564612,2026-08-25T23:15:00.0000000Z
2026-08-25T16:41:16.286590+00:00,2026-08-25,Tyler Glasnow,LAD,10,+1140,34564612,2026-08-25T23:15:00.0000000Z
2026-08-25T16:41:16.286590+00:00,2026-08-25,Bryce Elder,ATL,2,-1980,34564612,2026-08-25T23:15:00.0000000Z
2026-08-25T16:41:16.286590+00:00,2026-08-25,Bryce Elder,ATL,3,-482,34564612,2026-08-25T23:15:00.0000000Z
2026-08-25T16:41:16.286590+00:00,2026-08-25,Bryce Elder,ATL,4,-182,34564612,2026-08-25T23:15:00.0000000Z
2026-08-25T16:41:16.286590+00:00,2026-08-25,Bryce Elder,ATL,5,+129,34564612,2026-08-25T23:15:00.0000000Z
2026-08-25T16:41:16.286590+00:00,2026-08-25,Bryce Elder,ATL,6,+283,34564612,2026-08-25T23:15:00.0000000Z
2026-08-25T16:41:16.286590+00:00,2026-08-25,Bryce Elder,ATL,7,+610,34564612,2026-08-25T23:15:00.0000000Z
2026-08-25T16:41:16.286590+00:00,2026-08-25,Bryce Elder,ATL,8,+1280,34564612,2026-08-25T23:15:00.0000000Z
2026-08-25T16:41:16.286590+00:00,2026-08-25,Jacob deGrom,TEX,4,-1820,34564613,2026-08-25T23:40:00.0000000Z
2026-08-25T16:41:16.286590+00:00,2026-08-25,Jacob deGrom,TEX,5,-586,34564613,2026-08-25T23:40:00.0000000Z
2026-08-25T16:41:16.286590+00:00,2026-08-25,Jacob deGrom,TEX,6,-246,34564613,2026-08-25T23:40:00.0000000Z
2026-08-25T16:41:16.286590+00:00,2026-08-25,Jacob deGrom,TEX,7,-117,34564613,2026-08-25T23:40:00.0000000Z
2026-08-25T16:41:16.286590+00:00,2026-08-25,Jacob deGrom,TEX,8,+175,34564613,2026-08-25T23:40:00.0000000Z
2026-08-25T16:41:16.286590+00:00,2026-08-25,Jacob deGrom,TEX,9,+358,34564613,2026-08-25T23:40:00.0000000Z
2026-08-25T16:41:16.286590+00:00,2026-08-25,Jacob deGrom,TEX,10,+700,34564613,2026-08-25T23:40:00.0000000Z
2026-08-25T16:41:16.286590+00:00,2026-08-25,Jacob deGrom,TEX,11,+1400,34564613,2026-08-25T23:40:00.0000000Z
2026-08-25T16:41:16.286590+00:00,2026-08-25,Anthony Kay,CWS,3,-900,34564613,2026-08-25T23:40:00.0000000Z
2026-08-25T16:41:16.286590+00:00,2026-08-25,Anthony Kay,CWS,4,-311,34564613,2026-08-25T23:40:00.0000000Z
2026-08-25T16:41:16.286590+00:00,2026-08-25,Anthony Kay,CWS,5,-131,34564613,2026-08-25T23:40:00.0000000Z
2026-08-25T16:41:16.286590+00:00,2026-08-25,Anthony Kay,CWS,6,+170,34564613,2026-08-25T23:40:00.0000000Z
2026-08-25T16:41:16.286590+00:00,2026-08-25,Anthony Kay,CWS,7,+362,34564613,2026-08-25T23:40:00.0000000Z
2026-08-25T16:41:16.286590+00:00,2026-08-25,Anthony Kay,CWS,8,+780,34564613,2026-08-25T23:40:00.0000000Z
2026-08-25T16:41:16.286590+00:00,2026-08-25,Anthony Kay,CWS,9,+1620,34564613,2026-08-25T23:40:00.0000000Z
2026-08-25T16:41:16.286590+00:00,2026-08-25,Chris Bassitt,BAL,2,-1120,34564614,2026-08-25T23:45:00.0000000Z
2026-08-25T16:41:16.286590+00:00,2026-08-25,Chris Bassitt,BAL,3,-322,34564614,2026-08-25T23:45:00.0000000Z
2026-08-25T16:41:16.286590+00:00,2026-08-25,Chris Bassitt,BAL,4,-125,34564614,2026-08-25T23:45:00.0000000Z
2026-08-25T16:41:16.286590+00:00,2026-08-25,Chris Bassitt,BAL,5,+181,34564614,2026-08-25T23:45:00.0000000Z
2026-08-25T16:41:16.286590+00:00,2026-08-25,Chris Bassitt,BAL,6,+407,34564614,2026-08-25T23:45:00.0000000Z
2026-08-25T16:41:16.286590+00:00,2026-08-25,Chris Bassitt,BAL,7,+900,34564614,2026-08-25T23:45:00.0000000Z
2026-08-25T16:41:16.286590+00:00,2026-08-25,Gavin Williams,CLE,5,-1340,34564615,2026-08-26T01:38:00.0000000Z
2026-08-25T16:41:16.286590+00:00,2026-08-25,Gavin Williams,CLE,6,-581,34564615,2026-08-26T01:38:00.0000000Z
2026-08-25T16:41:16.286590+00:00,2026-08-25,Gavin Williams,CLE,7,-284,34564615,2026-08-26T01:38:00.0000000Z
2026-08-25T16:41:16.286590+00:00,2026-08-25,Gavin Williams,CLE,8,-153,34564615,2026-08-26T01:38:00.0000000Z
2026-08-25T16:41:16.286590+00:00,2026-08-25,Gavin Williams,CLE,9,+117,34564615,2026-08-26T01:38:00.0000000Z
2026-08-25T16:41:16.286590+00:00,2026-08-25,Gavin Williams,CLE,10,+204,34564615,2026-08-26T01:38:00.0000000Z
2026-08-25T16:41:16.286590+00:00,2026-08-25,Gavin Williams,CLE,11,+356,34564615,2026-08-26T01:38:00.0000000Z
2026-08-25T16:41:16.286590+00:00,2026-08-25,Gavin Williams,CLE,12,+640,34564615,2026-08-26T01:38:00.0000000Z
2026-08-25T16:41:16.286590+00:00,2026-08-25,Gavin Williams,CLE,13,+1140,34564615,2026-08-26T01:38:00.0000000Z
2026-08-25T16:41:16.286590+00:00,2026-08-25,Walbert Urena,LAA,2,-2000,34564615,2026-08-26T01:38:00.0000000Z
2026-08-25T16:41:16.286590+00:00,2026-08-25,Walbert Urena,LAA,3,-495,34564615,2026-08-26T01:38:00.0000000Z
2026-08-25T16:41:16.286590+00:00,2026-08-25,Walbert Urena,LAA,4,-183,34564615,2026-08-26T01:38:00.0000000Z
2026-08-25T16:41:16.286590+00:00,2026-08-25,Walbert Urena,LAA,5,+126,34564615,2026-08-26T01:38:00.0000000Z
2026-08-25T16:41:16.286590+00:00,2026-08-25,Walbert Urena,LAA,6,+279,34564615,2026-08-26T01:38:00.0000000Z
2026-08-25T16:41:16.286590+00:00,2026-08-25,Walbert Urena,LAA,7,+600,34564615,2026-08-26T01:38:00.0000000Z
2026-08-25T16:41:16.286590+00:00,2026-08-25,Walbert Urena,LAA,8,+1240,34564615,2026-08-26T01:38:00.0000000Z
2026-08-25T16:41:16.286590+00:00,2026-08-25,Brandon Pfaadt,ARI,2,-2700,34564616,2026-08-26T01:40:00.0000000Z
2026-08-25T16:41:16.286590+00:00,2026-08-25,Brandon Pfaadt,ARI,3,-565,34564616,2026-08-26T01:40:00.0000000Z
2026-08-25T16:41:16.286590+00:00,2026-08-25,Brandon Pfaadt,ARI,4,-209,34564616,2026-08-26T01:40:00.0000000Z
2026-08-25T16:41:16.286590+00:00,2026-08-25,Brandon Pfaadt,ARI,5,+112,34564616,2026-08-26T01:40:00.0000000Z
2026-08-25T16:41:16.286590+00:00,2026-08-25,Brandon Pfaadt,ARI,6,+257,34564616,2026-08-26T01:40:00.0000000Z
2026-08-25T16:41:16.286590+00:00,2026-08-25,Brandon Pfaadt,ARI,7,+562,34564616,2026-08-26T01:40:00.0000000Z
2026-08-25T16:41:16.286590+00:00,2026-08-25,Brandon Pfaadt,ARI,8,+1220,34564616,2026-08-26T01:40:00.0000000Z
2026-08-25T16:41:16.286590+00:00,2026-08-25,Clay Holmes,CHC,2,-740,34564616,2026-08-26T01:40:00.0000000Z
2026-08-25T16:41:16.286590+00:00,2026-08-25,Clay Holmes,CHC,3,-230,34564616,2026-08-26T01:40:00.0000000Z
2026-08-25T16:41:16.286590+00:00,2026-08-25,Clay Holmes,CHC,4,+107,34564616,2026-08-26T01:40:00.0000000Z
2026-08-25T16:41:16.286590+00:00,2026-08-25,Clay Holmes,CHC,5,+244,34564616,2026-08-26T01:40:00.0000000Z
2026-08-25T16:41:16.286590+00:00,2026-08-25,Clay Holmes,CHC,6,+546,34564616,2026-08-26T01:40:00.0000000Z
2026-08-25T16:41:16.286590+00:00,2026-08-25,Clay Holmes,CHC,7,+1220,34564616,2026-08-26T01:40:00.0000000Z
2026-08-25T16:41:16.286590+00:00,2026-08-25,Taj Bradley,MIN,3,-2100,34564617,2026-08-26T01:40:00.0000000Z
2026-08-25T16:41:16.286590+00:00,2026-08-25,Taj Bradley,MIN,4,-630,34564617,2026-08-26T01:40:00.0000000Z
2026-08-25T16:41:16.286590+00:00,2026-08-25,Taj Bradley,MIN,5,-258,34564617,2026-08-26T01:40:00.0000000Z
2026-08-25T16:41:16.286590+00:00,2026-08-25,Taj Bradley,MIN,6,-120,34564617,2026-08-26T01:40:00.0000000Z
2026-08-25T16:41:16.286590+00:00,2026-08-25,Taj Bradley,MIN,7,+171,34564617,2026-08-26T01:40:00.0000000Z
2026-08-25T16:41:16.286590+00:00,2026-08-25,Taj Bradley,MIN,8,+337,34564617,2026-08-26T01:40:00.0000000Z
2026-08-25T16:41:16.286590+00:00,2026-08-25,Taj Bradley,MIN,9,+680,34564617,2026-08-26T01:40:00.0000000Z
2026-08-25T16:41:16.286590+00:00,2026-08-25,Taj Bradley,MIN,10,+1380,34564617,2026-08-26T01:40:00.0000000Z
2026-08-25T16:41:16.286590+00:00,2026-08-25,Gage Jump,OAK,3,-1160,34564617,2026-08-26T01:40:00.0000000Z
2026-08-25T16:41:16.286590+00:00,2026-08-25,Gage Jump,OAK,4,-390,34564617,2026-08-26T01:40:00.0000000Z
2026-08-25T16:41:16.286590+00:00,2026-08-25,Gage Jump,OAK,5,-167,34564617,2026-08-26T01:40:00.0000000Z
2026-08-25T16:41:16.286590+00:00,2026-08-25,Gage Jump,OAK,6,+127,34564617,2026-08-26T01:40:00.0000000Z
2026-08-25T16:41:16.286590+00:00,2026-08-25,Gage Jump,OAK,7,+263,34564617,2026-08-26T01:40:00.0000000Z
2026-08-25T16:41:16.286590+00:00,2026-08-25,Gage Jump,OAK,8,+546,34564617,2026-08-26T01:40:00.0000000Z
2026-08-25T16:41:16.286590+00:00,2026-08-25,Gage Jump,OAK,9,+1120,34564617,2026-08-26T01:40:00.0000000Z
2026-08-25T16:41:16.286590+00:00,2026-08-25,Paul Skenes,PIT,4,-970,34564618,2026-08-26T01:40:00.0000000Z
2026-08-25T16:41:16.286590+00:00,2026-08-25,Paul Skenes,PIT,5,-370,34564618,2026-08-26T01:40:00.0000000Z
2026-08-25T16:41:16.286590+00:00,2026-08-25,Paul Skenes,PIT,6,-164,34564618,2026-08-26T01:40:00.0000000Z
2026-08-25T16:41:16.286590+00:00,2026-08-25,Paul Skenes,PIT,7,+129,34564618,2026-08-26T01:40:00.0000000Z
2026-08-25T16:41:16.286590+00:00,2026-08-25,Paul Skenes,PIT,8,+262,34564618,2026-08-26T01:40:00.0000000Z
2026-08-25T16:41:16.286590+00:00,2026-08-25,Paul Skenes,PIT,9,+520,34564618,2026-08-26T01:40:00.0000000Z
2026-08-25T16:41:16.286590+00:00,2026-08-25,Paul Skenes,PIT,10,+1060,34564618,2026-08-26T01:40:00.0000000Z
2026-08-25T16:41:16.286590+00:00,2026-08-25,Michael King,SD,3,-1320,34564618,2026-08-26T01:40:00.0000000Z
2026-08-25T16:41:16.286590+00:00,2026-08-25,Michael King,SD,4,-475,34564618,2026-08-26T01:40:00.0000000Z
2026-08-25T16:41:16.286590+00:00,2026-08-25,Michael King,SD,5,-204,34564618,2026-08-26T01:40:00.0000000Z
2026-08-25T16:41:16.286590+00:00,2026-08-25,Michael King,SD,6,+102,34564618,2026-08-26T01:40:00.0000000Z
2026-08-25T16:41:16.286590+00:00,2026-08-25,Michael King,SD,7,+208,34564618,2026-08-26T01:40:00.0000000Z
2026-08-25T16:41:16.286590+00:00,2026-08-25,Michael King,SD,8,+420,34564618,2026-08-26T01:40:00.0000000Z
2026-08-25T16:41:16.286590+00:00,2026-08-25,Michael King,SD,9,+870,34564618,2026-08-26T01:40:00.0000000Z
2026-08-25T16:41:16.286590+00:00,2026-08-25,Michael King,SD,10,+1660,34564618,2026-08-26T01:40:00.0000000Z
2026-08-25T16:41:16.286590+00:00,2026-08-25,Aaron Nola,PHI,3,-2500,34564619,2026-08-26T01:40:00.0000000Z
2026-08-25T16:41:16.286590+00:00,2026-08-25,Aaron Nola,PHI,4,-690,34564619,2026-08-26T01:40:00.0000000Z
2026-08-25T16:41:16.286590+00:00,2026-08-25,Aaron Nola,PHI,5,-273,34564619,2026-08-26T01:40:00.0000000Z
2026-08-25T16:41:16.286590+00:00,2026-08-25,Aaron Nola,PHI,6,-123,34564619,2026-08-26T01:40:00.0000000Z
2026-08-25T16:41:16.286590+00:00,2026-08-25,Aaron Nola,PHI,7,+165,34564619,2026-08-26T01:40:00.0000000Z
2026-08-25T16:41:16.286590+00:00,2026-08-25,Aaron Nola,PHI,8,+332,34564619,2026-08-26T01:40:00.0000000Z
2026-08-25T16:41:16.286590+00:00,2026-08-25,Aaron Nola,PHI,9,+680,34564619,2026-08-26T01:40:00.0000000Z
2026-08-25T16:41:16.286590+00:00,2026-08-25,Aaron Nola,PHI,10,+1340,34564619,2026-08-26T01:40:00.0000000Z
2026-08-25T16:41:16.286590+00:00,2026-08-25,George Kirby,SEA,3,-880,34564619,2026-08-26T01:40:00.0000000Z
2026-08-25T16:41:16.286590+00:00,2026-08-25,George Kirby,SEA,4,-305,34564619,2026-08-26T01:40:00.0000000Z
2026-08-25T16:41:16.286590+00:00,2026-08-25,George Kirby,SEA,5,-126,34564619,2026-08-26T01:40:00.0000000Z
2026-08-25T16:41:16.286590+00:00,2026-08-25,George Kirby,SEA,6,+176,34564619,2026-08-26T01:40:00.0000000Z
2026-08-25T16:41:16.286590+00:00,2026-08-25,George Kirby,SEA,7,+387,34564619,2026-08-26T01:40:00.0000000Z
2026-08-25T16:41:16.286590+00:00,2026-08-25,George Kirby,SEA,8,+810,34564619,2026-08-26T01:40:00.0000000Z
2026-08-25T16:41:16.286590+00:00,2026-08-25,George Kirby,SEA,9,+1660,34564619,2026-08-26T01:40:00.0000000Z
2026-08-25T16:41:16.286590+00:00,2026-08-25,Brady Singer,CIN,2,-1880,34564620,2026-08-26T01:45:00.0000000Z
2026-08-25T16:41:16.286590+00:00,2026-08-25,Brady Singer,CIN,3,-517,34564620,2026-08-26T01:45:00.0000000Z
2026-08-25T16:41:16.286590+00:00,2026-08-25,Brady Singer,CIN,4,-197,34564620,2026-08-26T01:45:00.0000000Z
2026-08-25T16:41:16.286590+00:00,2026-08-25,Brady Singer,CIN,5,+115,34564620,2026-08-26T01:45:00.0000000Z
2026-08-25T16:41:16.286590+00:00,2026-08-25,Brady Singer,CIN,6,+250,34564620,2026-08-26T01:45:00.0000000Z
2026-08-25T16:41:16.286590+00:00,2026-08-25,Brady Singer,CIN,7,+537,34564620,2026-08-26T01:45:00.0000000Z
2026-08-25T16:41:16.286590+00:00,2026-08-25,Brady Singer,CIN,8,+1180,34564620,2026-08-26T01:45:00.0000000Z
2026-08-25T16:41:16.286590+00:00,2026-08-25,Adrian Houser,SF,2,-1420,34564620,2026-08-26T01:45:00.0000000Z
2026-08-25T16:41:16.286590+00:00,2026-08-25,Adrian Houser,SF,3,-369,34564620,2026-08-26T01:45:00.0000000Z
2026-08-25T16:41:16.286590+00:00,2026-08-25,Adrian Houser,SF,4,-138,34564620,2026-08-26T01:45:00.0000000Z
2026-08-25T16:41:16.286590+00:00,2026-08-25,Adrian Houser,SF,5,+175,34564620,2026-08-26T01:45:00.0000000Z
2026-08-25T16:41:16.286590+00:00,2026-08-25,Adrian Houser,SF,6,+408,34564620,2026-08-26T01:45:00.0000000Z
2026-08-25T16:41:16.286590+00:00,2026-08-25,Adrian Houser,SF,7,+930,34564620,2026-08-26T01:45:00.0000000Z
2026-08-25T19:01:13.159166+00:00,2026-08-25,Jackson Jobe,DET,2,-790,34564606,2026-08-25T22:40:00.0000000Z
2026-08-25T19:01:13.159166+00:00,2026-08-25,Jackson Jobe,DET,3,-233,34564606,2026-08-25T22:40:00.0000000Z
2026-08-25T19:01:13.159166+00:00,2026-08-25,Jackson Jobe,DET,4,+111,34564606,2026-08-25T22:40:00.0000000Z
2026-08-25T19:01:13.159166+00:00,2026-08-25,Jackson Jobe,DET,5,+265,34564606,2026-08-25T22:40:00.0000000Z
2026-08-25T19:01:13.159166+00:00,2026-08-25,Jackson Jobe,DET,6,+630,34564606,2026-08-25T22:40:00.0000000Z
2026-08-25T19:01:13.159166+00:00,2026-08-25,Jackson Jobe,DET,7,+1380,34564606,2026-08-25T22:40:00.0000000Z
2026-08-25T19:01:13.159166+00:00,2026-08-25,Payton Tolle,BOS,4,-1240,34564607,2026-08-25T22:40:00.0000000Z
2026-08-25T19:01:13.159166+00:00,2026-08-25,Payton Tolle,BOS,5,-429,34564607,2026-08-25T22:40:00.0000000Z
2026-08-25T19:01:13.159166+00:00,2026-08-25,Payton Tolle,BOS,6,-188,34564607,2026-08-25T22:40:00.0000000Z
2026-08-25T19:01:13.159166+00:00,2026-08-25,Payton Tolle,BOS,7,+114,34564607,2026-08-25T22:40:00.0000000Z
2026-08-25T19:01:13.159166+00:00,2026-08-25,Payton Tolle,BOS,8,+233,34564607,2026-08-25T22:40:00.0000000Z
2026-08-25T19:01:13.159166+00:00,2026-08-25,Payton Tolle,BOS,9,+488,34564607,2026-08-25T22:40:00.0000000Z
2026-08-25T19:01:13.159166+00:00,2026-08-25,Payton Tolle,BOS,10,+970,34564607,2026-08-25T22:40:00.0000000Z
2026-08-25T19:01:13.159166+00:00,2026-08-25,Tyler Phillips,MIA,2,-1280,34564607,2026-08-25T22:40:00.0000000Z
2026-08-25T19:01:13.159166+00:00,2026-08-25,Tyler Phillips,MIA,3,-337,34564607,2026-08-25T22:40:00.0000000Z
2026-08-25T19:01:13.159166+00:00,2026-08-25,Tyler Phillips,MIA,4,-133,34564607,2026-08-25T22:40:00.0000000Z
2026-08-25T19:01:13.159166+00:00,2026-08-25,Tyler Phillips,MIA,5,+173,34564607,2026-08-25T22:40:00.0000000Z
2026-08-25T19:01:13.159166+00:00,2026-08-25,Tyler Phillips,MIA,6,+392,34564607,2026-08-25T22:40:00.0000000Z
2026-08-25T19:01:13.159166+00:00,2026-08-25,Tyler Phillips,MIA,7,+870,34564607,2026-08-25T22:40:00.0000000Z
2026-08-25T19:01:13.159166+00:00,2026-08-25,Andrew Alvarez,WSH,3,-970,34564608,2026-08-25T22:45:00.0000000Z
2026-08-25T19:01:13.159166+00:00,2026-08-25,Andrew Alvarez,WSH,4,-332,34564608,2026-08-25T22:45:00.0000000Z
2026-08-25T19:01:13.159166+00:00,2026-08-25,Andrew Alvarez,WSH,5,-138,34564608,2026-08-25T22:45:00.0000000Z
2026-08-25T19:01:13.159166+00:00,2026-08-25,Andrew Alvarez,WSH,6,+155,34564608,2026-08-25T22:45:00.0000000Z
2026-08-25T19:01:13.159166+00:00,2026-08-25,Andrew Alvarez,WSH,7,+329,34564608,2026-08-25T22:45:00.0000000Z
2026-08-25T19:01:13.159166+00:00,2026-08-25,Andrew Alvarez,WSH,8,+680,34564608,2026-08-25T22:45:00.0000000Z
2026-08-25T19:01:13.159166+00:00,2026-08-25,Andrew Alvarez,WSH,9,+1420,34564608,2026-08-25T22:45:00.0000000Z
2026-08-25T19:01:13.159166+00:00,2026-08-25,Will Warren,NYY,3,-1120,34564609,2026-08-25T23:05:00.0000000Z
2026-08-25T19:01:13.159166+00:00,2026-08-25,Will Warren,NYY,4,-370,34564609,2026-08-25T23:05:00.0000000Z
2026-08-25T19:01:13.159166+00:00,2026-08-25,Will Warren,NYY,5,-157,34564609,2026-08-25T23:05:00.0000000Z
2026-08-25T19:01:13.159166+00:00,2026-08-25,Will Warren,NYY,6,+137,34564609,2026-08-25T23:05:00.0000000Z
2026-08-25T19:01:13.159166+00:00,2026-08-25,Will Warren,NYY,7,+287,34564609,2026-08-25T23:05:00.0000000Z
2026-08-25T19:01:13.159166+00:00,2026-08-25,Will Warren,NYY,8,+600,34564609,2026-08-25T23:05:00.0000000Z
2026-08-25T19:01:13.159166+00:00,2026-08-25,Will Warren,NYY,9,+1280,34564609,2026-08-25T23:05:00.0000000Z
2026-08-25T19:01:13.159166+00:00,2026-08-25,Ethan Pecko,HOU,2,-1940,34564609,2026-08-25T23:05:00.0000000Z
2026-08-25T19:01:13.159166+00:00,2026-08-25,Ethan Pecko,HOU,3,-486,34564609,2026-08-25T23:05:00.0000000Z
2026-08-25T19:01:13.159166+00:00,2026-08-25,Ethan Pecko,HOU,4,-185,34564609,2026-08-25T23:05:00.0000000Z
2026-08-25T19:01:13.159166+00:00,2026-08-25,Ethan Pecko,HOU,5,+124,34564609,2026-08-25T23:05:00.0000000Z
2026-08-25T19:01:13.159166+00:00,2026-08-25,Ethan Pecko,HOU,6,+269,34564609,2026-08-25T23:05:00.0000000Z
2026-08-25T19:01:13.159166+00:00,2026-08-25,Ethan Pecko,HOU,7,+597,34564609,2026-08-25T23:05:00.0000000Z
2026-08-25T19:01:13.159166+00:00,2026-08-25,Ethan Pecko,HOU,8,+1280,34564609,2026-08-25T23:05:00.0000000Z
2026-08-25T19:01:13.159166+00:00,2026-08-25,Max Scherzer,TOR,2,-1800,34564610,2026-08-25T23:07:00.0000000Z
2026-08-25T19:01:13.159166+00:00,2026-08-25,Max Scherzer,TOR,3,-456,34564610,2026-08-25T23:07:00.0000000Z
2026-08-25T19:01:13.159166+00:00,2026-08-25,Max Scherzer,TOR,4,-166,34564610,2026-08-25T23:07:00.0000000Z
2026-08-25T19:01:13.159166+00:00,2026-08-25,Max Scherzer,TOR,5,+140,34564610,2026-08-25T23:07:00.0000000Z
2026-08-25T19:01:13.159166+00:00,2026-08-25,Max Scherzer,TOR,6,+314,34564610,2026-08-25T23:07:00.0000000Z
2026-08-25T19:01:13.159166+00:00,2026-08-25,Max Scherzer,TOR,7,+680,34564610,2026-08-25T23:07:00.0000000Z
2026-08-25T19:01:13.159166+00:00,2026-08-25,Max Scherzer,TOR,8,+1480,34564610,2026-08-25T23:07:00.0000000Z
2026-08-25T19:01:13.159166+00:00,2026-08-25,Seth Lugo,KC,2,-960,34564610,2026-08-25T23:07:00.0000000Z
2026-08-25T19:01:13.159166+00:00,2026-08-25,Seth Lugo,KC,3,-293,34564610,2026-08-25T23:07:00.0000000Z
2026-08-25T19:01:13.159166+00:00,2026-08-25,Seth Lugo,KC,4,-116,34564610,2026-08-25T23:07:00.0000000Z
2026-08-25T19:01:13.159166+00:00,2026-08-25,Seth Lugo,KC,5,+197,34564610,2026-08-25T23:07:00.0000000Z
2026-08-25T19:01:13.159166+00:00,2026-08-25,Seth Lugo,KC,6,+441,34564610,2026-08-25T23:07:00.0000000Z
2026-08-25T19:01:13.159166+00:00,2026-08-25,Seth Lugo,KC,7,+950,34564610,2026-08-25T23:07:00.0000000Z
2026-08-25T19:01:13.159166+00:00,2026-08-25,Kyle Harrison,MIL,3,-3100,34564611,2026-08-25T23:10:00.0000000Z
2026-08-25T19:01:13.159166+00:00,2026-08-25,Kyle Harrison,MIL,4,-760,34564611,2026-08-25T23:10:00.0000000Z
2026-08-25T19:01:13.159166+00:00,2026-08-25,Kyle Harrison,MIL,5,-284,34564611,2026-08-25T23:10:00.0000000Z
2026-08-25T19:01:13.159166+00:00,2026-08-25,Kyle Harrison,MIL,6,-126,34564611,2026-08-25T23:10:00.0000000Z
2026-08-25T19:01:13.159166+00:00,2026-08-25,Kyle Harrison,MIL,7,+170,34564611,2026-08-25T23:10:00.0000000Z
2026-08-25T19:01:13.159166+00:00,2026-08-25,Kyle Harrison,MIL,8,+351,34564611,2026-08-25T23:10:00.0000000Z
2026-08-25T19:01:13.159166+00:00,2026-08-25,Kyle Harrison,MIL,9,+740,34564611,2026-08-25T23:10:00.0000000Z
2026-08-25T19:01:13.159166+00:00,2026-08-25,Kyle Harrison,MIL,10,+1440,34564611,2026-08-25T23:10:00.0000000Z
2026-08-25T19:01:13.159166+00:00,2026-08-25,Zac Thornton,NYM,2,-2200,34564611,2026-08-25T23:10:00.0000000Z
2026-08-25T19:01:13.159166+00:00,2026-08-25,Zac Thornton,NYM,3,-513,34564611,2026-08-25T23:10:00.0000000Z
2026-08-25T19:01:13.159166+00:00,2026-08-25,Zac Thornton,NYM,4,-193,34564611,2026-08-25T23:10:00.0000000Z
2026-08-25T19:01:13.159166+00:00,2026-08-25,Zac Thornton,NYM,5,+121,34564611,2026-08-25T23:10:00.0000000Z
2026-08-25T19:01:13.159166+00:00,2026-08-25,Zac Thornton,NYM,6,+265,34564611,2026-08-25T23:10:00.0000000Z
2026-08-25T19:01:13.159166+00:00,2026-08-25,Zac Thornton,NYM,7,+572,34564611,2026-08-25T23:10:00.0000000Z
2026-08-25T19:01:13.159166+00:00,2026-08-25,Zac Thornton,NYM,8,+1220,34564611,2026-08-25T23:10:00.0000000Z
2026-08-25T19:01:13.159166+00:00,2026-08-25,Tyler Glasnow,LAD,4,-1060,34564612,2026-08-25T23:15:00.0000000Z
2026-08-25T19:01:13.159166+00:00,2026-08-25,Tyler Glasnow,LAD,5,-377,34564612,2026-08-25T23:15:00.0000000Z
2026-08-25T19:01:13.159166+00:00,2026-08-25,Tyler Glasnow,LAD,6,-168,34564612,2026-08-25T23:15:00.0000000Z
2026-08-25T19:01:13.159166+00:00,2026-08-25,Tyler Glasnow,LAD,7,+127,34564612,2026-08-25T23:15:00.0000000Z
2026-08-25T19:01:13.159166+00:00,2026-08-25,Tyler Glasnow,LAD,8,+262,34564612,2026-08-25T23:15:00.0000000Z
2026-08-25T19:01:13.159166+00:00,2026-08-25,Tyler Glasnow,LAD,9,+536,34564612,2026-08-25T23:15:00.0000000Z
2026-08-25T19:01:13.159166+00:00,2026-08-25,Tyler Glasnow,LAD,10,+1120,34564612,2026-08-25T23:15:00.0000000Z
2026-08-25T19:01:13.159166+00:00,2026-08-25,Bryce Elder,ATL,2,-1960,34564612,2026-08-25T23:15:00.0000000Z
2026-08-25T19:01:13.159166+00:00,2026-08-25,Bryce Elder,ATL,3,-476,34564612,2026-08-25T23:15:00.0000000Z
2026-08-25T19:01:13.159166+00:00,2026-08-25,Bryce Elder,ATL,4,-180,34564612,2026-08-25T23:15:00.0000000Z
2026-08-25T19:01:13.159166+00:00,2026-08-25,Bryce Elder,ATL,5,+128,34564612,2026-08-25T23:15:00.0000000Z
2026-08-25T19:01:13.159166+00:00,2026-08-25,Bryce Elder,ATL,6,+282,34564612,2026-08-25T23:15:00.0000000Z
2026-08-25T19:01:13.159166+00:00,2026-08-25,Bryce Elder,ATL,7,+600,34564612,2026-08-25T23:15:00.0000000Z
2026-08-25T19:01:13.159166+00:00,2026-08-25,Bryce Elder,ATL,8,+1280,34564612,2026-08-25T23:15:00.0000000Z
2026-08-25T19:01:13.159166+00:00,2026-08-25,Jacob deGrom,TEX,4,-1820,34564613,2026-08-25T23:40:00.0000000Z
2026-08-25T19:01:13.159166+00:00,2026-08-25,Jacob deGrom,TEX,5,-610,34564613,2026-08-25T23:40:00.0000000Z
2026-08-25T19:01:13.159166+00:00,2026-08-25,Jacob deGrom,TEX,6,-254,34564613,2026-08-25T23:40:00.0000000Z
2026-08-25T19:01:13.159166+00:00,2026-08-25,Jacob deGrom,TEX,7,-120,34564613,2026-08-25T23:40:00.0000000Z
2026-08-25T19:01:13.159166+00:00,2026-08-25,Jacob deGrom,TEX,8,+170,34564613,2026-08-25T23:40:00.0000000Z
2026-08-25T19:01:13.159166+00:00,2026-08-25,Jacob deGrom,TEX,9,+345,34564613,2026-08-25T23:40:00.0000000Z
2026-08-25T19:01:13.159166+00:00,2026-08-25,Jacob deGrom,TEX,10,+690,34564613,2026-08-25T23:40:00.0000000Z
2026-08-25T19:01:13.159166+00:00,2026-08-25,Jacob deGrom,TEX,11,+1400,34564613,2026-08-25T23:40:00.0000000Z
2026-08-25T19:01:13.159166+00:00,2026-08-25,Anthony Kay,CWS,3,-930,34564613,2026-08-25T23:40:00.0000000Z
2026-08-25T19:01:13.159166+00:00,2026-08-25,Anthony Kay,CWS,4,-313,34564613,2026-08-25T23:40:00.0000000Z
2026-08-25T19:01:13.159166+00:00,2026-08-25,Anthony Kay,CWS,5,-133,34564613,2026-08-25T23:40:00.0000000Z
2026-08-25T19:01:13.159166+00:00,2026-08-25,Anthony Kay,CWS,6,+168,34564613,2026-08-25T23:40:00.0000000Z
2026-08-25T19:01:13.159166+00:00,2026-08-25,Anthony Kay,CWS,7,+357,34564613,2026-08-25T23:40:00.0000000Z
2026-08-25T19:01:13.159166+00:00,2026-08-25,Anthony Kay,CWS,8,+760,34564613,2026-08-25T23:40:00.0000000Z
2026-08-25T19:01:13.159166+00:00,2026-08-25,Anthony Kay,CWS,9,+1580,34564613,2026-08-25T23:40:00.0000000Z
2026-08-25T19:01:13.159166+00:00,2026-08-25,Chris Bassitt,BAL,2,-1120,34564614,2026-08-25T23:45:00.0000000Z
2026-08-25T19:01:13.159166+00:00,2026-08-25,Chris Bassitt,BAL,3,-322,34564614,2026-08-25T23:45:00.0000000Z
2026-08-25T19:01:13.159166+00:00,2026-08-25,Chris Bassitt,BAL,4,-125,34564614,2026-08-25T23:45:00.0000000Z
2026-08-25T19:01:13.159166+00:00,2026-08-25,Chris Bassitt,BAL,5,+181,34564614,2026-08-25T23:45:00.0000000Z
2026-08-25T19:01:13.159166+00:00,2026-08-25,Chris Bassitt,BAL,6,+407,34564614,2026-08-25T23:45:00.0000000Z
2026-08-25T19:01:13.159166+00:00,2026-08-25,Chris Bassitt,BAL,7,+900,34564614,2026-08-25T23:45:00.0000000Z
2026-08-25T19:01:13.159166+00:00,2026-08-25,Gavin Williams,CLE,5,-1540,34564615,2026-08-26T01:38:00.0000000Z
2026-08-25T19:01:13.159166+00:00,2026-08-25,Gavin Williams,CLE,6,-630,34564615,2026-08-26T01:38:00.0000000Z
2026-08-25T19:01:13.159166+00:00,2026-08-25,Gavin Williams,CLE,7,-305,34564615,2026-08-26T01:38:00.0000000Z
2026-08-25T19:01:13.159166+00:00,2026-08-25,Gavin Williams,CLE,8,-163,34564615,2026-08-26T01:38:00.0000000Z
2026-08-25T19:01:13.159166+00:00,2026-08-25,Gavin Williams,CLE,9,+108,34564615,2026-08-26T01:38:00.0000000Z
2026-08-25T19:01:13.159166+00:00,2026-08-25,Gavin Williams,CLE,10,+192,34564615,2026-08-26T01:38:00.0000000Z
2026-08-25T19:01:13.159166+00:00,2026-08-25,Gavin Williams,CLE,11,+339,34564615,2026-08-26T01:38:00.0000000Z
2026-08-25T19:01:13.159166+00:00,2026-08-25,Gavin Williams,CLE,12,+610,34564615,2026-08-26T01:38:00.0000000Z
2026-08-25T19:01:13.159166+00:00,2026-08-25,Gavin Williams,CLE,13,+1080,34564615,2026-08-26T01:38:00.0000000Z
2026-08-25T19:01:13.159166+00:00,2026-08-25,Gavin Williams,CLE,14,+1800,34564615,2026-08-26T01:38:00.0000000Z
2026-08-25T19:01:13.159166+00:00,2026-08-25,Walbert Urena,LAA,2,-2000,34564615,2026-08-26T01:38:00.0000000Z
2026-08-25T19:01:13.159166+00:00,2026-08-25,Walbert Urena,LAA,3,-495,34564615,2026-08-26T01:38:00.0000000Z
2026-08-25T19:01:13.159166+00:00,2026-08-25,Walbert Urena,LAA,4,-183,34564615,2026-08-26T01:38:00.0000000Z
2026-08-25T19:01:13.159166+00:00,2026-08-25,Walbert Urena,LAA,5,+126,34564615,2026-08-26T01:38:00.0000000Z
2026-08-25T19:01:13.159166+00:00,2026-08-25,Walbert Urena,LAA,6,+279,34564615,2026-08-26T01:38:00.0000000Z
2026-08-25T19:01:13.159166+00:00,2026-08-25,Walbert Urena,LAA,7,+600,34564615,2026-08-26T01:38:00.0000000Z
2026-08-25T19:01:13.159166+00:00,2026-08-25,Walbert Urena,LAA,8,+1240,34564615,2026-08-26T01:38:00.0000000Z
2026-08-25T19:01:13.159166+00:00,2026-08-25,Brandon Pfaadt,ARI,2,-2400,34564616,2026-08-26T01:40:00.0000000Z
2026-08-25T19:01:13.159166+00:00,2026-08-25,Brandon Pfaadt,ARI,3,-544,34564616,2026-08-26T01:40:00.0000000Z
2026-08-25T19:01:13.159166+00:00,2026-08-25,Brandon Pfaadt,ARI,4,-204,34564616,2026-08-26T01:40:00.0000000Z
2026-08-25T19:01:13.159166+00:00,2026-08-25,Brandon Pfaadt,ARI,5,+116,34564616,2026-08-26T01:40:00.0000000Z
2026-08-25T19:01:13.159166+00:00,2026-08-25,Brandon Pfaadt,ARI,6,+263,34564616,2026-08-26T01:40:00.0000000Z
2026-08-25T19:01:13.159166+00:00,2026-08-25,Brandon Pfaadt,ARI,7,+577,34564616,2026-08-26T01:40:00.0000000Z
2026-08-25T19:01:13.159166+00:00,2026-08-25,Brandon Pfaadt,ARI,8,+1220,34564616,2026-08-26T01:40:00.0000000Z
2026-08-25T19:01:13.159166+00:00,2026-08-25,Clay Holmes,CHC,2,-710,34564616,2026-08-26T01:40:00.0000000Z
2026-08-25T19:01:13.159166+00:00,2026-08-25,Clay Holmes,CHC,3,-225,34564616,2026-08-26T01:40:00.0000000Z
2026-08-25T19:01:13.159166+00:00,2026-08-25,Clay Holmes,CHC,4,+110,34564616,2026-08-26T01:40:00.0000000Z
2026-08-25T19:01:13.159166+00:00,2026-08-25,Clay Holmes,CHC,5,+252,34564616,2026-08-26T01:40:00.0000000Z
2026-08-25T19:01:13.159166+00:00,2026-08-25,Clay Holmes,CHC,6,+556,34564616,2026-08-26T01:40:00.0000000Z
2026-08-25T19:01:13.159166+00:00,2026-08-25,Clay Holmes,CHC,7,+1220,34564616,2026-08-26T01:40:00.0000000Z
2026-08-25T19:01:13.159166+00:00,2026-08-25,Taj Bradley,MIN,3,-1840,34564617,2026-08-26T01:40:00.0000000Z
2026-08-25T19:01:13.159166+00:00,2026-08-25,Taj Bradley,MIN,4,-579,34564617,2026-08-26T01:40:00.0000000Z
2026-08-25T19:01:13.159166+00:00,2026-08-25,Taj Bradley,MIN,5,-241,34564617,2026-08-26T01:40:00.0000000Z
2026-08-25T19:01:13.159166+00:00,2026-08-25,Taj Bradley,MIN,6,-112,34564617,2026-08-26T01:40:00.0000000Z
2026-08-25T19:01:13.159166+00:00,2026-08-25,Taj Bradley,MIN,7,+188,34564617,2026-08-26T01:40:00.0000000Z
2026-08-25T19:01:13.159166+00:00,2026-08-25,Taj Bradley,MIN,8,+381,34564617,2026-08-26T01:40:00.0000000Z
2026-08-25T19:01:13.159166+00:00,2026-08-25,Taj Bradley,MIN,9,+770,34564617,2026-08-26T01:40:00.0000000Z
2026-08-25T19:01:13.159166+00:00,2026-08-25,Taj Bradley,MIN,10,+1540,34564617,2026-08-26T01:40:00.0000000Z
2026-08-25T19:01:13.159166+00:00,2026-08-25,Gage Jump,OAK,3,-900,34564617,2026-08-26T01:40:00.0000000Z
2026-08-25T19:01:13.159166+00:00,2026-08-25,Gage Jump,OAK,4,-322,34564617,2026-08-26T01:40:00.0000000Z
2026-08-25T19:01:13.159166+00:00,2026-08-25,Gage Jump,OAK,5,-140,34564617,2026-08-26T01:40:00.0000000Z
2026-08-25T19:01:13.159166+00:00,2026-08-25,Gage Jump,OAK,6,+153,34564617,2026-08-26T01:40:00.0000000Z
2026-08-25T19:01:13.159166+00:00,2026-08-25,Gage Jump,OAK,7,+313,34564617,2026-08-26T01:40:00.0000000Z
2026-08-25T19:01:13.159166+00:00,2026-08-25,Gage Jump,OAK,8,+650,34564617,2026-08-26T01:40:00.0000000Z
2026-08-25T19:01:13.159166+00:00,2026-08-25,Gage Jump,OAK,9,+1300,34564617,2026-08-26T01:40:00.0000000Z
2026-08-25T19:01:13.159166+00:00,2026-08-25,Paul Skenes,PIT,3,-4100,34564618,2026-08-26T01:40:00.0000000Z
2026-08-25T19:01:13.159166+00:00,2026-08-25,Paul Skenes,PIT,4,-920,34564618,2026-08-26T01:40:00.0000000Z
2026-08-25T19:01:13.159166+00:00,2026-08-25,Paul Skenes,PIT,5,-354,34564618,2026-08-26T01:40:00.0000000Z
2026-08-25T19:01:13.159166+00:00,2026-08-25,Paul Skenes,PIT,6,-155,34564618,2026-08-26T01:40:00.0000000Z
2026-08-25T19:01:13.159166+00:00,2026-08-25,Paul Skenes,PIT,7,+135,34564618,2026-08-26T01:40:00.0000000Z
2026-08-25T19:01:13.159166+00:00,2026-08-25,Paul Skenes,PIT,8,+272,34564618,2026-08-26T01:40:00.0000000Z
2026-08-25T19:01:13.159166+00:00,2026-08-25,Paul Skenes,PIT,9,+546,34564618,2026-08-26T01:40:00.0000000Z
2026-08-25T19:01:13.159166+00:00,2026-08-25,Paul Skenes,PIT,10,+1100,34564618,2026-08-26T01:40:00.0000000Z
2026-08-25T19:01:13.159166+00:00,2026-08-25,Michael King,SD,3,-1460,34564618,2026-08-26T01:40:00.0000000Z
2026-08-25T19:01:13.159166+00:00,2026-08-25,Michael King,SD,4,-512,34564618,2026-08-26T01:40:00.0000000Z
2026-08-25T19:01:13.159166+00:00,2026-08-25,Michael King,SD,5,-218,34564618,2026-08-26T01:40:00.0000000Z
2026-08-25T19:01:13.159166+00:00,2026-08-25,Michael King,SD,6,-105,34564618,2026-08-26T01:40:00.0000000Z
2026-08-25T19:01:13.159166+00:00,2026-08-25,Michael King,SD,7,+190,34564618,2026-08-26T01:40:00.0000000Z
2026-08-25T19:01:13.159166+00:00,2026-08-25,Michael King,SD,8,+386,34564618,2026-08-26T01:40:00.0000000Z
2026-08-25T19:01:13.159166+00:00,2026-08-25,Michael King,SD,9,+780,34564618,2026-08-26T01:40:00.0000000Z
2026-08-25T19:01:13.159166+00:00,2026-08-25,Michael King,SD,10,+1500,34564618,2026-08-26T01:40:00.0000000Z
2026-08-25T19:01:13.159166+00:00,2026-08-25,Aaron Nola,PHI,3,-2500,34564619,2026-08-26T01:40:00.0000000Z
2026-08-25T19:01:13.159166+00:00,2026-08-25,Aaron Nola,PHI,4,-690,34564619,2026-08-26T01:40:00.0000000Z
2026-08-25T19:01:13.159166+00:00,2026-08-25,Aaron Nola,PHI,5,-273,34564619,2026-08-26T01:40:00.0000000Z
2026-08-25T19:01:13.159166+00:00,2026-08-25,Aaron Nola,PHI,6,-123,34564619,2026-08-26T01:40:00.0000000Z
2026-08-25T19:01:13.159166+00:00,2026-08-25,Aaron Nola,PHI,7,+165,34564619,2026-08-26T01:40:00.0000000Z
2026-08-25T19:01:13.159166+00:00,2026-08-25,Aaron Nola,PHI,8,+332,34564619,2026-08-26T01:40:00.0000000Z
2026-08-25T19:01:13.159166+00:00,2026-08-25,Aaron Nola,PHI,9,+680,34564619,2026-08-26T01:40:00.0000000Z
2026-08-25T19:01:13.159166+00:00,2026-08-25,Aaron Nola,PHI,10,+1340,34564619,2026-08-26T01:40:00.0000000Z
2026-08-25T19:01:13.159166+00:00,2026-08-25,George Kirby,SEA,3,-830,34564619,2026-08-26T01:40:00.0000000Z
2026-08-25T19:01:13.159166+00:00,2026-08-25,George Kirby,SEA,4,-285,34564619,2026-08-26T01:40:00.0000000Z
2026-08-25T19:01:13.159166+00:00,2026-08-25,George Kirby,SEA,5,-117,34564619,2026-08-26T01:40:00.0000000Z
2026-08-25T19:01:13.159166+00:00,2026-08-25,George Kirby,SEA,6,+189,34564619,2026-08-26T01:40:00.0000000Z
2026-08-25T19:01:13.159166+00:00,2026-08-25,George Kirby,SEA,7,+414,34564619,2026-08-26T01:40:00.0000000Z
2026-08-25T19:01:13.159166+00:00,2026-08-25,George Kirby,SEA,8,+890,34564619,2026-08-26T01:40:00.0000000Z
2026-08-25T19:01:13.159166+00:00,2026-08-25,George Kirby,SEA,9,+1800,34564619,2026-08-26T01:40:00.0000000Z
2026-08-25T19:01:13.159166+00:00,2026-08-25,Brady Singer,CIN,2,-2400,34564620,2026-08-26T01:45:00.0000000Z
2026-08-25T19:01:13.159166+00:00,2026-08-25,Brady Singer,CIN,3,-596,34564620,2026-08-26T01:45:00.0000000Z
2026-08-25T19:01:13.159166+00:00,2026-08-25,Brady Singer,CIN,4,-222,34564620,2026-08-26T01:45:00.0000000Z
2026-08-25T19:01:13.159166+00:00,2026-08-25,Brady Singer,CIN,5,+105,34564620,2026-08-26T01:45:00.0000000Z
2026-08-25T19:01:13.159166+00:00,2026-08-25,Brady Singer,CIN,6,+227,34564620,2026-08-26T01:45:00.0000000Z
2026-08-25T19:01:13.159166+00:00,2026-08-25,Brady Singer,CIN,7,+483,34564620,2026-08-26T01:45:00.0000000Z
2026-08-25T19:01:13.159166+00:00,2026-08-25,Brady Singer,CIN,8,+1020,34564620,2026-08-26T01:45:00.0000000Z
2026-08-25T19:01:13.159166+00:00,2026-08-25,Adrian Houser,SF,2,-1760,34564620,2026-08-26T01:45:00.0000000Z
2026-08-25T19:01:13.159166+00:00,2026-08-25,Adrian Houser,SF,3,-436,34564620,2026-08-26T01:45:00.0000000Z
2026-08-25T19:01:13.159166+00:00,2026-08-25,Adrian Houser,SF,4,-157,34564620,2026-08-26T01:45:00.0000000Z
2026-08-25T19:01:13.159166+00:00,2026-08-25,Adrian Houser,SF,5,+151,34564620,2026-08-26T01:45:00.0000000Z
2026-08-25T19:01:13.159166+00:00,2026-08-25,Adrian Houser,SF,6,+353,34564620,2026-08-26T01:45:00.0000000Z
2026-08-25T19:01:13.159166+00:00,2026-08-25,Adrian Houser,SF,7,+780,34564620,2026-08-26T01:45:00.0000000Z
2026-08-25T19:01:13.159166+00:00,2026-08-25,Adrian Houser,SF,8,+1760,34564620,2026-08-26T01:45:00.0000000Z
2026-08-25T19:35:24.620687+00:00,2026-08-25,Jackson Jobe,DET,2,-800,34564606,2026-08-25T22:40:00.0000000Z
2026-08-25T19:35:24.620687+00:00,2026-08-25,Jackson Jobe,DET,3,-240,34564606,2026-08-25T22:40:00.0000000Z
2026-08-25T19:35:24.620687+00:00,2026-08-25,Jackson Jobe,DET,4,+105,34564606,2026-08-25T22:40:00.0000000Z
2026-08-25T19:35:24.620687+00:00,2026-08-25,Jackson Jobe,DET,5,+240,34564606,2026-08-25T22:40:00.0000000Z
2026-08-25T19:35:24.620687+00:00,2026-08-25,Jackson Jobe,DET,6,+553,34564606,2026-08-25T22:40:00.0000000Z
2026-08-25T19:35:24.620687+00:00,2026-08-25,Jackson Jobe,DET,7,+1180,34564606,2026-08-25T22:40:00.0000000Z
2026-08-25T19:35:24.620687+00:00,2026-08-25,Payton Tolle,BOS,4,-1300,34564607,2026-08-25T22:40:00.0000000Z
2026-08-25T19:35:24.620687+00:00,2026-08-25,Payton Tolle,BOS,5,-457,34564607,2026-08-25T22:40:00.0000000Z
2026-08-25T19:35:24.620687+00:00,2026-08-25,Payton Tolle,BOS,6,-197,34564607,2026-08-25T22:40:00.0000000Z
2026-08-25T19:35:24.620687+00:00,2026-08-25,Payton Tolle,BOS,7,+108,34564607,2026-08-25T22:40:00.0000000Z
2026-08-25T19:35:24.620687+00:00,2026-08-25,Payton Tolle,BOS,8,+223,34564607,2026-08-25T22:40:00.0000000Z
2026-08-25T19:35:24.620687+00:00,2026-08-25,Payton Tolle,BOS,9,+443,34564607,2026-08-25T22:40:00.0000000Z
2026-08-25T19:35:24.620687+00:00,2026-08-25,Payton Tolle,BOS,10,+930,34564607,2026-08-25T22:40:00.0000000Z
2026-08-25T19:35:24.620687+00:00,2026-08-25,Payton Tolle,BOS,11,+1800,34564607,2026-08-25T22:40:00.0000000Z
2026-08-25T19:35:24.620687+00:00,2026-08-25,Tyler Phillips,MIA,2,-1380,34564607,2026-08-25T22:40:00.0000000Z
2026-08-25T19:35:24.620687+00:00,2026-08-25,Tyler Phillips,MIA,3,-373,34564607,2026-08-25T22:40:00.0000000Z
2026-08-25T19:35:24.620687+00:00,2026-08-25,Tyler Phillips,MIA,4,-145,34564607,2026-08-25T22:40:00.0000000Z
2026-08-25T19:35:24.620687+00:00,2026-08-25,Tyler Phillips,MIA,5,+160,34564607,2026-08-25T22:40:00.0000000Z
2026-08-25T19:35:24.620687+00:00,2026-08-25,Tyler Phillips,MIA,6,+355,34564607,2026-08-25T22:40:00.0000000Z
2026-08-25T19:35:24.620687+00:00,2026-08-25,Tyler Phillips,MIA,7,+780,34564607,2026-08-25T22:40:00.0000000Z
2026-08-25T19:35:24.620687+00:00,2026-08-25,Tyler Phillips,MIA,8,+1680,34564607,2026-08-25T22:40:00.0000000Z
2026-08-25T19:35:24.620687+00:00,2026-08-25,Andrew Alvarez,WSH,3,-970,34564608,2026-08-25T22:45:00.0000000Z
2026-08-25T19:35:24.620687+00:00,2026-08-25,Andrew Alvarez,WSH,4,-332,34564608,2026-08-25T22:45:00.0000000Z
2026-08-25T19:35:24.620687+00:00,2026-08-25,Andrew Alvarez,WSH,5,-138,34564608,2026-08-25T22:45:00.0000000Z
2026-08-25T19:35:24.620687+00:00,2026-08-25,Andrew Alvarez,WSH,6,+155,34564608,2026-08-25T22:45:00.0000000Z
2026-08-25T19:35:24.620687+00:00,2026-08-25,Andrew Alvarez,WSH,7,+329,34564608,2026-08-25T22:45:00.0000000Z
2026-08-25T19:35:24.620687+00:00,2026-08-25,Andrew Alvarez,WSH,8,+680,34564608,2026-08-25T22:45:00.0000000Z
2026-08-25T19:35:24.620687+00:00,2026-08-25,Andrew Alvarez,WSH,9,+1420,34564608,2026-08-25T22:45:00.0000000Z
2026-08-25T19:35:24.620687+00:00,2026-08-25,Will Warren,NYY,3,-1120,34564609,2026-08-25T23:05:00.0000000Z
2026-08-25T19:35:24.620687+00:00,2026-08-25,Will Warren,NYY,4,-370,34564609,2026-08-25T23:05:00.0000000Z
2026-08-25T19:35:24.620687+00:00,2026-08-25,Will Warren,NYY,5,-157,34564609,2026-08-25T23:05:00.0000000Z
2026-08-25T19:35:24.620687+00:00,2026-08-25,Will Warren,NYY,6,+137,34564609,2026-08-25T23:05:00.0000000Z
2026-08-25T19:35:24.620687+00:00,2026-08-25,Will Warren,NYY,7,+287,34564609,2026-08-25T23:05:00.0000000Z
2026-08-25T19:35:24.620687+00:00,2026-08-25,Will Warren,NYY,8,+600,34564609,2026-08-25T23:05:00.0000000Z
2026-08-25T19:35:24.620687+00:00,2026-08-25,Will Warren,NYY,9,+1280,34564609,2026-08-25T23:05:00.0000000Z
2026-08-25T19:35:24.620687+00:00,2026-08-25,Ethan Pecko,HOU,2,-1940,34564609,2026-08-25T23:05:00.0000000Z
2026-08-25T19:35:24.620687+00:00,2026-08-25,Ethan Pecko,HOU,3,-486,34564609,2026-08-25T23:05:00.0000000Z
2026-08-25T19:35:24.620687+00:00,2026-08-25,Ethan Pecko,HOU,4,-185,34564609,2026-08-25T23:05:00.0000000Z
2026-08-25T19:35:24.620687+00:00,2026-08-25,Ethan Pecko,HOU,5,+124,34564609,2026-08-25T23:05:00.0000000Z
2026-08-25T19:35:24.620687+00:00,2026-08-25,Ethan Pecko,HOU,6,+269,34564609,2026-08-25T23:05:00.0000000Z
2026-08-25T19:35:24.620687+00:00,2026-08-25,Ethan Pecko,HOU,7,+597,34564609,2026-08-25T23:05:00.0000000Z
2026-08-25T19:35:24.620687+00:00,2026-08-25,Ethan Pecko,HOU,8,+1280,34564609,2026-08-25T23:05:00.0000000Z
2026-08-25T19:35:24.620687+00:00,2026-08-25,Max Scherzer,TOR,2,-1600,34564610,2026-08-25T23:07:00.0000000Z
2026-08-25T19:35:24.620687+00:00,2026-08-25,Max Scherzer,TOR,3,-411,34564610,2026-08-25T23:07:00.0000000Z
2026-08-25T19:35:24.620687+00:00,2026-08-25,Max Scherzer,TOR,4,-154,34564610,2026-08-25T23:07:00.0000000Z
2026-08-25T19:35:24.620687+00:00,2026-08-25,Max Scherzer,TOR,5,+150,34564610,2026-08-25T23:07:00.0000000Z
2026-08-25T19:35:24.620687+00:00,2026-08-25,Max Scherzer,TOR,6,+341,34564610,2026-08-25T23:07:00.0000000Z
2026-08-25T19:35:24.620687+00:00,2026-08-25,Max Scherzer,TOR,7,+750,34564610,2026-08-25T23:07:00.0000000Z
2026-08-25T19:35:24.620687+00:00,2026-08-25,Max Scherzer,TOR,8,+1600,34564610,2026-08-25T23:07:00.0000000Z
2026-08-25T19:35:24.620687+00:00,2026-08-25,Seth Lugo,KC,2,-1080,34564610,2026-08-25T23:07:00.0000000Z
2026-08-25T19:35:24.620687+00:00,2026-08-25,Seth Lugo,KC,3,-327,34564610,2026-08-25T23:07:00.0000000Z
2026-08-25T19:35:24.620687+00:00,2026-08-25,Seth Lugo,KC,4,-130,34564610,2026-08-25T23:07:00.0000000Z
2026-08-25T19:35:24.620687+00:00,2026-08-25,Seth Lugo,KC,5,+173,34564610,2026-08-25T23:07:00.0000000Z
2026-08-25T19:35:24.620687+00:00,2026-08-25,Seth Lugo,KC,6,+388,34564610,2026-08-25T23:07:00.0000000Z
2026-08-25T19:35:24.620687+00:00,2026-08-25,Seth Lugo,KC,7,+850,34564610,2026-08-25T23:07:00.0000000Z
2026-08-25T19:35:24.620687+00:00,2026-08-25,Seth Lugo,KC,8,+1740,34564610,2026-08-25T23:07:00.0000000Z
2026-08-25T19:35:24.620687+00:00,2026-08-25,Kyle Harrison,MIL,3,-3000,34564611,2026-08-25T23:10:00.0000000Z
2026-08-25T19:35:24.620687+00:00,2026-08-25,Kyle Harrison,MIL,4,-740,34564611,2026-08-25T23:10:00.0000000Z
2026-08-25T19:35:24.620687+00:00,2026-08-25,Kyle Harrison,MIL,5,-284,34564611,2026-08-25T23:10:00.0000000Z
2026-08-25T19:35:24.620687+00:00,2026-08-25,Kyle Harrison,MIL,6,-127,34564611,2026-08-25T23:10:00.0000000Z
2026-08-25T19:35:24.620687+00:00,2026-08-25,Kyle Harrison,MIL,7,+165,34564611,2026-08-25T23:10:00.0000000Z
2026-08-25T19:35:24.620687+00:00,2026-08-25,Kyle Harrison,MIL,8,+341,34564611,2026-08-25T23:10:00.0000000Z
2026-08-25T19:35:24.620687+00:00,2026-08-25,Kyle Harrison,MIL,9,+710,34564611,2026-08-25T23:10:00.0000000Z
2026-08-25T19:35:24.620687+00:00,2026-08-25,Kyle Harrison,MIL,10,+1380,34564611,2026-08-25T23:10:00.0000000Z
2026-08-25T19:35:24.620687+00:00,2026-08-25,Zac Thornton,NYM,2,-1880,34564611,2026-08-25T23:10:00.0000000Z
2026-08-25T19:35:24.620687+00:00,2026-08-25,Zac Thornton,NYM,3,-453,34564611,2026-08-25T23:10:00.0000000Z
2026-08-25T19:35:24.620687+00:00,2026-08-25,Zac Thornton,NYM,4,-170,34564611,2026-08-25T23:10:00.0000000Z
2026-08-25T19:35:24.620687+00:00,2026-08-25,Zac Thornton,NYM,5,+131,34564611,2026-08-25T23:10:00.0000000Z
2026-08-25T19:35:24.620687+00:00,2026-08-25,Zac Thornton,NYM,6,+291,34564611,2026-08-25T23:10:00.0000000Z
2026-08-25T19:35:24.620687+00:00,2026-08-25,Zac Thornton,NYM,7,+630,34564611,2026-08-25T23:10:00.0000000Z
2026-08-25T19:35:24.620687+00:00,2026-08-25,Zac Thornton,NYM,8,+1320,34564611,2026-08-25T23:10:00.0000000Z
2026-08-25T19:35:24.620687+00:00,2026-08-25,Tyler Glasnow,LAD,4,-1160,34564612,2026-08-25T23:15:00.0000000Z
2026-08-25T19:35:24.620687+00:00,2026-08-25,Tyler Glasnow,LAD,5,-415,34564612,2026-08-25T23:15:00.0000000Z
2026-08-25T19:35:24.620687+00:00,2026-08-25,Tyler Glasnow,LAD,6,-182,34564612,2026-08-25T23:15:00.0000000Z
2026-08-25T19:35:24.620687+00:00,2026-08-25,Tyler Glasnow,LAD,7,+115,34564612,2026-08-25T23:15:00.0000000Z
2026-08-25T19:35:24.620687+00:00,2026-08-25,Tyler Glasnow,LAD,8,+238,34564612,2026-08-25T23:15:00.0000000Z
2026-08-25T19:35:24.620687+00:00,2026-08-25,Tyler Glasnow,LAD,9,+505,34564612,2026-08-25T23:15:00.0000000Z
2026-08-25T19:35:24.620687+00:00,2026-08-25,Tyler Glasnow,LAD,10,+1020,34564612,2026-08-25T23:15:00.0000000Z
2026-08-25T19:35:24.620687+00:00,2026-08-25,Bryce Elder,ATL,2,-1500,34564612,2026-08-25T23:15:00.0000000Z
2026-08-25T19:35:24.620687+00:00,2026-08-25,Bryce Elder,ATL,3,-399,34564612,2026-08-25T23:15:00.0000000Z
2026-08-25T19:35:24.620687+00:00,2026-08-25,Bryce Elder,ATL,4,-151,34564612,2026-08-25T23:15:00.0000000Z
2026-08-25T19:35:24.620687+00:00,2026-08-25,Bryce Elder,ATL,5,+155,34564612,2026-08-25T23:15:00.0000000Z
2026-08-25T19:35:24.620687+00:00,2026-08-25,Bryce Elder,ATL,6,+343,34564612,2026-08-25T23:15:00.0000000Z
2026-08-25T19:35:24.620687+00:00,2026-08-25,Bryce Elder,ATL,7,+740,34564612,2026-08-25T23:15:00.0000000Z
2026-08-25T19:35:24.620687+00:00,2026-08-25,Bryce Elder,ATL,8,+1600,34564612,2026-08-25T23:15:00.0000000Z
2026-08-25T19:35:24.620687+00:00,2026-08-25,Jacob deGrom,TEX,4,-1920,34564613,2026-08-25T23:40:00.0000000Z
2026-08-25T19:35:24.620687+00:00,2026-08-25,Jacob deGrom,TEX,5,-620,34564613,2026-08-25T23:40:00.0000000Z
2026-08-25T19:35:24.620687+00:00,2026-08-25,Jacob deGrom,TEX,6,-260,34564613,2026-08-25T23:40:00.0000000Z
2026-08-25T19:35:24.620687+00:00,2026-08-25,Jacob deGrom,TEX,7,-122,34564613,2026-08-25T23:40:00.0000000Z
2026-08-25T19:35:24.620687+00:00,2026-08-25,Jacob deGrom,TEX,8,+167,34564613,2026-08-25T23:40:00.0000000Z
2026-08-25T19:35:24.620687+00:00,2026-08-25,Jacob deGrom,TEX,9,+335,34564613,2026-08-25T23:40:00.0000000Z
2026-08-25T19:35:24.620687+00:00,2026-08-25,Jacob deGrom,TEX,10,+680,34564613,2026-08-25T23:40:00.0000000Z
2026-08-25T19:35:24.620687+00:00,2026-08-25,Jacob deGrom,TEX,11,+1360,34564613,2026-08-25T23:40:00.0000000Z
2026-08-25T19:35:24.620687+00:00,2026-08-25,Anthony Kay,CWS,3,-950,34564613,2026-08-25T23:40:00.0000000Z
2026-08-25T19:35:24.620687+00:00,2026-08-25,Anthony Kay,CWS,4,-326,34564613,2026-08-25T23:40:00.0000000Z
2026-08-25T19:35:24.620687+00:00,2026-08-25,Anthony Kay,CWS,5,-134,34564613,2026-08-25T23:40:00.0000000Z
2026-08-25T19:35:24.620687+00:00,2026-08-25,Anthony Kay,CWS,6,+164,34564613,2026-08-25T23:40:00.0000000Z
2026-08-25T19:35:24.620687+00:00,2026-08-25,Anthony Kay,CWS,7,+350,34564613,2026-08-25T23:40:00.0000000Z
2026-08-25T19:35:24.620687+00:00,2026-08-25,Anthony Kay,CWS,8,+740,34564613,2026-08-25T23:40:00.0000000Z
2026-08-25T19:35:24.620687+00:00,2026-08-25,Anthony Kay,CWS,9,+1560,34564613,2026-08-25T23:40:00.0000000Z
2026-08-25T19:35:24.620687+00:00,2026-08-25,Chris Bassitt,BAL,2,-1120,34564614,2026-08-25T23:45:00.0000000Z
2026-08-25T19:35:24.620687+00:00,2026-08-25,Chris Bassitt,BAL,3,-322,34564614,2026-08-25T23:45:00.0000000Z
2026-08-25T19:35:24.620687+00:00,2026-08-25,Chris Bassitt,BAL,4,-125,34564614,2026-08-25T23:45:00.0000000Z
2026-08-25T19:35:24.620687+00:00,2026-08-25,Chris Bassitt,BAL,5,+181,34564614,2026-08-25T23:45:00.0000000Z
2026-08-25T19:35:24.620687+00:00,2026-08-25,Chris Bassitt,BAL,6,+407,34564614,2026-08-25T23:45:00.0000000Z
2026-08-25T19:35:24.620687+00:00,2026-08-25,Chris Bassitt,BAL,7,+900,34564614,2026-08-25T23:45:00.0000000Z
2026-08-25T19:35:24.620687+00:00,2026-08-25,Gavin Williams,CLE,5,-1620,34564615,2026-08-26T01:38:00.0000000Z
2026-08-25T19:35:24.620687+00:00,2026-08-25,Gavin Williams,CLE,6,-660,34564615,2026-08-26T01:38:00.0000000Z
2026-08-25T19:35:24.620687+00:00,2026-08-25,Gavin Williams,CLE,7,-313,34564615,2026-08-26T01:38:00.0000000Z
2026-08-25T19:35:24.620687+00:00,2026-08-25,Gavin Williams,CLE,8,-166,34564615,2026-08-26T01:38:00.0000000Z
2026-08-25T19:35:24.620687+00:00,2026-08-25,Gavin Williams,CLE,9,+107,34564615,2026-08-26T01:38:00.0000000Z
2026-08-25T19:35:24.620687+00:00,2026-08-25,Gavin Williams,CLE,10,+189,34564615,2026-08-26T01:38:00.0000000Z
2026-08-25T19:35:24.620687+00:00,2026-08-25,Gavin Williams,CLE,11,+332,34564615,2026-08-26T01:38:00.0000000Z
2026-08-25T19:35:24.620687+00:00,2026-08-25,Gavin Williams,CLE,12,+597,34564615,2026-08-26T01:38:00.0000000Z
2026-08-25T19:35:24.620687+00:00,2026-08-25,Gavin Williams,CLE,13,+1040,34564615,2026-08-26T01:38:00.0000000Z
2026-08-25T19:35:24.620687+00:00,2026-08-25,Gavin Williams,CLE,14,+1760,34564615,2026-08-26T01:38:00.0000000Z
2026-08-25T19:35:24.620687+00:00,2026-08-25,Walbert Urena,LAA,2,-2000,34564615,2026-08-26T01:38:00.0000000Z
2026-08-25T19:35:24.620687+00:00,2026-08-25,Walbert Urena,LAA,3,-495,34564615,2026-08-26T01:38:00.0000000Z
2026-08-25T19:35:24.620687+00:00,2026-08-25,Walbert Urena,LAA,4,-183,34564615,2026-08-26T01:38:00.0000000Z
2026-08-25T19:35:24.620687+00:00,2026-08-25,Walbert Urena,LAA,5,+126,34564615,2026-08-26T01:38:00.0000000Z
2026-08-25T19:35:24.620687+00:00,2026-08-25,Walbert Urena,LAA,6,+279,34564615,2026-08-26T01:38:00.0000000Z
2026-08-25T19:35:24.620687+00:00,2026-08-25,Walbert Urena,LAA,7,+600,34564615,2026-08-26T01:38:00.0000000Z
2026-08-25T19:35:24.620687+00:00,2026-08-25,Walbert Urena,LAA,8,+1240,34564615,2026-08-26T01:38:00.0000000Z
2026-08-25T19:35:24.620687+00:00,2026-08-25,Brandon Pfaadt,ARI,2,-2400,34564616,2026-08-26T01:40:00.0000000Z
2026-08-25T19:35:24.620687+00:00,2026-08-25,Brandon Pfaadt,ARI,3,-544,34564616,2026-08-26T01:40:00.0000000Z
2026-08-25T19:35:24.620687+00:00,2026-08-25,Brandon Pfaadt,ARI,4,-204,34564616,2026-08-26T01:40:00.0000000Z
2026-08-25T19:35:24.620687+00:00,2026-08-25,Brandon Pfaadt,ARI,5,+116,34564616,2026-08-26T01:40:00.0000000Z
2026-08-25T19:35:24.620687+00:00,2026-08-25,Brandon Pfaadt,ARI,6,+263,34564616,2026-08-26T01:40:00.0000000Z
2026-08-25T19:35:24.620687+00:00,2026-08-25,Brandon Pfaadt,ARI,7,+577,34564616,2026-08-26T01:40:00.0000000Z
2026-08-25T19:35:24.620687+00:00,2026-08-25,Brandon Pfaadt,ARI,8,+1220,34564616,2026-08-26T01:40:00.0000000Z
2026-08-25T19:35:24.620687+00:00,2026-08-25,Clay Holmes,CHC,2,-710,34564616,2026-08-26T01:40:00.0000000Z
2026-08-25T19:35:24.620687+00:00,2026-08-25,Clay Holmes,CHC,3,-225,34564616,2026-08-26T01:40:00.0000000Z
2026-08-25T19:35:24.620687+00:00,2026-08-25,Clay Holmes,CHC,4,+110,34564616,2026-08-26T01:40:00.0000000Z
2026-08-25T19:35:24.620687+00:00,2026-08-25,Clay Holmes,CHC,5,+252,34564616,2026-08-26T01:40:00.0000000Z
2026-08-25T19:35:24.620687+00:00,2026-08-25,Clay Holmes,CHC,6,+556,34564616,2026-08-26T01:40:00.0000000Z
2026-08-25T19:35:24.620687+00:00,2026-08-25,Clay Holmes,CHC,7,+1220,34564616,2026-08-26T01:40:00.0000000Z
2026-08-25T19:35:24.620687+00:00,2026-08-25,Taj Bradley,MIN,3,-1840,34564617,2026-08-26T01:40:00.0000000Z
2026-08-25T19:35:24.620687+00:00,2026-08-25,Taj Bradley,MIN,4,-579,34564617,2026-08-26T01:40:00.0000000Z
2026-08-25T19:35:24.620687+00:00,2026-08-25,Taj Bradley,MIN,5,-241,34564617,2026-08-26T01:40:00.0000000Z
2026-08-25T19:35:24.620687+00:00,2026-08-25,Taj Bradley,MIN,6,-112,34564617,2026-08-26T01:40:00.0000000Z
2026-08-25T19:35:24.620687+00:00,2026-08-25,Taj Bradley,MIN,7,+188,34564617,2026-08-26T01:40:00.0000000Z
2026-08-25T19:35:24.620687+00:00,2026-08-25,Taj Bradley,MIN,8,+381,34564617,2026-08-26T01:40:00.0000000Z
2026-08-25T19:35:24.620687+00:00,2026-08-25,Taj Bradley,MIN,9,+770,34564617,2026-08-26T01:40:00.0000000Z
2026-08-25T19:35:24.620687+00:00,2026-08-25,Taj Bradley,MIN,10,+1540,34564617,2026-08-26T01:40:00.0000000Z
2026-08-25T19:35:24.620687+00:00,2026-08-25,Gage Jump,OAK,3,-1080,34564617,2026-08-26T01:40:00.0000000Z
2026-08-25T19:35:24.620687+00:00,2026-08-25,Gage Jump,OAK,4,-371,34564617,2026-08-26T01:40:00.0000000Z
2026-08-25T19:35:24.620687+00:00,2026-08-25,Gage Jump,OAK,5,-161,34564617,2026-08-26T01:40:00.0000000Z
2026-08-25T19:35:24.620687+00:00,2026-08-25,Gage Jump,OAK,6,+133,34564617,2026-08-26T01:40:00.0000000Z
2026-08-25T19:35:24.620687+00:00,2026-08-25,Gage Jump,OAK,7,+267,34564617,2026-08-26T01:40:00.0000000Z
2026-08-25T19:35:24.620687+00:00,2026-08-25,Gage Jump,OAK,8,+563,34564617,2026-08-26T01:40:00.0000000Z
2026-08-25T19:35:24.620687+00:00,2026-08-25,Gage Jump,OAK,9,+1120,34564617,2026-08-26T01:40:00.0000000Z
2026-08-25T19:35:24.620687+00:00,2026-08-25,Paul Skenes,PIT,4,-950,34564618,2026-08-26T01:40:00.0000000Z
2026-08-25T19:35:24.620687+00:00,2026-08-25,Paul Skenes,PIT,5,-368,34564618,2026-08-26T01:40:00.0000000Z
2026-08-25T19:35:24.620687+00:00,2026-08-25,Paul Skenes,PIT,6,-160,34564618,2026-08-26T01:40:00.0000000Z
2026-08-25T19:35:24.620687+00:00,2026-08-25,Paul Skenes,PIT,7,+129,34564618,2026-08-26T01:40:00.0000000Z
2026-08-25T19:35:24.620687+00:00,2026-08-25,Paul Skenes,PIT,8,+263,34564618,2026-08-26T01:40:00.0000000Z
2026-08-25T19:35:24.620687+00:00,2026-08-25,Paul Skenes,PIT,9,+532,34564618,2026-08-26T01:40:00.0000000Z
2026-08-25T19:35:24.620687+00:00,2026-08-25,Paul Skenes,PIT,10,+1060,34564618,2026-08-26T01:40:00.0000000Z
2026-08-25T19:35:24.620687+00:00,2026-08-25,Michael King,SD,3,-1640,34564618,2026-08-26T01:40:00.0000000Z
2026-08-25T19:35:24.620687+00:00,2026-08-25,Michael King,SD,4,-560,34564618,2026-08-26T01:40:00.0000000Z
2026-08-25T19:35:24.620687+00:00,2026-08-25,Michael King,SD,5,-236,34564618,2026-08-26T01:40:00.0000000Z
2026-08-25T19:35:24.620687+00:00,2026-08-25,Michael King,SD,6,-113,34564618,2026-08-26T01:40:00.0000000Z
2026-08-25T19:35:24.620687+00:00,2026-08-25,Michael King,SD,7,+175,34564618,2026-08-26T01:40:00.0000000Z
2026-08-25T19:35:24.620687+00:00,2026-08-25,Michael King,SD,8,+355,34564618,2026-08-26T01:40:00.0000000Z
2026-08-25T19:35:24.620687+00:00,2026-08-25,Michael King,SD,9,+720,34564618,2026-08-26T01:40:00.0000000Z
2026-08-25T19:35:24.620687+00:00,2026-08-25,Michael King,SD,10,+1400,34564618,2026-08-26T01:40:00.0000000Z
2026-08-25T19:35:24.620687+00:00,2026-08-25,Aaron Nola,PHI,3,-2800,34564619,2026-08-26T01:40:00.0000000Z
2026-08-25T19:35:24.620687+00:00,2026-08-25,Aaron Nola,PHI,4,-760,34564619,2026-08-26T01:40:00.0000000Z
2026-08-25T19:35:24.620687+00:00,2026-08-25,Aaron Nola,PHI,5,-307,34564619,2026-08-26T01:40:00.0000000Z
2026-08-25T19:35:24.620687+00:00,2026-08-25,Aaron Nola,PHI,6,-137,34564619,2026-08-26T01:40:00.0000000Z
2026-08-25T19:35:24.620687+00:00,2026-08-25,Aaron Nola,PHI,7,+149,34564619,2026-08-26T01:40:00.0000000Z
2026-08-25T19:35:24.620687+00:00,2026-08-25,Aaron Nola,PHI,8,+299,34564619,2026-08-26T01:40:00.0000000Z
2026-08-25T19:35:24.620687+00:00,2026-08-25,Aaron Nola,PHI,9,+610,34564619,2026-08-26T01:40:00.0000000Z
2026-08-25T19:35:24.620687+00:00,2026-08-25,Aaron Nola,PHI,10,+1220,34564619,2026-08-26T01:40:00.0000000Z
2026-08-25T19:35:24.620687+00:00,2026-08-25,George Kirby,SEA,3,-850,34564619,2026-08-26T01:40:00.0000000Z
2026-08-25T19:35:24.620687+00:00,2026-08-25,George Kirby,SEA,4,-294,34564619,2026-08-26T01:40:00.0000000Z
2026-08-25T19:35:24.620687+00:00,2026-08-25,George Kirby,SEA,5,-121,34564619,2026-08-26T01:40:00.0000000Z
2026-08-25T19:35:24.620687+00:00,2026-08-25,George Kirby,SEA,6,+183,34564619,2026-08-26T01:40:00.0000000Z
2026-08-25T19:35:24.620687+00:00,2026-08-25,George Kirby,SEA,7,+404,34564619,2026-08-26T01:40:00.0000000Z
2026-08-25T19:35:24.620687+00:00,2026-08-25,George Kirby,SEA,8,+850,34564619,2026-08-26T01:40:00.0000000Z
2026-08-25T19:35:24.620687+00:00,2026-08-25,George Kirby,SEA,9,+1760,34564619,2026-08-26T01:40:00.0000000Z
2026-08-25T19:35:24.620687+00:00,2026-08-25,Brady Singer,CIN,2,-2400,34564620,2026-08-26T01:45:00.0000000Z
2026-08-25T19:35:24.620687+00:00,2026-08-25,Brady Singer,CIN,3,-596,34564620,2026-08-26T01:45:00.0000000Z
2026-08-25T19:35:24.620687+00:00,2026-08-25,Brady Singer,CIN,4,-222,34564620,2026-08-26T01:45:00.0000000Z
2026-08-25T19:35:24.620687+00:00,2026-08-25,Brady Singer,CIN,5,+105,34564620,2026-08-26T01:45:00.0000000Z
2026-08-25T19:35:24.620687+00:00,2026-08-25,Brady Singer,CIN,6,+227,34564620,2026-08-26T01:45:00.0000000Z
2026-08-25T19:35:24.620687+00:00,2026-08-25,Brady Singer,CIN,7,+483,34564620,2026-08-26T01:45:00.0000000Z
2026-08-25T19:35:24.620687+00:00,2026-08-25,Brady Singer,CIN,8,+1020,34564620,2026-08-26T01:45:00.0000000Z
2026-08-25T19:35:24.620687+00:00,2026-08-25,Adrian Houser,SF,2,-1760,34564620,2026-08-26T01:45:00.0000000Z
2026-08-25T19:35:24.620687+00:00,2026-08-25,Adrian Houser,SF,3,-436,34564620,2026-08-26T01:45:00.0000000Z
2026-08-25T19:35:24.620687+00:00,2026-08-25,Adrian Houser,SF,4,-157,34564620,2026-08-26T01:45:00.0000000Z
2026-08-25T19:35:24.620687+00:00,2026-08-25,Adrian Houser,SF,5,+151,34564620,2026-08-26T01:45:00.0000000Z
2026-08-25T19:35:24.620687+00:00,2026-08-25,Adrian Houser,SF,6,+353,34564620,2026-08-26T01:45:00.0000000Z
2026-08-25T19:35:24.620687+00:00,2026-08-25,Adrian Houser,SF,7,+780,34564620,2026-08-26T01:45:00.0000000Z
2026-08-25T19:35:24.620687+00:00,2026-08-25,Adrian Houser,SF,8,+1760,34564620,2026-08-26T01:45:00.0000000Z
2026-08-25T22:16:08.071268+00:00,2026-08-25,Jackson Jobe,DET,2,-860,34564606,2026-08-25T22:40:00.0000000Z
2026-08-25T22:16:08.071268+00:00,2026-08-25,Jackson Jobe,DET,3,-258,34564606,2026-08-25T22:40:00.0000000Z
2026-08-25T22:16:08.071268+00:00,2026-08-25,Jackson Jobe,DET,4,-102,34564606,2026-08-25T22:40:00.0000000Z
2026-08-25T22:16:08.071268+00:00,2026-08-25,Jackson Jobe,DET,5,+223,34564606,2026-08-25T22:40:00.0000000Z
2026-08-25T22:16:08.071268+00:00,2026-08-25,Jackson Jobe,DET,6,+506,34564606,2026-08-25T22:40:00.0000000Z
2026-08-25T22:16:08.071268+00:00,2026-08-25,Jackson Jobe,DET,7,+1100,34564606,2026-08-25T22:40:00.0000000Z
2026-08-25T22:16:08.071268+00:00,2026-08-25,Payton Tolle,BOS,4,-1120,34564607,2026-08-25T22:40:00.0000000Z
2026-08-25T22:16:08.071268+00:00,2026-08-25,Payton Tolle,BOS,5,-441,34564607,2026-08-25T22:40:00.0000000Z
2026-08-25T22:16:08.071268+00:00,2026-08-25,Payton Tolle,BOS,6,-198,34564607,2026-08-25T22:40:00.0000000Z
2026-08-25T22:16:08.071268+00:00,2026-08-25,Payton Tolle,BOS,7,+103,34564607,2026-08-25T22:40:00.0000000Z
2026-08-25T22:16:08.071268+00:00,2026-08-25,Payton Tolle,BOS,8,+201,34564607,2026-08-25T22:40:00.0000000Z
2026-08-25T22:16:08.071268+00:00,2026-08-25,Payton Tolle,BOS,9,+390,34564607,2026-08-25T22:40:00.0000000Z
2026-08-25T22:16:08.071268+00:00,2026-08-25,Payton Tolle,BOS,10,+770,34564607,2026-08-25T22:40:00.0000000Z
2026-08-25T22:16:08.071268+00:00,2026-08-25,Payton Tolle,BOS,11,+1440,34564607,2026-08-25T22:40:00.0000000Z
2026-08-25T22:16:08.071268+00:00,2026-08-25,Tyler Phillips,MIA,2,-1260,34564607,2026-08-25T22:40:00.0000000Z
2026-08-25T22:16:08.071268+00:00,2026-08-25,Tyler Phillips,MIA,3,-350,34564607,2026-08-25T22:40:00.0000000Z
2026-08-25T22:16:08.071268+00:00,2026-08-25,Tyler Phillips,MIA,4,-135,34564607,2026-08-25T22:40:00.0000000Z
2026-08-25T22:16:08.071268+00:00,2026-08-25,Tyler Phillips,MIA,5,+173,34564607,2026-08-25T22:40:00.0000000Z
2026-08-25T22:16:08.071268+00:00,2026-08-25,Tyler Phillips,MIA,6,+387,34564607,2026-08-25T22:40:00.0000000Z
2026-08-25T22:16:08.071268+00:00,2026-08-25,Tyler Phillips,MIA,7,+840,34564607,2026-08-25T22:40:00.0000000Z
2026-08-25T22:16:08.071268+00:00,2026-08-25,Tyler Phillips,MIA,8,+1780,34564607,2026-08-25T22:40:00.0000000Z
2026-08-25T22:16:08.071268+00:00,2026-08-25,Andrew Alvarez,WSH,3,-1000,34564608,2026-08-25T22:45:00.0000000Z
2026-08-25T22:16:08.071268+00:00,2026-08-25,Andrew Alvarez,WSH,4,-336,34564608,2026-08-25T22:45:00.0000000Z
2026-08-25T22:16:08.071268+00:00,2026-08-25,Andrew Alvarez,WSH,5,-142,34564608,2026-08-25T22:45:00.0000000Z
2026-08-25T22:16:08.071268+00:00,2026-08-25,Andrew Alvarez,WSH,6,+156,34564608,2026-08-25T22:45:00.0000000Z
2026-08-25T22:16:08.071268+00:00,2026-08-25,Andrew Alvarez,WSH,7,+324,34564608,2026-08-25T22:45:00.0000000Z
2026-08-25T22:16:08.071268+00:00,2026-08-25,Andrew Alvarez,WSH,8,+700,34564608,2026-08-25T22:45:00.0000000Z
2026-08-25T22:16:08.071268+00:00,2026-08-25,Andrew Alvarez,WSH,9,+1440,34564608,2026-08-25T22:45:00.0000000Z
2026-08-25T22:16:08.071268+00:00,2026-08-25,Will Warren,NYY,3,-1080,34564609,2026-08-25T23:05:00.0000000Z
2026-08-25T22:16:08.071268+00:00,2026-08-25,Will Warren,NYY,4,-360,34564609,2026-08-25T23:05:00.0000000Z
2026-08-25T22:16:08.071268+00:00,2026-08-25,Will Warren,NYY,5,-150,34564609,2026-08-25T23:05:00.0000000Z
2026-08-25T22:16:08.071268+00:00,2026-08-25,Will Warren,NYY,6,+146,34564609,2026-08-25T23:05:00.0000000Z
2026-08-25T22:16:08.071268+00:00,2026-08-25,Will Warren,NYY,7,+308,34564609,2026-08-25T23:05:00.0000000Z
2026-08-25T22:16:08.071268+00:00,2026-08-25,Will Warren,NYY,8,+650,34564609,2026-08-25T23:05:00.0000000Z
2026-08-25T22:16:08.071268+00:00,2026-08-25,Will Warren,NYY,9,+1420,34564609,2026-08-25T23:05:00.0000000Z
2026-08-25T22:16:08.071268+00:00,2026-08-25,Ethan Pecko,HOU,2,-2600,34564609,2026-08-25T23:05:00.0000000Z
2026-08-25T22:16:08.071268+00:00,2026-08-25,Ethan Pecko,HOU,3,-591,34564609,2026-08-25T23:05:00.0000000Z
2026-08-25T22:16:08.071268+00:00,2026-08-25,Ethan Pecko,HOU,4,-224,34564609,2026-08-25T23:05:00.0000000Z
2026-08-25T22:16:08.071268+00:00,2026-08-25,Ethan Pecko,HOU,5,+103,34564609,2026-08-25T23:05:00.0000000Z
2026-08-25T22:16:08.071268+00:00,2026-08-25,Ethan Pecko,HOU,6,+225,34564609,2026-08-25T23:05:00.0000000Z
2026-08-25T22:16:08.071268+00:00,2026-08-25,Ethan Pecko,HOU,7,+484,34564609,2026-08-25T23:05:00.0000000Z
2026-08-25T22:16:08.071268+00:00,2026-08-25,Ethan Pecko,HOU,8,+1040,34564609,2026-08-25T23:05:00.0000000Z
2026-08-25T22:16:08.071268+00:00,2026-08-25,Max Scherzer,TOR,2,-1580,34564610,2026-08-25T23:07:00.0000000Z
2026-08-25T22:16:08.071268+00:00,2026-08-25,Max Scherzer,TOR,3,-397,34564610,2026-08-25T23:07:00.0000000Z
2026-08-25T22:16:08.071268+00:00,2026-08-25,Max Scherzer,TOR,4,-152,34564610,2026-08-25T23:07:00.0000000Z
2026-08-25T22:16:08.071268+00:00,2026-08-25,Max Scherzer,TOR,5,+157,34564610,2026-08-25T23:07:00.0000000Z
2026-08-25T22:16:08.071268+00:00,2026-08-25,Max Scherzer,TOR,6,+353,34564610,2026-08-25T23:07:00.0000000Z
2026-08-25T22:16:08.071268+00:00,2026-08-25,Max Scherzer,TOR,7,+780,34564610,2026-08-25T23:07:00.0000000Z
2026-08-25T22:16:08.071268+00:00,2026-08-25,Max Scherzer,TOR,8,+1640,34564610,2026-08-25T23:07:00.0000000Z
2026-08-25T22:16:08.071268+00:00,2026-08-25,Seth Lugo,KC,2,-1120,34564610,2026-08-25T23:07:00.0000000Z
2026-08-25T22:16:08.071268+00:00,2026-08-25,Seth Lugo,KC,3,-334,34564610,2026-08-25T23:07:00.0000000Z
2026-08-25T22:16:08.071268+00:00,2026-08-25,Seth Lugo,KC,4,-128,34564610,2026-08-25T23:07:00.0000000Z
2026-08-25T22:16:08.071268+00:00,2026-08-25,Seth Lugo,KC,5,+180,34564610,2026-08-25T23:07:00.0000000Z
2026-08-25T22:16:08.071268+00:00,2026-08-25,Seth Lugo,KC,6,+403,34564610,2026-08-25T23:07:00.0000000Z
2026-08-25T22:16:08.071268+00:00,2026-08-25,Seth Lugo,KC,7,+870,34564610,2026-08-25T23:07:00.0000000Z
2026-08-25T22:16:08.071268+00:00,2026-08-25,Seth Lugo,KC,8,+1800,34564610,2026-08-25T23:07:00.0000000Z
2026-08-25T22:16:08.071268+00:00,2026-08-25,Kyle Harrison,MIL,3,-2900,34564611,2026-08-25T23:10:00.0000000Z
2026-08-25T22:16:08.071268+00:00,2026-08-25,Kyle Harrison,MIL,4,-700,34564611,2026-08-25T23:10:00.0000000Z
2026-08-25T22:16:08.071268+00:00,2026-08-25,Kyle Harrison,MIL,5,-268,34564611,2026-08-25T23:10:00.0000000Z
2026-08-25T22:16:08.071268+00:00,2026-08-25,Kyle Harrison,MIL,6,-118,34564611,2026-08-25T23:10:00.0000000Z
2026-08-25T22:16:08.071268+00:00,2026-08-25,Kyle Harrison,MIL,7,+180,34564611,2026-08-25T23:10:00.0000000Z
2026-08-25T22:16:08.071268+00:00,2026-08-25,Kyle Harrison,MIL,8,+371,34564611,2026-08-25T23:10:00.0000000Z
2026-08-25T22:16:08.071268+00:00,2026-08-25,Kyle Harrison,MIL,9,+760,34564611,2026-08-25T23:10:00.0000000Z
2026-08-25T22:16:08.071268+00:00,2026-08-25,Kyle Harrison,MIL,10,+1580,34564611,2026-08-25T23:10:00.0000000Z
2026-08-25T22:16:08.071268+00:00,2026-08-25,Zac Thornton,NYM,2,-1400,34564611,2026-08-25T23:10:00.0000000Z
2026-08-25T22:16:08.071268+00:00,2026-08-25,Zac Thornton,NYM,3,-362,34564611,2026-08-25T23:10:00.0000000Z
2026-08-25T22:16:08.071268+00:00,2026-08-25,Zac Thornton,NYM,4,-136,34564611,2026-08-25T23:10:00.0000000Z
2026-08-25T22:16:08.071268+00:00,2026-08-25,Zac Thornton,NYM,5,+172,34564611,2026-08-25T23:10:00.0000000Z
2026-08-25T22:16:08.071268+00:00,2026-08-25,Zac Thornton,NYM,6,+384,34564611,2026-08-25T23:10:00.0000000Z
2026-08-25T22:16:08.071268+00:00,2026-08-25,Zac Thornton,NYM,7,+850,34564611,2026-08-25T23:10:00.0000000Z
2026-08-25T22:16:08.071268+00:00,2026-08-25,Zac Thornton,NYM,8,+1820,34564611,2026-08-25T23:10:00.0000000Z
2026-08-25T22:16:08.071268+00:00,2026-08-25,Tyler Glasnow,LAD,4,-1160,34564612,2026-08-25T23:15:00.0000000Z
2026-08-25T22:16:08.071268+00:00,2026-08-25,Tyler Glasnow,LAD,5,-420,34564612,2026-08-25T23:15:00.0000000Z
2026-08-25T22:16:08.071268+00:00,2026-08-25,Tyler Glasnow,LAD,6,-186,34564612,2026-08-25T23:15:00.0000000Z
2026-08-25T22:16:08.071268+00:00,2026-08-25,Tyler Glasnow,LAD,7,+112,34564612,2026-08-25T23:15:00.0000000Z
2026-08-25T22:16:08.071268+00:00,2026-08-25,Tyler Glasnow,LAD,8,+231,34564612,2026-08-25T23:15:00.0000000Z
2026-08-25T22:16:08.071268+00:00,2026-08-25,Tyler Glasnow,LAD,9,+479,34564612,2026-08-25T23:15:00.0000000Z
2026-08-25T22:16:08.071268+00:00,2026-08-25,Tyler Glasnow,LAD,10,+970,34564612,2026-08-25T23:15:00.0000000Z
2026-08-25T22:16:08.071268+00:00,2026-08-25,Bryce Elder,ATL,2,-1360,34564612,2026-08-25T23:15:00.0000000Z
2026-08-25T22:16:08.071268+00:00,2026-08-25,Bryce Elder,ATL,3,-369,34564612,2026-08-25T23:15:00.0000000Z
2026-08-25T22:16:08.071268+00:00,2026-08-25,Bryce Elder,ATL,4,-138,34564612,2026-08-25T23:15:00.0000000Z
2026-08-25T22:16:08.071268+00:00,2026-08-25,Bryce Elder,ATL,5,+169,34564612,2026-08-25T23:15:00.0000000Z
2026-08-25T22:16:08.071268+00:00,2026-08-25,Bryce Elder,ATL,6,+380,34564612,2026-08-25T23:15:00.0000000Z
2026-08-25T22:16:08.071268+00:00,2026-08-25,Bryce Elder,ATL,7,+840,34564612,2026-08-25T23:15:00.0000000Z
2026-08-25T22:16:08.071268+00:00,2026-08-25,Bryce Elder,ATL,8,+1760,34564612,2026-08-25T23:15:00.0000000Z
2026-08-25T22:16:08.071268+00:00,2026-08-25,Jacob deGrom,TEX,4,-2100,34564613,2026-08-25T23:40:00.0000000Z
2026-08-25T22:16:08.071268+00:00,2026-08-25,Jacob deGrom,TEX,5,-700,34564613,2026-08-25T23:40:00.0000000Z
2026-08-25T22:16:08.071268+00:00,2026-08-25,Jacob deGrom,TEX,6,-276,34564613,2026-08-25T23:40:00.0000000Z
2026-08-25T22:16:08.071268+00:00,2026-08-25,Jacob deGrom,TEX,7,-131,34564613,2026-08-25T23:40:00.0000000Z
2026-08-25T22:16:08.071268+00:00,2026-08-25,Jacob deGrom,TEX,8,+154,34564613,2026-08-25T23:40:00.0000000Z
2026-08-25T22:16:08.071268+00:00,2026-08-25,Jacob deGrom,TEX,9,+315,34564613,2026-08-25T23:40:00.0000000Z
2026-08-25T22:16:08.071268+00:00,2026-08-25,Jacob deGrom,TEX,10,+640,34564613,2026-08-25T23:40:00.0000000Z
2026-08-25T22:16:08.071268+00:00,2026-08-25,Jacob deGrom,TEX,11,+1280,34564613,2026-08-25T23:40:00.0000000Z
2026-08-25T22:16:08.071268+00:00,2026-08-25,Anthony Kay,CWS,3,-960,34564613,2026-08-25T23:40:00.0000000Z
2026-08-25T22:16:08.071268+00:00,2026-08-25,Anthony Kay,CWS,4,-322,34564613,2026-08-25T23:40:00.0000000Z
2026-08-25T22:16:08.071268+00:00,2026-08-25,Anthony Kay,CWS,5,-135,34564613,2026-08-25T23:40:00.0000000Z
2026-08-25T22:16:08.071268+00:00,2026-08-25,Anthony Kay,CWS,6,+162,34564613,2026-08-25T23:40:00.0000000Z
2026-08-25T22:16:08.071268+00:00,2026-08-25,Anthony Kay,CWS,7,+346,34564613,2026-08-25T23:40:00.0000000Z
2026-08-25T22:16:08.071268+00:00,2026-08-25,Anthony Kay,CWS,8,+750,34564613,2026-08-25T23:40:00.0000000Z
2026-08-25T22:16:08.071268+00:00,2026-08-25,Anthony Kay,CWS,9,+1580,34564613,2026-08-25T23:40:00.0000000Z
2026-08-25T22:16:08.071268+00:00,2026-08-25,Matthew Liberatore,STL,3,-1700,34564614,2026-08-25T23:45:00.0000000Z
2026-08-25T22:16:08.071268+00:00,2026-08-25,Matthew Liberatore,STL,4,-534,34564614,2026-08-25T23:45:00.0000000Z
2026-08-25T22:16:08.071268+00:00,2026-08-25,Matthew Liberatore,STL,5,-227,34564614,2026-08-25T23:45:00.0000000Z
2026-08-25T22:16:08.071268+00:00,2026-08-25,Matthew Liberatore,STL,6,-109,34564614,2026-08-25T23:45:00.0000000Z
2026-08-25T22:16:08.071268+00:00,2026-08-25,Matthew Liberatore,STL,7,+182,34564614,2026-08-25T23:45:00.0000000Z
2026-08-25T22:16:08.071268+00:00,2026-08-25,Matthew Liberatore,STL,8,+360,34564614,2026-08-25T23:45:00.0000000Z
2026-08-25T22:16:08.071268+00:00,2026-08-25,Matthew Liberatore,STL,9,+700,34564614,2026-08-25T23:45:00.0000000Z
2026-08-25T22:16:08.071268+00:00,2026-08-25,Matthew Liberatore,STL,10,+1380,34564614,2026-08-25T23:45:00.0000000Z
2026-08-25T22:16:08.071268+00:00,2026-08-25,Chris Bassitt,BAL,2,-1440,34564614,2026-08-25T23:45:00.0000000Z
2026-08-25T22:16:08.071268+00:00,2026-08-25,Chris Bassitt,BAL,3,-392,34564614,2026-08-25T23:45:00.0000000Z
2026-08-25T22:16:08.071268+00:00,2026-08-25,Chris Bassitt,BAL,4,-151,34564614,2026-08-25T23:45:00.0000000Z
2026-08-25T22:16:08.071268+00:00,2026-08-25,Chris Bassitt,BAL,5,+152,34564614,2026-08-25T23:45:00.0000000Z
2026-08-25T22:16:08.071268+00:00,2026-08-25,Chris Bassitt,BAL,6,+336,34564614,2026-08-25T23:45:00.0000000Z
2026-08-25T22:16:08.071268+00:00,2026-08-25,Chris Bassitt,BAL,7,+750,34564614,2026-08-25T23:45:00.0000000Z
2026-08-25T22:16:08.071268+00:00,2026-08-25,Chris Bassitt,BAL,8,+1580,34564614,2026-08-25T23:45:00.0000000Z
2026-08-25T22:16:08.071268+00:00,2026-08-25,Gavin Williams,CLE,5,-1440,34564615,2026-08-26T01:38:00.0000000Z
2026-08-25T22:16:08.071268+00:00,2026-08-25,Gavin Williams,CLE,6,-610,34564615,2026-08-26T01:38:00.0000000Z
2026-08-25T22:16:08.071268+00:00,2026-08-25,Gavin Williams,CLE,7,-298,34564615,2026-08-26T01:38:00.0000000Z
2026-08-25T22:16:08.071268+00:00,2026-08-25,Gavin Williams,CLE,8,-158,34564615,2026-08-26T01:38:00.0000000Z
2026-08-25T22:16:08.071268+00:00,2026-08-25,Gavin Williams,CLE,9,+111,34564615,2026-08-26T01:38:00.0000000Z
2026-08-25T22:16:08.071268+00:00,2026-08-25,Gavin Williams,CLE,10,+196,34564615,2026-08-26T01:38:00.0000000Z
2026-08-25T22:16:08.071268+00:00,2026-08-25,Gavin Williams,CLE,11,+342,34564615,2026-08-26T01:38:00.0000000Z
2026-08-25T22:16:08.071268+00:00,2026-08-25,Gavin Williams,CLE,12,+600,34564615,2026-08-26T01:38:00.0000000Z
2026-08-25T22:16:08.071268+00:00,2026-08-25,Gavin Williams,CLE,13,+1060,34564615,2026-08-26T01:38:00.0000000Z
2026-08-25T22:16:08.071268+00:00,2026-08-25,Walbert Urena,LAA,2,-1900,34564615,2026-08-26T01:38:00.0000000Z
2026-08-25T22:16:08.071268+00:00,2026-08-25,Walbert Urena,LAA,3,-480,34564615,2026-08-26T01:38:00.0000000Z
2026-08-25T22:16:08.071268+00:00,2026-08-25,Walbert Urena,LAA,4,-181,34564615,2026-08-26T01:38:00.0000000Z
2026-08-25T22:16:08.071268+00:00,2026-08-25,Walbert Urena,LAA,5,+129,34564615,2026-08-26T01:38:00.0000000Z
2026-08-25T22:16:08.071268+00:00,2026-08-25,Walbert Urena,LAA,6,+286,34564615,2026-08-26T01:38:00.0000000Z
2026-08-25T22:16:08.071268+00:00,2026-08-25,Walbert Urena,LAA,7,+630,34564615,2026-08-26T01:38:00.0000000Z
2026-08-25T22:16:08.071268+00:00,2026-08-25,Walbert Urena,LAA,8,+1340,34564615,2026-08-26T01:38:00.0000000Z
2026-08-25T22:16:08.071268+00:00,2026-08-25,Brandon Pfaadt,ARI,2,-2300,34564616,2026-08-26T01:40:00.0000000Z
2026-08-25T22:16:08.071268+00:00,2026-08-25,Brandon Pfaadt,ARI,3,-524,34564616,2026-08-26T01:40:00.0000000Z
2026-08-25T22:16:08.071268+00:00,2026-08-25,Brandon Pfaadt,ARI,4,-198,34564616,2026-08-26T01:40:00.0000000Z
2026-08-25T22:16:08.071268+00:00,2026-08-25,Brandon Pfaadt,ARI,5,+120,34564616,2026-08-26T01:40:00.0000000Z
2026-08-25T22:16:08.071268+00:00,2026-08-25,Brandon Pfaadt,ARI,6,+270,34564616,2026-08-26T01:40:00.0000000Z
2026-08-25T22:16:08.071268+00:00,2026-08-25,Brandon Pfaadt,ARI,7,+593,34564616,2026-08-26T01:40:00.0000000Z
2026-08-25T22:16:08.071268+00:00,2026-08-25,Brandon Pfaadt,ARI,8,+1260,34564616,2026-08-26T01:40:00.0000000Z
2026-08-25T22:16:08.071268+00:00,2026-08-25,Clay Holmes,CHC,2,-710,34564616,2026-08-26T01:40:00.0000000Z
2026-08-25T22:16:08.071268+00:00,2026-08-25,Clay Holmes,CHC,3,-225,34564616,2026-08-26T01:40:00.0000000Z
2026-08-25T22:16:08.071268+00:00,2026-08-25,Clay Holmes,CHC,4,+110,34564616,2026-08-26T01:40:00.0000000Z
2026-08-25T22:16:08.071268+00:00,2026-08-25,Clay Holmes,CHC,5,+252,34564616,2026-08-26T01:40:00.0000000Z
2026-08-25T22:16:08.071268+00:00,2026-08-25,Clay Holmes,CHC,6,+556,34564616,2026-08-26T01:40:00.0000000Z
2026-08-25T22:16:08.071268+00:00,2026-08-25,Clay Holmes,CHC,7,+1220,34564616,2026-08-26T01:40:00.0000000Z
2026-08-25T22:16:08.071268+00:00,2026-08-25,Taj Bradley,MIN,3,-1580,34564617,2026-08-26T01:40:00.0000000Z
2026-08-25T22:16:08.071268+00:00,2026-08-25,Taj Bradley,MIN,4,-497,34564617,2026-08-26T01:40:00.0000000Z
2026-08-25T22:16:08.071268+00:00,2026-08-25,Taj Bradley,MIN,5,-210,34564617,2026-08-26T01:40:00.0000000Z
2026-08-25T22:16:08.071268+00:00,2026-08-25,Taj Bradley,MIN,6,+100,34564617,2026-08-26T01:40:00.0000000Z
2026-08-25T22:16:08.071268+00:00,2026-08-25,Taj Bradley,MIN,7,+211,34564617,2026-08-26T01:40:00.0000000Z
2026-08-25T22:16:08.071268+00:00,2026-08-25,Taj Bradley,MIN,8,+435,34564617,2026-08-26T01:40:00.0000000Z
2026-08-25T22:16:08.071268+00:00,2026-08-25,Taj Bradley,MIN,9,+850,34564617,2026-08-26T01:40:00.0000000Z
2026-08-25T22:16:08.071268+00:00,2026-08-25,Taj Bradley,MIN,10,+1700,34564617,2026-08-26T01:40:00.0000000Z
2026-08-25T22:16:08.071268+00:00,2026-08-25,Gage Jump,OAK,3,-1340,34564617,2026-08-26T01:40:00.0000000Z
2026-08-25T22:16:08.071268+00:00,2026-08-25,Gage Jump,OAK,4,-442,34564617,2026-08-26T01:40:00.0000000Z
2026-08-25T22:16:08.071268+00:00,2026-08-25,Gage Jump,OAK,5,-185,34564617,2026-08-26T01:40:00.0000000Z
2026-08-25T22:16:08.071268+00:00,2026-08-25,Gage Jump,OAK,6,+115,34564617,2026-08-26T01:40:00.0000000Z
2026-08-25T22:16:08.071268+00:00,2026-08-25,Gage Jump,OAK,7,+239,34564617,2026-08-26T01:40:00.0000000Z
2026-08-25T22:16:08.071268+00:00,2026-08-25,Gage Jump,OAK,8,+484,34564617,2026-08-26T01:40:00.0000000Z
2026-08-25T22:16:08.071268+00:00,2026-08-25,Gage Jump,OAK,9,+960,34564617,2026-08-26T01:40:00.0000000Z
2026-08-25T22:16:08.071268+00:00,2026-08-25,Paul Skenes,PIT,3,-4000,34564618,2026-08-26T01:40:00.0000000Z
2026-08-25T22:16:08.071268+00:00,2026-08-25,Paul Skenes,PIT,4,-930,34564618,2026-08-26T01:40:00.0000000Z
2026-08-25T22:16:08.071268+00:00,2026-08-25,Paul Skenes,PIT,5,-356,34564618,2026-08-26T01:40:00.0000000Z
2026-08-25T22:16:08.071268+00:00,2026-08-25,Paul Skenes,PIT,6,-156,34564618,2026-08-26T01:40:00.0000000Z
2026-08-25T22:16:08.071268+00:00,2026-08-25,Paul Skenes,PIT,7,+133,34564618,2026-08-26T01:40:00.0000000Z
2026-08-25T22:16:08.071268+00:00,2026-08-25,Paul Skenes,PIT,8,+275,34564618,2026-08-26T01:40:00.0000000Z
2026-08-25T22:16:08.071268+00:00,2026-08-25,Paul Skenes,PIT,9,+549,34564618,2026-08-26T01:40:00.0000000Z
2026-08-25T22:16:08.071268+00:00,2026-08-25,Paul Skenes,PIT,10,+1100,34564618,2026-08-26T01:40:00.0000000Z
2026-08-25T22:16:08.071268+00:00,2026-08-25,Michael King,SD,3,-1520,34564618,2026-08-26T01:40:00.0000000Z
2026-08-25T22:16:08.071268+00:00,2026-08-25,Michael King,SD,4,-532,34564618,2026-08-26T01:40:00.0000000Z
2026-08-25T22:16:08.071268+00:00,2026-08-25,Michael King,SD,5,-228,34564618,2026-08-26T01:40:00.0000000Z
2026-08-25T22:16:08.071268+00:00,2026-08-25,Michael King,SD,6,-108,34564618,2026-08-26T01:40:00.0000000Z
2026-08-25T22:16:08.071268+00:00,2026-08-25,Michael King,SD,7,+183,34564618,2026-08-26T01:40:00.0000000Z
2026-08-25T22:16:08.071268+00:00,2026-08-25,Michael King,SD,8,+359,34564618,2026-08-26T01:40:00.0000000Z
2026-08-25T22:16:08.071268+00:00,2026-08-25,Michael King,SD,9,+730,34564618,2026-08-26T01:40:00.0000000Z
2026-08-25T22:16:08.071268+00:00,2026-08-25,Michael King,SD,10,+1420,34564618,2026-08-26T01:40:00.0000000Z
2026-08-25T22:16:08.071268+00:00,2026-08-25,Aaron Nola,PHI,3,-2700,34564619,2026-08-26T01:40:00.0000000Z
2026-08-25T22:16:08.071268+00:00,2026-08-25,Aaron Nola,PHI,4,-730,34564619,2026-08-26T01:40:00.0000000Z
2026-08-25T22:16:08.071268+00:00,2026-08-25,Aaron Nola,PHI,5,-286,34564619,2026-08-26T01:40:00.0000000Z
2026-08-25T22:16:08.071268+00:00,2026-08-25,Aaron Nola,PHI,6,-129,34564619,2026-08-26T01:40:00.0000000Z
2026-08-25T22:16:08.071268+00:00,2026-08-25,Aaron Nola,PHI,7,+158,34564619,2026-08-26T01:40:00.0000000Z
2026-08-25T22:16:08.071268+00:00,2026-08-25,Aaron Nola,PHI,8,+322,34564619,2026-08-26T01:40:00.0000000Z
2026-08-25T22:16:08.071268+00:00,2026-08-25,Aaron Nola,PHI,9,+660,34564619,2026-08-26T01:40:00.0000000Z
2026-08-25T22:16:08.071268+00:00,2026-08-25,Aaron Nola,PHI,10,+1300,34564619,2026-08-26T01:40:00.0000000Z
2026-08-25T22:16:08.071268+00:00,2026-08-25,George Kirby,SEA,3,-880,34564619,2026-08-26T01:40:00.0000000Z
2026-08-25T22:16:08.071268+00:00,2026-08-25,George Kirby,SEA,4,-293,34564619,2026-08-26T01:40:00.0000000Z
2026-08-25T22:16:08.071268+00:00,2026-08-25,George Kirby,SEA,5,-124,34564619,2026-08-26T01:40:00.0000000Z
2026-08-25T22:16:08.071268+00:00,2026-08-25,George Kirby,SEA,6,+179,34564619,2026-08-26T01:40:00.0000000Z
2026-08-25T22:16:08.071268+00:00,2026-08-25,George Kirby,SEA,7,+391,34564619,2026-08-26T01:40:00.0000000Z
2026-08-25T22:16:08.071268+00:00,2026-08-25,George Kirby,SEA,8,+820,34564619,2026-08-26T01:40:00.0000000Z
2026-08-25T22:16:08.071268+00:00,2026-08-25,George Kirby,SEA,9,+1660,34564619,2026-08-26T01:40:00.0000000Z
2026-08-25T22:16:08.071268+00:00,2026-08-25,Brady Singer,CIN,2,-2500,34564620,2026-08-26T01:45:00.0000000Z
2026-08-25T22:16:08.071268+00:00,2026-08-25,Brady Singer,CIN,3,-593,34564620,2026-08-26T01:45:00.0000000Z
2026-08-25T22:16:08.071268+00:00,2026-08-25,Brady Singer,CIN,4,-224,34564620,2026-08-26T01:45:00.0000000Z
2026-08-25T22:16:08.071268+00:00,2026-08-25,Brady Singer,CIN,5,+103,34564620,2026-08-26T01:45:00.0000000Z
2026-08-25T22:16:08.071268+00:00,2026-08-25,Brady Singer,CIN,6,+228,34564620,2026-08-26T01:45:00.0000000Z
2026-08-25T22:16:08.071268+00:00,2026-08-25,Brady Singer,CIN,7,+495,34564620,2026-08-26T01:45:00.0000000Z
2026-08-25T22:16:08.071268+00:00,2026-08-25,Brady Singer,CIN,8,+1040,34564620,2026-08-26T01:45:00.0000000Z
2026-08-25T22:16:08.071268+00:00,2026-08-25,Adrian Houser,SF,2,-1720,34564620,2026-08-26T01:45:00.0000000Z
2026-08-25T22:16:08.071268+00:00,2026-08-25,Adrian Houser,SF,3,-419,34564620,2026-08-26T01:45:00.0000000Z
2026-08-25T22:16:08.071268+00:00,2026-08-25,Adrian Houser,SF,4,-156,34564620,2026-08-26T01:45:00.0000000Z
2026-08-25T22:16:08.071268+00:00,2026-08-25,Adrian Houser,SF,5,+152,34564620,2026-08-26T01:45:00.0000000Z
2026-08-25T22:16:08.071268+00:00,2026-08-25,Adrian Houser,SF,6,+349,34564620,2026-08-26T01:45:00.0000000Z
2026-08-25T22:16:08.071268+00:00,2026-08-25,Adrian Houser,SF,7,+790,34564620,2026-08-26T01:45:00.0000000Z
2026-08-25T22:16:08.071268+00:00,2026-08-25,Adrian Houser,SF,8,+1680,34564620,2026-08-26T01:45:00.0000000Z
2026-08-25T22:31:33.959505+00:00,2026-08-25,Jackson Jobe,DET,2,-820,34564606,2026-08-25T22:40:00.0000000Z
2026-08-25T22:31:33.959505+00:00,2026-08-25,Jackson Jobe,DET,3,-252,34564606,2026-08-25T22:40:00.0000000Z
2026-08-25T22:31:33.959505+00:00,2026-08-25,Jackson Jobe,DET,4,+100,34564606,2026-08-25T22:40:00.0000000Z
2026-08-25T22:31:33.959505+00:00,2026-08-25,Jackson Jobe,DET,5,+231,34564606,2026-08-25T22:40:00.0000000Z
2026-08-25T22:31:33.959505+00:00,2026-08-25,Jackson Jobe,DET,6,+520,34564606,2026-08-25T22:40:00.0000000Z
2026-08-25T22:31:33.959505+00:00,2026-08-25,Jackson Jobe,DET,7,+1120,34564606,2026-08-25T22:40:00.0000000Z
2026-08-25T22:31:33.959505+00:00,2026-08-25,Payton Tolle,BOS,4,-1100,34564607,2026-08-25T22:40:00.0000000Z
2026-08-25T22:31:33.959505+00:00,2026-08-25,Payton Tolle,BOS,5,-434,34564607,2026-08-25T22:40:00.0000000Z
2026-08-25T22:31:33.959505+00:00,2026-08-25,Payton Tolle,BOS,6,-197,34564607,2026-08-25T22:40:00.0000000Z
2026-08-25T22:31:33.959505+00:00,2026-08-25,Payton Tolle,BOS,7,+103,34564607,2026-08-25T22:40:00.0000000Z
2026-08-25T22:31:33.959505+00:00,2026-08-25,Payton Tolle,BOS,8,+202,34564607,2026-08-25T22:40:00.0000000Z
2026-08-25T22:31:33.959505+00:00,2026-08-25,Payton Tolle,BOS,9,+395,34564607,2026-08-25T22:40:00.0000000Z
2026-08-25T22:31:33.959505+00:00,2026-08-25,Payton Tolle,BOS,10,+770,34564607,2026-08-25T22:40:00.0000000Z
2026-08-25T22:31:33.959505+00:00,2026-08-25,Payton Tolle,BOS,11,+1440,34564607,2026-08-25T22:40:00.0000000Z
2026-08-25T22:31:33.959505+00:00,2026-08-25,Tyler Phillips,MIA,2,-1280,34564607,2026-08-25T22:40:00.0000000Z
2026-08-25T22:31:33.959505+00:00,2026-08-25,Tyler Phillips,MIA,3,-344,34564607,2026-08-25T22:40:00.0000000Z
2026-08-25T22:31:33.959505+00:00,2026-08-25,Tyler Phillips,MIA,4,-135,34564607,2026-08-25T22:40:00.0000000Z
2026-08-25T22:31:33.959505+00:00,2026-08-25,Tyler Phillips,MIA,5,+171,34564607,2026-08-25T22:40:00.0000000Z
2026-08-25T22:31:33.959505+00:00,2026-08-25,Tyler Phillips,MIA,6,+379,34564607,2026-08-25T22:40:00.0000000Z
2026-08-25T22:31:33.959505+00:00,2026-08-25,Tyler Phillips,MIA,7,+830,34564607,2026-08-25T22:40:00.0000000Z
2026-08-25T22:31:33.959505+00:00,2026-08-25,Tyler Phillips,MIA,8,+1760,34564607,2026-08-25T22:40:00.0000000Z
2026-08-25T22:31:33.959505+00:00,2026-08-25,Andrew Alvarez,WSH,3,-1080,34564608,2026-08-25T22:45:00.0000000Z
2026-08-25T22:31:33.959505+00:00,2026-08-25,Andrew Alvarez,WSH,4,-362,34564608,2026-08-25T22:45:00.0000000Z
2026-08-25T22:31:33.959505+00:00,2026-08-25,Andrew Alvarez,WSH,5,-150,34564608,2026-08-25T22:45:00.0000000Z
2026-08-25T22:31:33.959505+00:00,2026-08-25,Andrew Alvarez,WSH,6,+149,34564608,2026-08-25T22:45:00.0000000Z
2026-08-25T22:31:33.959505+00:00,2026-08-25,Andrew Alvarez,WSH,7,+313,34564608,2026-08-25T22:45:00.0000000Z
2026-08-25T22:31:33.959505+00:00,2026-08-25,Andrew Alvarez,WSH,8,+660,34564608,2026-08-25T22:45:00.0000000Z
2026-08-25T22:31:33.959505+00:00,2026-08-25,Andrew Alvarez,WSH,9,+1360,34564608,2026-08-25T22:45:00.0000000Z
2026-08-25T22:31:33.959505+00:00,2026-08-25,Will Warren,NYY,3,-950,34564609,2026-08-25T23:05:00.0000000Z
2026-08-25T22:31:33.959505+00:00,2026-08-25,Will Warren,NYY,4,-333,34564609,2026-08-25T23:05:00.0000000Z
2026-08-25T22:31:33.959505+00:00,2026-08-25,Will Warren,NYY,5,-140,34564609,2026-08-25T23:05:00.0000000Z
2026-08-25T22:31:33.959505+00:00,2026-08-25,Will Warren,NYY,6,+159,34564609,2026-08-25T23:05:00.0000000Z
2026-08-25T22:31:33.959505+00:00,2026-08-25,Will Warren,NYY,7,+341,34564609,2026-08-25T23:05:00.0000000Z
2026-08-25T22:31:33.959505+00:00,2026-08-25,Will Warren,NYY,8,+730,34564609,2026-08-25T23:05:00.0000000Z
2026-08-25T22:31:33.959505+00:00,2026-08-25,Will Warren,NYY,9,+1580,34564609,2026-08-25T23:05:00.0000000Z
2026-08-25T22:31:33.959505+00:00,2026-08-25,Ethan Pecko,HOU,2,-2300,34564609,2026-08-25T23:05:00.0000000Z
2026-08-25T22:31:33.959505+00:00,2026-08-25,Ethan Pecko,HOU,3,-544,34564609,2026-08-25T23:05:00.0000000Z
2026-08-25T22:31:33.959505+00:00,2026-08-25,Ethan Pecko,HOU,4,-209,34564609,2026-08-25T23:05:00.0000000Z
2026-08-25T22:31:33.959505+00:00,2026-08-25,Ethan Pecko,HOU,5,+111,34564609,2026-08-25T23:05:00.0000000Z
2026-08-25T22:31:33.959505+00:00,2026-08-25,Ethan Pecko,HOU,6,+241,34564609,2026-08-25T23:05:00.0000000Z
2026-08-25T22:31:33.959505+00:00,2026-08-25,Ethan Pecko,HOU,7,+526,34564609,2026-08-25T23:05:00.0000000Z
2026-08-25T22:31:33.959505+00:00,2026-08-25,Ethan Pecko,HOU,8,+1140,34564609,2026-08-25T23:05:00.0000000Z
2026-08-25T22:31:33.959505+00:00,2026-08-25,Max Scherzer,TOR,2,-1580,34564610,2026-08-25T23:07:00.0000000Z
2026-08-25T22:31:33.959505+00:00,2026-08-25,Max Scherzer,TOR,3,-397,34564610,2026-08-25T23:07:00.0000000Z
2026-08-25T22:31:33.959505+00:00,2026-08-25,Max Scherzer,TOR,4,-152,34564610,2026-08-25T23:07:00.0000000Z
2026-08-25T22:31:33.959505+00:00,2026-08-25,Max Scherzer,TOR,5,+157,34564610,2026-08-25T23:07:00.0000000Z
2026-08-25T22:31:33.959505+00:00,2026-08-25,Max Scherzer,TOR,6,+353,34564610,2026-08-25T23:07:00.0000000Z
2026-08-25T22:31:33.959505+00:00,2026-08-25,Max Scherzer,TOR,7,+780,34564610,2026-08-25T23:07:00.0000000Z
2026-08-25T22:31:33.959505+00:00,2026-08-25,Max Scherzer,TOR,8,+1640,34564610,2026-08-25T23:07:00.0000000Z
2026-08-25T22:31:33.959505+00:00,2026-08-25,Seth Lugo,KC,2,-1120,34564610,2026-08-25T23:07:00.0000000Z
2026-08-25T22:31:33.959505+00:00,2026-08-25,Seth Lugo,KC,3,-334,34564610,2026-08-25T23:07:00.0000000Z
2026-08-25T22:31:33.959505+00:00,2026-08-25,Seth Lugo,KC,4,-128,34564610,2026-08-25T23:07:00.0000000Z
2026-08-25T22:31:33.959505+00:00,2026-08-25,Seth Lugo,KC,5,+180,34564610,2026-08-25T23:07:00.0000000Z
2026-08-25T22:31:33.959505+00:00,2026-08-25,Seth Lugo,KC,6,+403,34564610,2026-08-25T23:07:00.0000000Z
2026-08-25T22:31:33.959505+00:00,2026-08-25,Seth Lugo,KC,7,+870,34564610,2026-08-25T23:07:00.0000000Z
2026-08-25T22:31:33.959505+00:00,2026-08-25,Seth Lugo,KC,8,+1800,34564610,2026-08-25T23:07:00.0000000Z
2026-08-25T22:31:33.959505+00:00,2026-08-25,Kyle Harrison,MIL,3,-2500,34564611,2026-08-25T23:10:00.0000000Z
2026-08-25T22:31:33.959505+00:00,2026-08-25,Kyle Harrison,MIL,4,-640,34564611,2026-08-25T23:10:00.0000000Z
2026-08-25T22:31:33.959505+00:00,2026-08-25,Kyle Harrison,MIL,5,-247,34564611,2026-08-25T23:10:00.0000000Z
2026-08-25T22:31:33.959505+00:00,2026-08-25,Kyle Harrison,MIL,6,-109,34564611,2026-08-25T23:10:00.0000000Z
2026-08-25T22:31:33.959505+00:00,2026-08-25,Kyle Harrison,MIL,7,+194,34564611,2026-08-25T23:10:00.0000000Z
2026-08-25T22:31:33.959505+00:00,2026-08-25,Kyle Harrison,MIL,8,+402,34564611,2026-08-25T23:10:00.0000000Z
2026-08-25T22:31:33.959505+00:00,2026-08-25,Kyle Harrison,MIL,9,+850,34564611,2026-08-25T23:10:00.0000000Z
2026-08-25T22:31:33.959505+00:00,2026-08-25,Kyle Harrison,MIL,10,+1740,34564611,2026-08-25T23:10:00.0000000Z
2026-08-25T22:31:33.959505+00:00,2026-08-25,Zac Thornton,NYM,2,-1400,34564611,2026-08-25T23:10:00.0000000Z
2026-08-25T22:31:33.959505+00:00,2026-08-25,Zac Thornton,NYM,3,-362,34564611,2026-08-25T23:10:00.0000000Z
2026-08-25T22:31:33.959505+00:00,2026-08-25,Zac Thornton,NYM,4,-136,34564611,2026-08-25T23:10:00.0000000Z
2026-08-25T22:31:33.959505+00:00,2026-08-25,Zac Thornton,NYM,5,+172,34564611,2026-08-25T23:10:00.0000000Z
2026-08-25T22:31:33.959505+00:00,2026-08-25,Zac Thornton,NYM,6,+384,34564611,2026-08-25T23:10:00.0000000Z
2026-08-25T22:31:33.959505+00:00,2026-08-25,Zac Thornton,NYM,7,+850,34564611,2026-08-25T23:10:00.0000000Z
2026-08-25T22:31:33.959505+00:00,2026-08-25,Zac Thornton,NYM,8,+1820,34564611,2026-08-25T23:10:00.0000000Z
2026-08-25T22:31:33.959505+00:00,2026-08-25,Tyler Glasnow,LAD,4,-1160,34564612,2026-08-25T23:15:00.0000000Z
2026-08-25T22:31:33.959505+00:00,2026-08-25,Tyler Glasnow,LAD,5,-420,34564612,2026-08-25T23:15:00.0000000Z
2026-08-25T22:31:33.959505+00:00,2026-08-25,Tyler Glasnow,LAD,6,-186,34564612,2026-08-25T23:15:00.0000000Z
2026-08-25T22:31:33.959505+00:00,2026-08-25,Tyler Glasnow,LAD,7,+112,34564612,2026-08-25T23:15:00.0000000Z
2026-08-25T22:31:33.959505+00:00,2026-08-25,Tyler Glasnow,LAD,8,+231,34564612,2026-08-25T23:15:00.0000000Z
2026-08-25T22:31:33.959505+00:00,2026-08-25,Tyler Glasnow,LAD,9,+479,34564612,2026-08-25T23:15:00.0000000Z
2026-08-25T22:31:33.959505+00:00,2026-08-25,Tyler Glasnow,LAD,10,+970,34564612,2026-08-25T23:15:00.0000000Z
2026-08-25T22:31:33.959505+00:00,2026-08-25,Bryce Elder,ATL,2,-1360,34564612,2026-08-25T23:15:00.0000000Z
2026-08-25T22:31:33.959505+00:00,2026-08-25,Bryce Elder,ATL,3,-369,34564612,2026-08-25T23:15:00.0000000Z
2026-08-25T22:31:33.959505+00:00,2026-08-25,Bryce Elder,ATL,4,-138,34564612,2026-08-25T23:15:00.0000000Z
2026-08-25T22:31:33.959505+00:00,2026-08-25,Bryce Elder,ATL,5,+169,34564612,2026-08-25T23:15:00.0000000Z
2026-08-25T22:31:33.959505+00:00,2026-08-25,Bryce Elder,ATL,6,+380,34564612,2026-08-25T23:15:00.0000000Z
2026-08-25T22:31:33.959505+00:00,2026-08-25,Bryce Elder,ATL,7,+840,34564612,2026-08-25T23:15:00.0000000Z
2026-08-25T22:31:33.959505+00:00,2026-08-25,Bryce Elder,ATL,8,+1760,34564612,2026-08-25T23:15:00.0000000Z
2026-08-25T22:31:33.959505+00:00,2026-08-25,Jacob deGrom,TEX,4,-2000,34564613,2026-08-25T23:40:00.0000000Z
2026-08-25T22:31:33.959505+00:00,2026-08-25,Jacob deGrom,TEX,5,-660,34564613,2026-08-25T23:40:00.0000000Z
2026-08-25T22:31:33.959505+00:00,2026-08-25,Jacob deGrom,TEX,6,-268,34564613,2026-08-25T23:40:00.0000000Z
2026-08-25T22:31:33.959505+00:00,2026-08-25,Jacob deGrom,TEX,7,-127,34564613,2026-08-25T23:40:00.0000000Z
2026-08-25T22:31:33.959505+00:00,2026-08-25,Jacob deGrom,TEX,8,+160,34564613,2026-08-25T23:40:00.0000000Z
2026-08-25T22:31:33.959505+00:00,2026-08-25,Jacob deGrom,TEX,9,+323,34564613,2026-08-25T23:40:00.0000000Z
2026-08-25T22:31:33.959505+00:00,2026-08-25,Jacob deGrom,TEX,10,+660,34564613,2026-08-25T23:40:00.0000000Z
2026-08-25T22:31:33.959505+00:00,2026-08-25,Jacob deGrom,TEX,11,+1320,34564613,2026-08-25T23:40:00.0000000Z
2026-08-25T22:31:33.959505+00:00,2026-08-25,Anthony Kay,CWS,3,-970,34564613,2026-08-25T23:40:00.0000000Z
2026-08-25T22:31:33.959505+00:00,2026-08-25,Anthony Kay,CWS,4,-323,34564613,2026-08-25T23:40:00.0000000Z
2026-08-25T22:31:33.959505+00:00,2026-08-25,Anthony Kay,CWS,5,-136,34564613,2026-08-25T23:40:00.0000000Z
2026-08-25T22:31:33.959505+00:00,2026-08-25,Anthony Kay,CWS,6,+160,34564613,2026-08-25T23:40:00.0000000Z
2026-08-25T22:31:33.959505+00:00,2026-08-25,Anthony Kay,CWS,7,+348,34564613,2026-08-25T23:40:00.0000000Z
2026-08-25T22:31:33.959505+00:00,2026-08-25,Anthony Kay,CWS,8,+750,34564613,2026-08-25T23:40:00.0000000Z
2026-08-25T22:31:33.959505+00:00,2026-08-25,Anthony Kay,CWS,9,+1540,34564613,2026-08-25T23:40:00.0000000Z
2026-08-25T22:31:33.959505+00:00,2026-08-25,Matthew Liberatore,STL,3,-1940,34564614,2026-08-25T23:45:00.0000000Z
2026-08-25T22:31:33.959505+00:00,2026-08-25,Matthew Liberatore,STL,4,-592,34564614,2026-08-25T23:45:00.0000000Z
2026-08-25T22:31:33.959505+00:00,2026-08-25,Matthew Liberatore,STL,5,-253,34564614,2026-08-25T23:45:00.0000000Z
2026-08-25T22:31:33.959505+00:00,2026-08-25,Matthew Liberatore,STL,6,-121,34564614,2026-08-25T23:45:00.0000000Z
2026-08-25T22:31:33.959505+00:00,2026-08-25,Matthew Liberatore,STL,7,+168,34564614,2026-08-25T23:45:00.0000000Z
2026-08-25T22:31:33.959505+00:00,2026-08-25,Matthew Liberatore,STL,8,+333,34564614,2026-08-25T23:45:00.0000000Z
2026-08-25T22:31:33.959505+00:00,2026-08-25,Matthew Liberatore,STL,9,+640,34564614,2026-08-25T23:45:00.0000000Z
2026-08-25T22:31:33.959505+00:00,2026-08-25,Matthew Liberatore,STL,10,+1260,34564614,2026-08-25T23:45:00.0000000Z
2026-08-25T22:31:33.959505+00:00,2026-08-25,Chris Bassitt,BAL,2,-1240,34564614,2026-08-25T23:45:00.0000000Z
2026-08-25T22:31:33.959505+00:00,2026-08-25,Chris Bassitt,BAL,3,-343,34564614,2026-08-25T23:45:00.0000000Z
2026-08-25T22:31:33.959505+00:00,2026-08-25,Chris Bassitt,BAL,4,-133,34564614,2026-08-25T23:45:00.0000000Z
2026-08-25T22:31:33.959505+00:00,2026-08-25,Chris Bassitt,BAL,5,+174,34564614,2026-08-25T23:45:00.0000000Z
2026-08-25T22:31:33.959505+00:00,2026-08-25,Chris Bassitt,BAL,6,+387,34564614,2026-08-25T23:45:00.0000000Z
2026-08-25T22:31:33.959505+00:00,2026-08-25,Chris Bassitt,BAL,7,+870,34564614,2026-08-25T23:45:00.0000000Z
2026-08-25T22:31:33.959505+00:00,2026-08-25,Chris Bassitt,BAL,8,+1800,34564614,2026-08-25T23:45:00.0000000Z
2026-08-25T22:31:33.959505+00:00,2026-08-25,Gavin Williams,CLE,5,-1440,34564615,2026-08-26T01:38:00.0000000Z
2026-08-25T22:31:33.959505+00:00,2026-08-25,Gavin Williams,CLE,6,-610,34564615,2026-08-26T01:38:00.0000000Z
2026-08-25T22:31:33.959505+00:00,2026-08-25,Gavin Williams,CLE,7,-298,34564615,2026-08-26T01:38:00.0000000Z
2026-08-25T22:31:33.959505+00:00,2026-08-25,Gavin Williams,CLE,8,-158,34564615,2026-08-26T01:38:00.0000000Z
2026-08-25T22:31:33.959505+00:00,2026-08-25,Gavin Williams,CLE,9,+111,34564615,2026-08-26T01:38:00.0000000Z
2026-08-25T22:31:33.959505+00:00,2026-08-25,Gavin Williams,CLE,10,+196,34564615,2026-08-26T01:38:00.0000000Z
2026-08-25T22:31:33.959505+00:00,2026-08-25,Gavin Williams,CLE,11,+342,34564615,2026-08-26T01:38:00.0000000Z
2026-08-25T22:31:33.959505+00:00,2026-08-25,Gavin Williams,CLE,12,+600,34564615,2026-08-26T01:38:00.0000000Z
2026-08-25T22:31:33.959505+00:00,2026-08-25,Gavin Williams,CLE,13,+1060,34564615,2026-08-26T01:38:00.0000000Z
2026-08-25T22:31:33.959505+00:00,2026-08-25,Walbert Urena,LAA,2,-1900,34564615,2026-08-26T01:38:00.0000000Z
2026-08-25T22:31:33.959505+00:00,2026-08-25,Walbert Urena,LAA,3,-480,34564615,2026-08-26T01:38:00.0000000Z
2026-08-25T22:31:33.959505+00:00,2026-08-25,Walbert Urena,LAA,4,-181,34564615,2026-08-26T01:38:00.0000000Z
2026-08-25T22:31:33.959505+00:00,2026-08-25,Walbert Urena,LAA,5,+129,34564615,2026-08-26T01:38:00.0000000Z
2026-08-25T22:31:33.959505+00:00,2026-08-25,Walbert Urena,LAA,6,+286,34564615,2026-08-26T01:38:00.0000000Z
2026-08-25T22:31:33.959505+00:00,2026-08-25,Walbert Urena,LAA,7,+630,34564615,2026-08-26T01:38:00.0000000Z
2026-08-25T22:31:33.959505+00:00,2026-08-25,Walbert Urena,LAA,8,+1340,34564615,2026-08-26T01:38:00.0000000Z
2026-08-25T22:31:33.959505+00:00,2026-08-25,Brandon Pfaadt,ARI,2,-2500,34564616,2026-08-26T01:40:00.0000000Z
2026-08-25T22:31:33.959505+00:00,2026-08-25,Brandon Pfaadt,ARI,3,-548,34564616,2026-08-26T01:40:00.0000000Z
2026-08-25T22:31:33.959505+00:00,2026-08-25,Brandon Pfaadt,ARI,4,-204,34564616,2026-08-26T01:40:00.0000000Z
2026-08-25T22:31:33.959505+00:00,2026-08-25,Brandon Pfaadt,ARI,5,+117,34564616,2026-08-26T01:40:00.0000000Z
2026-08-25T22:31:33.959505+00:00,2026-08-25,Brandon Pfaadt,ARI,6,+256,34564616,2026-08-26T01:40:00.0000000Z
2026-08-25T22:31:33.959505+00:00,2026-08-25,Brandon Pfaadt,ARI,7,+567,34564616,2026-08-26T01:40:00.0000000Z
2026-08-25T22:31:33.959505+00:00,2026-08-25,Brandon Pfaadt,ARI,8,+1220,34564616,2026-08-26T01:40:00.0000000Z
2026-08-25T22:31:33.959505+00:00,2026-08-25,Clay Holmes,CHC,2,-640,34564616,2026-08-26T01:40:00.0000000Z
2026-08-25T22:31:33.959505+00:00,2026-08-25,Clay Holmes,CHC,3,-201,34564616,2026-08-26T01:40:00.0000000Z
2026-08-25T22:31:33.959505+00:00,2026-08-25,Clay Holmes,CHC,4,+123,34564616,2026-08-26T01:40:00.0000000Z
2026-08-25T22:31:33.959505+00:00,2026-08-25,Clay Holmes,CHC,5,+283,34564616,2026-08-26T01:40:00.0000000Z
2026-08-25T22:31:33.959505+00:00,2026-08-25,Clay Holmes,CHC,6,+650,34564616,2026-08-26T01:40:00.0000000Z
2026-08-25T22:31:33.959505+00:00,2026-08-25,Clay Holmes,CHC,7,+1440,34564616,2026-08-26T01:40:00.0000000Z
2026-08-25T22:31:33.959505+00:00,2026-08-25,Taj Bradley,MIN,3,-1580,34564617,2026-08-26T01:40:00.0000000Z
2026-08-25T22:31:33.959505+00:00,2026-08-25,Taj Bradley,MIN,4,-497,34564617,2026-08-26T01:40:00.0000000Z
2026-08-25T22:31:33.959505+00:00,2026-08-25,Taj Bradley,MIN,5,-210,34564617,2026-08-26T01:40:00.0000000Z
2026-08-25T22:31:33.959505+00:00,2026-08-25,Taj Bradley,MIN,6,+100,34564617,2026-08-26T01:40:00.0000000Z
2026-08-25T22:31:33.959505+00:00,2026-08-25,Taj Bradley,MIN,7,+211,34564617,2026-08-26T01:40:00.0000000Z
2026-08-25T22:31:33.959505+00:00,2026-08-25,Taj Bradley,MIN,8,+435,34564617,2026-08-26T01:40:00.0000000Z
2026-08-25T22:31:33.959505+00:00,2026-08-25,Taj Bradley,MIN,9,+850,34564617,2026-08-26T01:40:00.0000000Z
2026-08-25T22:31:33.959505+00:00,2026-08-25,Taj Bradley,MIN,10,+1700,34564617,2026-08-26T01:40:00.0000000Z
2026-08-25T22:31:33.959505+00:00,2026-08-25,Gage Jump,OAK,3,-1340,34564617,2026-08-26T01:40:00.0000000Z
2026-08-25T22:31:33.959505+00:00,2026-08-25,Gage Jump,OAK,4,-442,34564617,2026-08-26T01:40:00.0000000Z
2026-08-25T22:31:33.959505+00:00,2026-08-25,Gage Jump,OAK,5,-185,34564617,2026-08-26T01:40:00.0000000Z
2026-08-25T22:31:33.959505+00:00,2026-08-25,Gage Jump,OAK,6,+115,34564617,2026-08-26T01:40:00.0000000Z
2026-08-25T22:31:33.959505+00:00,2026-08-25,Gage Jump,OAK,7,+239,34564617,2026-08-26T01:40:00.0000000Z
2026-08-25T22:31:33.959505+00:00,2026-08-25,Gage Jump,OAK,8,+484,34564617,2026-08-26T01:40:00.0000000Z
2026-08-25T22:31:33.959505+00:00,2026-08-25,Gage Jump,OAK,9,+960,34564617,2026-08-26T01:40:00.0000000Z
2026-08-25T22:31:33.959505+00:00,2026-08-25,Paul Skenes,PIT,4,-970,34564618,2026-08-26T01:40:00.0000000Z
2026-08-25T22:31:33.959505+00:00,2026-08-25,Paul Skenes,PIT,5,-362,34564618,2026-08-26T01:40:00.0000000Z
2026-08-25T22:31:33.959505+00:00,2026-08-25,Paul Skenes,PIT,6,-160,34564618,2026-08-26T01:40:00.0000000Z
2026-08-25T22:31:33.959505+00:00,2026-08-25,Paul Skenes,PIT,7,+133,34564618,2026-08-26T01:40:00.0000000Z
2026-08-25T22:31:33.959505+00:00,2026-08-25,Paul Skenes,PIT,8,+278,34564618,2026-08-26T01:40:00.0000000Z
2026-08-25T22:31:33.959505+00:00,2026-08-25,Paul Skenes,PIT,9,+549,34564618,2026-08-26T01:40:00.0000000Z
2026-08-25T22:31:33.959505+00:00,2026-08-25,Paul Skenes,PIT,10,+1100,34564618,2026-08-26T01:40:00.0000000Z
2026-08-25T22:31:33.959505+00:00,2026-08-25,Michael King,SD,3,-1520,34564618,2026-08-26T01:40:00.0000000Z
2026-08-25T22:31:33.959505+00:00,2026-08-25,Michael King,SD,4,-532,34564618,2026-08-26T01:40:00.0000000Z
2026-08-25T22:31:33.959505+00:00,2026-08-25,Michael King,SD,5,-228,34564618,2026-08-26T01:40:00.0000000Z
2026-08-25T22:31:33.959505+00:00,2026-08-25,Michael King,SD,6,-108,34564618,2026-08-26T01:40:00.0000000Z
2026-08-25T22:31:33.959505+00:00,2026-08-25,Michael King,SD,7,+183,34564618,2026-08-26T01:40:00.0000000Z
2026-08-25T22:31:33.959505+00:00,2026-08-25,Michael King,SD,8,+359,34564618,2026-08-26T01:40:00.0000000Z
2026-08-25T22:31:33.959505+00:00,2026-08-25,Michael King,SD,9,+730,34564618,2026-08-26T01:40:00.0000000Z
2026-08-25T22:31:33.959505+00:00,2026-08-25,Michael King,SD,10,+1420,34564618,2026-08-26T01:40:00.0000000Z
2026-08-25T22:31:33.959505+00:00,2026-08-25,Aaron Nola,PHI,3,-2700,34564619,2026-08-26T01:40:00.0000000Z
2026-08-25T22:31:33.959505+00:00,2026-08-25,Aaron Nola,PHI,4,-730,34564619,2026-08-26T01:40:00.0000000Z
2026-08-25T22:31:33.959505+00:00,2026-08-25,Aaron Nola,PHI,5,-286,34564619,2026-08-26T01:40:00.0000000Z
2026-08-25T22:31:33.959505+00:00,2026-08-25,Aaron Nola,PHI,6,-129,34564619,2026-08-26T01:40:00.0000000Z
2026-08-25T22:31:33.959505+00:00,2026-08-25,Aaron Nola,PHI,7,+158,34564619,2026-08-26T01:40:00.0000000Z
2026-08-25T22:31:33.959505+00:00,2026-08-25,Aaron Nola,PHI,8,+322,34564619,2026-08-26T01:40:00.0000000Z
2026-08-25T22:31:33.959505+00:00,2026-08-25,Aaron Nola,PHI,9,+660,34564619,2026-08-26T01:40:00.0000000Z
2026-08-25T22:31:33.959505+00:00,2026-08-25,Aaron Nola,PHI,10,+1300,34564619,2026-08-26T01:40:00.0000000Z
2026-08-25T22:31:33.959505+00:00,2026-08-25,George Kirby,SEA,3,-880,34564619,2026-08-26T01:40:00.0000000Z
2026-08-25T22:31:33.959505+00:00,2026-08-25,George Kirby,SEA,4,-293,34564619,2026-08-26T01:40:00.0000000Z
2026-08-25T22:31:33.959505+00:00,2026-08-25,George Kirby,SEA,5,-124,34564619,2026-08-26T01:40:00.0000000Z
2026-08-25T22:31:33.959505+00:00,2026-08-25,George Kirby,SEA,6,+179,34564619,2026-08-26T01:40:00.0000000Z
2026-08-25T22:31:33.959505+00:00,2026-08-25,George Kirby,SEA,7,+391,34564619,2026-08-26T01:40:00.0000000Z
2026-08-25T22:31:33.959505+00:00,2026-08-25,George Kirby,SEA,8,+820,34564619,2026-08-26T01:40:00.0000000Z
2026-08-25T22:31:33.959505+00:00,2026-08-25,George Kirby,SEA,9,+1660,34564619,2026-08-26T01:40:00.0000000Z
2026-08-25T22:31:33.959505+00:00,2026-08-25,Brady Singer,CIN,2,-2500,34564620,2026-08-26T01:45:00.0000000Z
2026-08-25T22:31:33.959505+00:00,2026-08-25,Brady Singer,CIN,3,-593,34564620,2026-08-26T01:45:00.0000000Z
2026-08-25T22:31:33.959505+00:00,2026-08-25,Brady Singer,CIN,4,-224,34564620,2026-08-26T01:45:00.0000000Z
2026-08-25T22:31:33.959505+00:00,2026-08-25,Brady Singer,CIN,5,+103,34564620,2026-08-26T01:45:00.0000000Z
2026-08-25T22:31:33.959505+00:00,2026-08-25,Brady Singer,CIN,6,+228,34564620,2026-08-26T01:45:00.0000000Z
2026-08-25T22:31:33.959505+00:00,2026-08-25,Brady Singer,CIN,7,+495,34564620,2026-08-26T01:45:00.0000000Z
2026-08-25T22:31:33.959505+00:00,2026-08-25,Brady Singer,CIN,8,+1040,34564620,2026-08-26T01:45:00.0000000Z
2026-08-25T22:31:33.959505+00:00,2026-08-25,Adrian Houser,SF,2,-1720,34564620,2026-08-26T01:45:00.0000000Z
2026-08-25T22:31:33.959505+00:00,2026-08-25,Adrian Houser,SF,3,-419,34564620,2026-08-26T01:45:00.0000000Z
2026-08-25T22:31:33.959505+00:00,2026-08-25,Adrian Houser,SF,4,-156,34564620,2026-08-26T01:45:00.0000000Z
2026-08-25T22:31:33.959505+00:00,2026-08-25,Adrian Houser,SF,5,+152,34564620,2026-08-26T01:45:00.0000000Z
2026-08-25T22:31:33.959505+00:00,2026-08-25,Adrian Houser,SF,6,+349,34564620,2026-08-26T01:45:00.0000000Z
2026-08-25T22:31:33.959505+00:00,2026-08-25,Adrian Houser,SF,7,+790,34564620,2026-08-26T01:45:00.0000000Z
2026-08-25T22:31:33.959505+00:00,2026-08-25,Adrian Houser,SF,8,+1680,34564620,2026-08-26T01:45:00.0000000Z
