game_pk,pitcher,actual_k,actual_bf,as_of_k_pct,line,p_over,actual_over,brier
822804,453286,4,18,0.23684210526315788,3.5,0.6600139314364477,1,0.11559052681730048
822804,453286,4,18,0.23684210526315788,4.5,0.46821763029069147,0,0.21922774931503064
822804,453286,4,18,0.23684210526315788,5.5,0.2965634974484039,0,0.08794990801882946
822804,453286,4,18,0.23684210526315788,6.5,0.16777510762201236,0,0.028148486737577832
822804,453286,4,18,0.23684210526315788,7.5,0.08446404251247903,0,0.007134174477549866
822804,453286,4,18,0.23684210526315788,8.5,0.0375564838289504,0,0.001410489477594213
822705,453286,4,15,0.21951219512195122,3.5,0.6783891297653177,1,0.10343355185310964
822705,453286,4,15,0.21951219512195122,4.5,0.4751432508779847,0,0.2257611088548995
822705,453286,4,15,0.21951219512195122,5.5,0.28902306392229876,0,0.08353433147903319
822705,453286,4,15,0.21951219512195122,6.5,0.15239277393494452,0,0.023223557547587106
822705,453286,4,15,0.21951219512195122,7.5,0.06972926460211416,0,0.004862170341951651
822705,453286,4,15,0.21951219512195122,8.5,0.027728168357196287,0,0.0007688513204450215
822783,453286,5,23,0.24242424242424243,3.5,0.5895038042997567,1,0.16850712668437245
822783,453286,5,23,0.24242424242424243,4.5,0.36992381462908586,1,0.39699599937156255
822783,453286,5,23,0.24242424242424243,5.5,0.19452999395825765,0,0.03784191854939976
822783,453286,5,23,0.24242424242424243,6.5,0.08544885700328453,0,0.007301507163167767
822783,453286,5,23,0.24242424242424243,7.5,0.03133588833166553,0,0.0009819378975346117
822783,453286,5,23,0.24242424242424243,8.5,0.009587479641021017,0,9.191976586699249e-05
825073,518876,4,25,0.1625,3.5,0.5583414702283032,1,0.19506225692009682
825073,518876,4,25,0.1625,4.5,0.35037649906066426,0,0.12276369109400766
825073,518876,4,25,0.1625,5.5,0.18853579818132177,0,0.035545747195868095
825073,518876,4,25,0.1625,6.5,0.0872048594588152,0,0.007604687513231711
825073,518876,4,25,0.1625,7.5,0.03481964519596027,0,0.0012124076915725592
825073,518876,4,25,0.1625,8.5,0.01205409981638325,0,0.0001453013223833307
823855,518876,1,23,0.17355371900826447,3.5,0.6200069686235169,0,0.3844086411417227
823855,518876,1,23,0.17355371900826447,4.5,0.4131153455817891,0,0.17066428875516101
823855,518876,1,23,0.17355371900826447,5.5,0.2377953690442867,0,0.056546637538908505
823855,518876,1,23,0.17355371900826447,6.5,0.11821877426378526,0,0.013975678588431815
823855,518876,1,23,0.17355371900826447,7.5,0.05087929587404137,0,0.0025887027486382434
823855,518876,1,23,0.17355371900826447,8.5,0.01901405610102288,0,0.00036153432941284536
825070,518876,4,27,0.1638655462184874,3.5,0.5590145446332094,1,0.19446817184505563
825070,518876,4,27,0.1638655462184874,4.5,0.35025240383071676,0,0.1226767463891955
825070,518876,4,27,0.1638655462184874,5.5,0.18783454996357288,0,0.03528181816001796
825070,518876,4,27,0.1638655462184874,6.5,0.086407036250756,0,0.007466175913639463
825070,518876,4,27,0.1638655462184874,7.5,0.034235811075617954,0,0.001172090760005405
825070,518876,4,27,0.1638655462184874,8.5,0.011733413807737129,0,0.0001376729995835963
823040,518876,2,26,0.17154811715481172,3.5,0.6002797984674846,0,0.3603358364481639
823040,518876,2,26,0.17154811715481172,4.5,0.392025531537972,0,0.15368401737762946
823040,518876,2,26,0.17154811715481172,5.5,0.22048466709726994,0,0.048613488424993946
823040,518876,2,26,0.17154811715481172,6.5,0.10688484223833412,0,0.011424369500313574
823040,518876,2,26,0.17154811715481172,7.5,0.04480808182159655,0,0.002007764196530891
823040,518876,2,26,0.17154811715481172,8.5,0.016306168024363583,0,0.0002658911156387774
822959,518876,3,27,0.16806722689075632,3.5,0.5801754626870392,0,0.33660356750412007
822959,518876,3,27,0.16806722689075632,4.5,0.3711326070235528,0,0.13773941199609885
822959,518876,3,27,0.16806722689075632,5.5,0.20371250351340373,0,0.041498784087698526
822959,518876,3,27,0.16806722689075632,6.5,0.09607699587020704,0,0.00923078913544378
822959,518876,3,27,0.16806722689075632,7.5,0.03907392133614726,0,0.001526771328583424
822959,518876,3,27,0.16806722689075632,8.5,0.013757170338747956,0,0.00018925973572932655
825063,518876,6,25,0.15416666666666667,3.5,0.5147618914576237,1,0.23545602198178292
825063,518876,6,25,0.15416666666666667,4.5,0.30921984580318274,1,0.4771772214321786
825063,518876,6,25,0.15416666666666667,5.5,0.15850863833571086,1,0.7081077117556195
825063,518876,6,25,0.15416666666666667,6.5,0.06961554984040301,0,0.004846324779581635
825063,518876,6,25,0.15416666666666667,7.5,0.026333500414068126,0,0.0006934532440577262
825063,518876,6,25,0.15416666666666667,8.5,0.008622367522560783,0,7.434522169411098e-05
823277,518876,6,25,0.15416666666666667,3.5,0.5147618914576237,1,0.23545602198178292
823277,518876,6,25,0.15416666666666667,4.5,0.30921984580318274,1,0.4771772214321786
823277,518876,6,25,0.15416666666666667,5.5,0.15850863833571086,1,0.7081077117556195
823277,518876,6,25,0.15416666666666667,6.5,0.06961554984040301,0,0.004846324779581635
823277,518876,6,25,0.15416666666666667,7.5,0.026333500414068126,0,0.0006934532440577262
823277,518876,6,25,0.15416666666666667,8.5,0.008622367522560783,0,7.434522169411098e-05
825060,518876,3,21,0.16393442622950818,3.5,0.5801528842205932,0,0.336577369069473
825060,518876,3,21,0.16393442622950818,4.5,0.37135008620273946,0,0.13790088652278204
825060,518876,3,21,0.16393442622950818,5.5,0.20397204670750432,0,0.041604595838048326
825060,518876,3,21,0.16393442622950818,6.5,0.0962449779123892,0,0.009263095773356286
825060,518876,3,21,0.16393442622950818,7.5,0.039143680521128245,0,0.0015322277247401548
825060,518876,3,21,0.16393442622950818,8.5,0.013774571260291451,0,0.0001897388134048472
825055,518876,3,19,0.16260162601626016,3.5,0.5811969695152646,0,0.3377899173737274
825055,518876,3,19,0.16260162601626016,4.5,0.3708461176529317,0,0.13752684297825205
825055,518876,3,19,0.16260162601626016,5.5,0.20253736778446282,0,0.04102138534905876
825055,518876,3,19,0.16260162601626016,6.5,0.09481068151055208,0,0.008989065328495343
825055,518876,3,19,0.16260162601626016,7.5,0.03818767034784431,0,0.0014582981665956275
825055,518876,3,19,0.16260162601626016,8.5,0.01329235673105873,0,0.0001766867474657223
823353,518876,6,22,0.1522633744855967,3.5,0.5150457833224643,1,0.23518059227332222
823353,518876,6,22,0.1522633744855967,4.5,0.3093424498356963,1,0.47700785159895776
823353,518876,6,22,0.1522633744855967,5.5,0.15840853274326067,1,0.7082761977593512
823353,518876,6,22,0.1522633744855967,6.5,0.06940644380894283,0,0.004817254442203938
823353,518876,6,22,0.1522633744855967,7.5,0.026146261598858737,0,0.0006836269955959551
823353,518876,6,22,0.1522633744855967,8.5,0.008508374493379175,0,7.239243651958534e-05
824404,518876,5,25,0.15833333333333333,3.5,0.5367746611749724,1,0.21457771452956162
824404,518876,5,25,0.15833333333333333,4.5,0.3297026154867284,1,0.44929858368533265
824404,518876,5,25,0.15833333333333333,5.5,0.1732285198790813,0,0.030008120099497267
824404,518876,5,25,0.15833333333333333,6.5,0.07810656956131629,0,0.006100636208636739
824404,518876,5,25,0.15833333333333333,7.5,0.03036641240628778,0,0.0009221190024287484
824404,518876,5,25,0.15833333333333333,8.5,0.010227436073965906,0,0.00010460044864705914
824919,519242,6,29,0.3220338983050847,3.5,0.9091004417593314,1,0.008262729688348711
824919,519242,6,29,0.3220338983050847,4.5,0.8325315402390848,1,0.028045685014693265
824919,519242,6,29,0.3220338983050847,5.5,0.7277954667042481,1,0.0740953079467581
824919,519242,6,29,0.3220338983050847,6.5,0.5957824272708264,0,0.35495670064471757
824919,519242,6,29,0.3220338983050847,7.5,0.44769966388379495,0,0.200434989041663
824919,519242,6,29,0.3220338983050847,8.5,0.30400912355281745,0,0.09242154720335223
824590,519242,6,25,0.3149171270718232,3.5,0.9039827823185832,1,0.009219306091280579
824590,519242,6,25,0.3149171270718232,4.5,0.8256804477521245,1,0.03038730629589981
824590,519242,6,25,0.3149171270718232,5.5,0.7203396145998151,1,0.07820993116217995
824590,519242,6,25,0.3149171270718232,6.5,0.589730257107025,0,0.34778177614751776
824590,519242,6,25,0.3149171270718232,7.5,0.445281038537865,0,0.1982752032813596
824590,519242,6,25,0.3149171270718232,8.5,0.30626192888565085,0,0.09379636908475945
824909,519242,7,23,0.30601092896174864,3.5,0.8969766044481287,1,0.010613820031037344
824909,519242,7,23,0.30601092896174864,4.5,0.8153077143857751,1,0.03411124036540643
824909,519242,7,23,0.30601092896174864,5.5,0.7063492539738598,1,0.08623076064170868
824909,519242,7,23,0.30601092896174864,6.5,0.5727309577984334,1,0.18255883442384407
824909,519242,7,23,0.30601092896174864,7.5,0.4271529122168364,0,0.18245961041532432
824909,519242,7,23,0.30601092896174864,8.5,0.28945223021809213,0,0.08378259357822741
823204,519242,10,26,0.29444444444444445,3.5,0.8799124035350873,1,0.014421030824719723
823204,519242,10,26,0.29444444444444445,4.5,0.7850641826366249,1,0.04619740558566213
823204,519242,10,26,0.29444444444444445,5.5,0.6607581288616102,1,0.11508504713347585
823204,519242,10,26,0.29444444444444445,6.5,0.5149942231863042,1,0.23523060354265654
823204,519242,10,26,0.29444444444444445,7.5,0.36592066650296606,1,0.40205660116804276
823204,519242,10,26,0.29444444444444445,8.5,0.2347291094194975,1,0.5856395359698754
824903,519242,3,24,0.32967032967032966,3.5,0.9181282307655565,0,0.842959448128691
824903,519242,3,24,0.32967032967032966,4.5,0.850194268384088,0,0.7228302939931546
824903,519242,3,24,0.32967032967032966,5.5,0.7581445050542746,0,0.5747830905439909
824903,519242,3,24,0.32967032967032966,6.5,0.6404598951402005,0,0.41018887728299663
824903,519242,3,24,0.32967032967032966,7.5,0.5033494028829911,0,0.25336062138266374
824903,519242,3,24,0.32967032967032966,8.5,0.36278543777131633,0,0.13161327385892563
823033,519242,5,11,0.29743589743589743,3.5,0.9523816207333763,1,0.0022675100439800188
823033,519242,5,11,0.29743589743589743,4.5,0.8810451168021196,1,0.014150264236621366
823033,519242,5,11,0.29743589743589743,5.5,0.7639317665604424,0,0.5835917439601582
823033,519242,5,11,0.29743589743589743,6.5,0.6096629544512161,0,0.3716889180301856
823033,519242,5,11,0.29743589743589743,7.5,0.4420943563540958,0,0.19544741992014222
823033,519242,5,11,0.29743589743589743,8.5,0.2890167436015976,0,0.08353067808207162
824901,519242,6,23,0.3114754098360656,3.5,0.9026235105213646,1,0.009482180703182795
824901,519242,6,23,0.3114754098360656,4.5,0.8247492735592128,1,0.030712817118023632
824901,519242,6,23,0.3114754098360656,5.5,0.7203310103692514,1,0.07821474376108377
824901,519242,6,23,0.3114754098360656,6.5,0.5906687951862121,0,0.34888962560673137
824901,519242,6,23,0.3114754098360656,7.5,0.4467534293854688,0,0.19958862666767707
824901,519242,6,23,0.3114754098360656,8.5,0.30767004024234745,0,0.0946608536627277
824893,519242,11,25,0.287292817679558,3.5,0.8714257541483018,1,0.01653133669633293
824893,519242,11,25,0.287292817679558,4.5,0.7719248211923632,1,0.05201828718813552
824893,519242,11,25,0.287292817679558,5.5,0.6432317916780043,1,0.12728355446928694
824893,519242,11,25,0.287292817679558,6.5,0.4950826128322412,1,0.25494156786431643
824893,519242,11,25,0.287292817679558,7.5,0.34678489354306036,1,0.4266899753035509
824893,519242,11,25,0.287292817679558,8.5,0.21909356883811185,1,0.6098148542299968
823598,519242,9,20,0.2903225806451613,3.5,0.8859984826134073,1,0.012996345966445597
823598,519242,9,20,0.2903225806451613,4.5,0.7984986798977116,1,0.04060278200296489
823598,519242,9,20,0.2903225806451613,5.5,0.6813309962309719,1,0.10154993396314482
823598,519242,9,20,0.2903225806451613,6.5,0.5390346904414223,1,0.2124890166164354
823598,519242,9,20,0.2903225806451613,7.5,0.3883633209418081,1,0.3740994271693337
823598,519242,9,20,0.2903225806451613,8.5,0.2518698824229151,1,0.5596986728259029
824914,527048,5,20,0.16184971098265896,3.5,0.4691445247527392,1,0.28180753559999505
824914,527048,5,20,0.16184971098265896,4.5,0.2699903433182913,1,0.5329140988485462
824914,527048,5,20,0.16184971098265896,5.5,0.1323497571187805,0,0.01751645820940019
824914,527048,5,20,0.16184971098265896,6.5,0.055541412464013805,0,0.0030848484984977082
824914,527048,5,20,0.16184971098265896,7.5,0.020059938746458054,0,0.00040240114251164917
824914,527048,5,20,0.16184971098265896,8.5,0.006262861835416228,0,3.922343836951313e-05
823616,527048,4,20,0.1676300578034682,3.5,0.4973450755504659,1,0.2526619730733668
823616,527048,4,20,0.1676300578034682,4.5,0.29483440735507593,0,0.08692732776041885
823616,527048,4,20,0.1676300578034682,5.5,0.14931947065724915,0,0.02229630431736109
823616,527048,4,20,0.1676300578034682,6.5,0.06487274930254255,0,0.004208473602070536
823616,527048,4,20,0.1676300578034682,7.5,0.024292234913915727,0,0.0005901126771128663
823616,527048,4,20,0.1676300578034682,8.5,0.00787197593136015,0,6.196800506391351e-05
824910,527048,5,25,0.16666666666666666,3.5,0.4695594136408967,1,0.2813672156569893
824910,527048,5,25,0.16666666666666666,4.5,0.26878239079951133,1,0.5346791920048787
824910,527048,5,25,0.16666666666666666,5.5,0.13064570350227228,0,0.01706829984360364
824910,527048,5,25,0.16666666666666666,6.5,0.054241203121871896,0,0.0029421081161081658
824910,527048,5,25,0.16666666666666666,7.5,0.019360875897386713,0,0.00037484351551400976
824910,527048,5,25,0.16666666666666666,8.5,0.005975310540240379,0,3.570433605230777e-05
823284,527048,4,20,0.1676300578034682,3.5,0.4973450755504659,1,0.2526619730733668
823284,527048,4,20,0.1676300578034682,4.5,0.29483440735507593,0,0.08692732776041885
823284,527048,4,20,0.1676300578034682,5.5,0.14931947065724915,0,0.02229630431736109
823284,527048,4,20,0.1676300578034682,6.5,0.06487274930254255,0,0.004208473602070536
823284,527048,4,20,0.1676300578034682,7.5,0.024292234913915727,0,0.0005901126771128663
823284,527048,4,20,0.1676300578034682,8.5,0.00787197593136015,0,6.196800506391351e-05
824907,527048,1,23,0.18823529411764706,3.5,0.5779648796079419,0,0.3340434020602227
824907,527048,1,23,0.18823529411764706,4.5,0.37094494035974435,0,0.1376001487784943
824907,527048,1,23,0.18823529411764706,5.5,0.2053542828773363,0,0.042170381496065064
824907,527048,1,23,0.18823529411764706,6.5,0.09831579617256542,0,0.009665995777045428
824907,527048,1,23,0.18823529411764706,7.5,0.04088034659942603,0,0.0016712027380892031
824907,527048,1,23,0.18823529411764706,8.5,0.014821524766078816,0,0.0002196775963914877
824902,527048,1,20,0.18497109826589594,3.5,0.5781631484607245,0,0.33427262623801773
824902,527048,1,20,0.18497109826589594,4.5,0.3715686936471673,0,0.13806329409866247
824902,527048,1,20,0.18497109826589594,5.5,0.2058861631469405,0,0.0423891121753686
824902,527048,1,20,0.18497109826589594,6.5,0.0984929234327817,0,0.009700855966335797
824902,527048,1,20,0.18497109826589594,7.5,0.04079963462925953,0,0.0016646101858810733
824902,527048,1,20,0.18497109826589594,8.5,0.014676866395747544,0,0.0002154104071986235
824896,527048,3,16,0.1694915254237288,3.5,0.5269990474293694,0,0.27772799599146275
824896,527048,3,16,0.1694915254237288,4.5,0.3182380518675742,0,0.10127545765646885
824896,527048,3,16,0.1694915254237288,5.5,0.1634795712928167,0,0.02672557023008314
824896,527048,3,16,0.1694915254237288,6.5,0.07173225572003494,0,0.005145516510684486
824896,527048,3,16,0.1694915254237288,7.5,0.027037474308282062,0,0.0007310250169710125
824896,527048,3,16,0.1694915254237288,8.5,0.008801421614878988,0,7.746502244285906e-05
823597,527048,4,24,0.17159763313609466,3.5,0.49736395531381117,1,0.2526429934177764
823597,527048,4,24,0.17159763313609466,4.5,0.2939888698261953,0,0.08642945558168362
823597,527048,4,24,0.17159763313609466,5.5,0.14835929619703658,0,0.022010480768080033
823597,527048,4,24,0.17159763313609466,6.5,0.0642682735034966,0,0.004130410979120244
823597,527048,4,24,0.17159763313609466,7.5,0.02404874693943389,0,0.0005783422293569309
823597,527048,4,24,0.17159763313609466,8.5,0.007815962591764892,0,6.108927123586815e-05
824890,527048,6,25,0.16071428571428573,3.5,0.44067181297867813,1,0.31284802079655877
824890,527048,6,25,0.16071428571428573,4.5,0.2444358827345581,1,0.5708771352991064
824890,527048,6,25,0.16071428571428573,5.5,0.11480788030199816,1,0.7835650887754416
824890,527048,6,25,0.16071428571428573,6.5,0.04597299108621987,0,0.0021135159094136514
824890,527048,6,25,0.16071428571428573,7.5,0.01580619854365414,0,0.00024983591240141425
824890,527048,6,25,0.16071428571428573,8.5,0.0046943193300544,0,2.203663397252239e-05
823540,543037,2,23,0.27350427350427353,3.5,0.911587911543102,0,0.8309925204715144
823540,543037,2,23,0.27350427350427353,4.5,0.8014200361388286,0,0.6422740743247614
823540,543037,2,23,0.27350427350427353,5.5,0.6442546946859173,0,0.4150641116248446
823540,543037,2,23,0.27350427350427353,6.5,0.46552138436469914,0,0.21671015930082596
823540,543037,2,23,0.27350427350427353,7.5,0.2991411090676273,0,0.08948540313421009
823540,543037,2,23,0.27350427350427353,8.5,0.16996000914872603,0,0.028886404709835035
824429,543037,4,21,0.2627118644067797,3.5,0.8975948499664306,1,0.010486814753397864
824429,543037,4,21,0.2627118644067797,4.5,0.7766760727002094,0,0.603225721905021
824429,543037,4,21,0.2627118644067797,5.5,0.6106948726187846,0,0.3729482274428736
824429,543037,4,21,0.2627118644067797,6.5,0.4292273657865509,0,0.18423613154006158
824429,543037,4,21,0.2627118644067797,7.5,0.2670200451033212,0,0.0712997044869797
824429,543037,4,21,0.2627118644067797,8.5,0.14626929812514552,0,0.0213947075740227
823535,543037,6,23,0.2564102564102564,3.5,0.8802763713815888,1,0.014333747249559258
823535,543037,6,23,0.2564102564102564,4.5,0.747931730633058,1,0.06353841242164525
823535,543037,6,23,0.2564102564102564,5.5,0.5742838955516429,1,0.18123420158668446
823535,543037,6,23,0.2564102564102564,6.5,0.3926307829533678,0,0.1541589317225746
823535,543037,6,23,0.2564102564102564,7.5,0.2370606704181471,0,0.05619776145910137
823535,543037,6,23,0.2564102564102564,8.5,0.12591990037717463,0,0.01585582131099758
824261,543037,5,24,0.26180257510729615,3.5,0.8890777259577376,1,0.01230375087870676
824261,543037,5,24,0.26180257510729615,4.5,0.762346476227614,1,0.056479197361432046
824261,543037,5,24,0.26180257510729615,5.5,0.5923646435788051,0,0.35089587096224484
824261,543037,5,24,0.26180257510729615,6.5,0.41070348184136707,0,0.16867734999662212
824261,543037,5,24,0.26180257510729615,7.5,0.2518504446961605,0,0.06342864649365382
824261,543037,5,24,0.26180257510729615,8.5,0.13602317506119413,0,0.018502304153728263
824745,543037,5,24,0.26180257510729615,3.5,0.8890777259577376,1,0.01230375087870676
824745,543037,5,24,0.26180257510729615,4.5,0.762346476227614,1,0.056479197361432046
824745,543037,5,24,0.26180257510729615,5.5,0.5923646435788051,0,0.35089587096224484
824745,543037,5,24,0.26180257510729615,6.5,0.41070348184136707,0,0.16867734999662212
824745,543037,5,24,0.26180257510729615,7.5,0.2518504446961605,0,0.06342864649365382
824745,543037,5,24,0.26180257510729615,8.5,0.13602317506119413,0,0.018502304153728263
823527,543037,7,20,0.2489451476793249,3.5,0.872941537653811,1,0.01614385285377793
823527,543037,7,20,0.2489451476793249,4.5,0.7350173549658923,1,0.07021580216927194
823527,543037,7,20,0.2489451476793249,5.5,0.5569461343215621,1,0.19629672789260724
823527,543037,7,20,0.2489451476793249,6.5,0.3741851754451828,1,0.3916441946325766
823527,543037,7,20,0.2489451476793249,7.5,0.22110221611825903,0,0.048886189972405326
823527,543037,7,20,0.2489451476793249,8.5,0.11448611639906726,0,0.013107070848140778
822957,543037,6,27,0.2608695652173913,3.5,0.8830888357879251,1,0.01366822031742275
822957,543037,6,27,0.2608695652173913,4.5,0.751252345837844,1,0.06187539545117559
822957,543037,6,27,0.2608695652173913,5.5,0.5765859479757044,1,0.1792794594516329
822957,543037,6,27,0.2608695652173913,6.5,0.39279670623076546,0,0.15428925242573827
822957,543037,6,27,0.2608695652173913,7.5,0.23521335042667035,0,0.05532532021893963
822957,543037,6,27,0.2608695652173913,8.5,0.12314034894638617,0,0.015163545538637751
823524,543037,8,23,0.24786324786324787,3.5,0.8615581196897508,1,0.01916615422383736
823524,543037,8,23,0.24786324786324787,4.5,0.7178970134290372,1,0.0795820950322568
823524,543037,8,23,0.24786324786324787,5.5,0.5373906670937579,1,0.2140073948919583
823524,543037,8,23,0.24786324786324787,6.5,0.3565539969890396,1,0.41402275879078076
823524,543037,8,23,0.24786324786324787,7.5,0.20822694200192082,1,0.6269045753716297
823524,543037,8,23,0.24786324786324787,8.5,0.10673093788438869,0,0.011391493101681235
823518,543037,11,25,0.23706896551724138,3.5,0.8300233964518038,1,0.02889204575378067
823518,543037,11,25,0.23706896551724138,4.5,0.6694640282107913,1,0.10925402864663655
823518,543037,11,25,0.23706896551724138,5.5,0.48047322029801276,1,0.26990807482751716
823518,543037,11,25,0.23706896551724138,6.5,0.30334281623852893,1,0.48533123168646397
823518,543037,11,25,0.23706896551724138,7.5,0.1676062564055405,1,0.6928793443751988
823518,543037,11,25,0.23706896551724138,8.5,0.08094062446435851,1,0.8446701357599634
824569,543037,7,24,0.2532188841201717,3.5,0.8714215261658749,1,0.0165324239335128
824569,543037,7,24,0.2532188841201717,4.5,0.7333803629428753,1,0.07108603086447288
824569,543037,7,24,0.2532188841201717,5.5,0.5560080411823206,1,0.19712885949475992
824569,543037,7,24,0.2532188841201717,6.5,0.3743952921069624,1,0.3913812505379329
824569,543037,7,24,0.2532188841201717,7.5,0.22222649496030294,0,0.04938461506234155
824569,543037,7,24,0.2532188841201717,8.5,0.1159015691176976,0,0.013433173723944434
824648,543037,5,23,0.2606837606837607,3.5,0.8888407773597444,1,0.012356372777985907
824648,543037,5,23,0.2606837606837607,4.5,0.7621275536393655,1,0.056583300737592955
824648,543037,5,23,0.2606837606837607,5.5,0.5922939184005516,0,0.35081208577427925
824648,543037,5,23,0.2606837606837607,6.5,0.4108174052441524,0,0.16877094045153812
824648,543037,5,23,0.2606837606837607,7.5,0.2520681361333517,0,0.06353834525374194
824648,543037,5,23,0.2606837606837607,8.5,0.13623004805050523,0,0.018558625991842964
823052,543135,7,31,0.2785388127853881,3.5,0.9315524791792539,1,0.0046850631065064735
823052,543135,7,31,0.2785388127853881,4.5,0.8398847734975642,1,0.025636885757926324
823052,543135,7,31,0.2785388127853881,5.5,0.701060275539805,1,0.08936495886033731
823052,543135,7,31,0.2785388127853881,6.5,0.5323560711871028,1,0.21869084415556206
823052,543135,7,31,0.2785388127853881,7.5,0.36341635408971823,0,0.13207144641986346
823052,543135,7,31,0.2785388127853881,8.5,0.2213948918014769,0,0.04901569811578766
824105,543135,3,23,0.28634361233480177,3.5,0.9478233855341016,0,0.8983691701653262
824105,543135,3,23,0.28634361233480177,4.5,0.8733658040937614,0,0.7627678277603425
824105,543135,3,23,0.28634361233480177,5.5,0.7544870870704178,0,0.5692507645560042
824105,543135,3,23,0.28634361233480177,6.5,0.6011690338069933,0,0.3614042072084338
824105,543135,3,23,0.28634361233480177,7.5,0.4369297273244444,0,0.19090758661981333
824105,543135,3,23,0.28634361233480177,8.5,0.2878249590559242,0,0.08284320705554445
824751,543135,6,26,0.2767857142857143,3.5,0.9325835215402241,1,0.004544981567917434
824751,543135,6,26,0.2767857142857143,4.5,0.8434028182480877,1,0.02452267733264145
824751,543135,6,26,0.2767857142857143,5.5,0.7090148510841732,1,0.08467235688956591
824751,543135,6,26,0.2767857142857143,6.5,0.5457350688987355,0,0.2978267654259075
824751,543135,6,26,0.2767857142857143,7.5,0.3811467699874944,0,0.14527286027189998
824751,543135,6,26,0.2767857142857143,8.5,0.24056071462585146,0,0.05786945742130035
822883,543135,9,25,0.26222222222222225,3.5,0.9129379080796204,1,0.00757980784955263
822883,543135,9,25,0.26222222222222225,4.5,0.8078457835986255,1,0.036923242880826275
822883,543135,9,25,0.26222222222222225,5.5,0.6591296619286001,1,0.11619258737691045
822883,543135,9,25,0.26222222222222225,6.5,0.4891757579411338,1,0.26094140627501516
822883,543135,9,25,0.26222222222222225,7.5,0.32778992858004874,1,0.45186638011841596
822883,543135,9,25,0.26222222222222225,8.5,0.19775915804006056,1,0.6435903685085924
822796,543135,9,26,0.26339285714285715,3.5,0.9133215381728608,1,0.007513155744718833
822796,543135,9,26,0.26339285714285715,4.5,0.8082413663483947,1,0.036771373579930565
822796,543135,9,26,0.26339285714285715,5.5,0.6593056763227553,1,0.1160726221858952
822796,543135,9,26,0.26339285714285715,6.5,0.4890177210578474,1,0.26110288939291576
822796,543135,9,26,0.26339285714285715,7.5,0.3273982731000704,1,0.45239308302876746
822796,543135,9,26,0.26339285714285715,8.5,0.19734655367038592,1,0.6442525549048067
822884,543135,9,22,0.25877192982456143,3.5,0.9139357348529288,1,0.007407057735305377
822884,543135,9,22,0.25877192982456143,4.5,0.8094732731307883,1,0.03630043365149519
822884,543135,9,22,0.25877192982456143,5.5,0.6608913252725833,1,0.11499469327538489
822884,543135,9,22,0.25877192982456143,6.5,0.4902834902588465,1,0.2598109203027035
822884,543135,9,22,0.25877192982456143,7.5,0.3277467744753466,1,0.45192439922830047
822884,543135,9,22,0.25877192982456143,8.5,0.19669906769042483,1,0.6452923878494328
822877,543135,10,27,0.2600896860986547,3.5,0.9066183901728406,1,0.008720125053911829
822877,543135,10,27,0.2600896860986547,4.5,0.7961164313596156,1,0.041568509561538326
822877,543135,10,27,0.2600896860986547,5.5,0.6423125203814308,1,0.12794033307588434
822877,543135,10,27,0.2600896860986547,6.5,0.46981200570179865,1,0.2810993092979495
822877,543135,10,27,0.2600896860986547,7.5,0.30941212284913033,1,0.4769116160677447
822877,543135,10,27,0.2600896860986547,8.5,0.1831151183399967,1,0.6673009098846776
824897,543135,2,20,0.28695652173913044,3.5,0.9553452428143904,0,0.9126845329680865
824897,543135,2,20,0.28695652173913044,4.5,0.887020388299765,0,0.786805169259466
824897,543135,2,20,0.28695652173913044,5.5,0.7733129473526206,0,0.5980129145431969
824897,543135,2,20,0.28695652173913044,6.5,0.6216673308744564,0,0.3864702702765708
824897,543135,2,20,0.28695652173913044,7.5,0.4550332753077729,0,0.20705528163731943
824897,543135,2,20,0.28695652173913044,8.5,0.3010522248548136,0,0.09063244209003324
822869,543135,8,24,0.26548672566371684,3.5,0.9197545762592172,1,0.0064393280313377885
822869,543135,8,24,0.26548672566371684,4.5,0.8201923302445896,1,0.03233079810287073
822869,543135,8,24,0.26548672566371684,5.5,0.676396951247382,1,0.10471893316198928
822869,543135,8,24,0.26548672566371684,6.5,0.5085819999046092,1,0.24149165081775353
822869,543135,8,24,0.26548672566371684,7.5,0.34580189468115485,1,0.4279751610027668
822869,543135,8,24,0.26548672566371684,8.5,0.2118437985551489,0,0.044877794986274505
824164,543135,5,26,0.28125,3.5,0.9381306083374931,1,0.0038278216246886826
824164,543135,5,26,0.28125,4.5,0.8539554696464465,1,0.021329004846190002
824164,543135,5,26,0.28125,5.5,0.7245526176344576,0,0.5249764957209444
824164,543135,5,26,0.28125,6.5,0.5641873905455685,0,0.3183074116506179
824164,543135,5,26,0.28125,7.5,0.39933578932168085,0,0.15946907263316987
824164,543135,5,26,0.28125,8.5,0.2557627498765837,0,0.06541458422443192
823538,543243,3,27,0.23684210526315788,3.5,0.8718032251323937,0,0.7600408633512432
823538,543243,3,27,0.23684210526315788,4.5,0.7378398353596356,0,0.5444076226435342
823538,543243,3,27,0.23684210526315788,5.5,0.5670722453841599,0,0.32157093148503285
823538,543243,3,27,0.23684210526315788,6.5,0.3917038827253703,0,0.15343193174213066
823538,543243,3,27,0.23684210526315788,7.5,0.24225243641261301,0,0.05868624294784711
823538,543243,3,27,0.23684210526315788,8.5,0.13417626355599288,0,0.018003269701847263
824752,543243,7,23,0.21551724137931033,3.5,0.8270531322934976,1,0.02991061904949043
824752,543243,7,23,0.21551724137931033,4.5,0.6701332240240476,1,0.10881208989276915
824752,543243,7,23,0.21551724137931033,5.5,0.48747783457037813,1,0.26267897005666874
824752,543243,7,23,0.21551724137931033,6.5,0.31583875931166117,1,0.4680766032602071
824752,543243,7,23,0.21551724137931033,7.5,0.18185147356613934,0,0.033069958438176277
824752,543243,7,23,0.21551724137931033,8.5,0.09312808672738956,0,0.008672840537504192
824748,543243,4,27,0.2324561403508772,3.5,0.8615660751491065,1,0.019163951549622815
824748,543243,4,27,0.2324561403508772,4.5,0.7217121579647028,0,0.5208684389540681
824748,543243,4,27,0.2324561403508772,5.5,0.547418536937643,0,0.29966705458294957
824748,543243,4,27,0.2324561403508772,6.5,0.372376764666233,0,0.13866445486329107
824748,543243,4,27,0.2324561403508772,7.5,0.22645125782945202,0,0.05128017217254096
824748,543243,4,27,0.2324561403508772,8.5,0.1231956242695715,0,0.015177161839169433
824340,543243,11,30,0.20444444444444446,3.5,0.7738213979414209,1,0.051156760029173076
824340,543243,11,30,0.20444444444444446,4.5,0.5943225946394594,1,0.1645741572200604
824340,543243,11,30,0.20444444444444446,5.5,0.4039319485629816,1,0.3552971219439241
824340,543243,11,30,0.20444444444444446,6.5,0.2416396739933954,1,0.5751103840608437
824340,543243,11,30,0.20444444444444446,7.5,0.12724747081327914,1,0.7616969772018181
824340,543243,11,30,0.20444444444444446,8.5,0.05915946867560826,1,0.8851809053827637
824744,543243,9,24,0.2077922077922078,3.5,0.7999218610595431,1,0.040031261681876776
824744,543243,9,24,0.2077922077922078,4.5,0.631893621423651,1,0.13550230594859436
824744,543243,9,24,0.2077922077922078,5.5,0.4457575021804358,1,0.30718474638926957
824744,543243,9,24,0.2077922077922078,6.5,0.2791120640123642,1,0.5196794162525137
824744,543243,9,24,0.2077922077922078,7.5,0.15500419779846059,1,0.714017905738223
824744,543243,9,24,0.2077922077922078,8.5,0.07648657738580673,1,0.8528770417485815
824012,543243,7,22,0.2145922746781116,3.5,0.828028787183944,1,0.02957409803742522
824012,543243,7,22,0.2145922746781116,4.5,0.6709834343423753,1,0.10825190047713808
824012,543243,7,22,0.2145922746781116,5.5,0.4877588015551315,1,0.26239104538423513
824012,543243,7,22,0.2145922746781116,6.5,0.31546198512727097,1,0.46859229380589656
824012,543243,7,22,0.2145922746781116,7.5,0.18109216322472133,0,0.03279437158140911
824012,543243,7,22,0.2145922746781116,8.5,0.09235088168477525,0,0.008528685347955357
823604,543243,3,23,0.23275862068965517,3.5,0.8718277196489831,0,0.7600835727483458
823604,543243,3,23,0.23275862068965517,4.5,0.7382700790898762,0,0.5450427096793721
823604,543243,3,23,0.23275862068965517,5.5,0.5678656837069362,0,0.32247143473194617
823604,543243,3,23,0.23275862068965517,6.5,0.39246964140392443,0,0.15403241942372503
823604,543243,3,23,0.23275862068965517,7.5,0.2425809813516606,0,0.0588455325135347
823604,543243,3,23,0.23275862068965517,8.5,0.13397116224243705,0,0.01794827231258939
824739,543243,5,26,0.22707423580786026,3.5,0.8501766441030945,1,0.022447037972210822
824739,543243,5,26,0.22707423580786026,4.5,0.7045341943575105,1,0.08730004230396536
824739,543243,5,26,0.22707423580786026,5.5,0.5273643082924846,0,0.27811311366081076
824739,543243,5,26,0.22707423580786026,6.5,0.35344602036462336,0,0.12492408931158976
824739,543243,5,26,0.22707423580786026,7.5,0.21153888823823674,0,0.04474870123706921
824739,543243,5,26,0.22707423580786026,8.5,0.11315546372239389,0,0.01280415897023
824734,543243,3,23,0.23275862068965517,3.5,0.8718277196489831,0,0.7600835727483458
824734,543243,3,23,0.23275862068965517,4.5,0.7382700790898762,0,0.5450427096793721
824734,543243,3,23,0.23275862068965517,5.5,0.5678656837069362,0,0.32247143473194617
824734,543243,3,23,0.23275862068965517,6.5,0.39246964140392443,0,0.15403241942372503
824734,543243,3,23,0.23275862068965517,7.5,0.2425809813516606,0,0.0588455325135347
824734,543243,3,23,0.23275862068965517,8.5,0.13397116224243705,0,0.01794827231258939
824974,543243,5,30,0.2311111111111111,3.5,0.853905300148851,1,0.02134366132459731
824974,543243,5,30,0.2311111111111111,4.5,0.7084196354658376,1,0.08501910898187501
824974,543243,5,30,0.2311111111111111,5.5,0.5295033449900126,0,0.28037379235561233
824974,543243,5,30,0.2311111111111111,6.5,0.35287634403395485,0,0.12452171417877006
824974,543243,5,30,0.2311111111111111,7.5,0.20885896626585485,0,0.04362206778964149
824974,543243,5,30,0.2311111111111111,8.5,0.109803272421599,0,0.012056758634491883
824755,544150,2,14,0.23076923076923078,3.5,0.23118928398767277,0,0.05344848503073281
824755,544150,2,14,0.23076923076923078,4.5,0.10050264601476122,0,0.0101007818559684
824755,544150,2,14,0.23076923076923078,5.5,0.03925128184162862,0,0.0015406631262109647
824755,544150,2,14,0.23076923076923078,6.5,0.013998270157139467,0,0.00019595156739226138
824755,544150,2,14,0.23076923076923078,7.5,0.004443849460402655,0,1.9747798026720968e-05
824755,544150,2,14,0.23076923076923078,8.5,0.0012066080926373434,0,1.4559030892179278e-06
824829,544150,3,9,0.2,3.5,0.2010384082294101,0,0.040416441583414946
824829,544150,3,9,0.2,4.5,0.0823303932193451,0,0.006778293647651985
824829,544150,3,9,0.2,5.5,0.028951987806098783,0,0.0008382175979244926
824829,544150,3,9,0.2,6.5,0.008788465015848956,0,7.7237117334801e-05
824829,544150,3,9,0.2,7.5,0.0022804251956565305,0,5.200339072985125e-06
824829,544150,3,9,0.2,8.5,0.0004979264651263996,0,2.4793076467327164e-07
824828,544150,1,17,0.25806451612903225,3.5,0.267104954210296,0,0.07134505656368433
824828,544150,1,17,0.25806451612903225,4.5,0.11080707049319898,0,0.012278206871284766
824828,544150,1,17,0.25806451612903225,5.5,0.03743297072780558,0,0.0014012272975087495
824828,544150,1,17,0.25806451612903225,6.5,0.010546750047982051,0,0.0001112339365746094
824828,544150,1,17,0.25806451612903225,7.5,0.00250268318445778,0,6.263423121767735e-06
824828,544150,1,17,0.25806451612903225,8.5,0.0004926594282699697,0,2.4271331226329345e-07
824017,544150,3,9,0.2,3.5,0.2010384082294101,0,0.040416441583414946
824017,544150,3,9,0.2,4.5,0.0823303932193451,0,0.006778293647651985
824017,544150,3,9,0.2,5.5,0.028951987806098783,0,0.0008382175979244926
824017,544150,3,9,0.2,6.5,0.008788465015848956,0,7.7237117334801e-05
824017,544150,3,9,0.2,7.5,0.0022804251956565305,0,5.200339072985125e-06
824017,544150,3,9,0.2,8.5,0.0004979264651263996,0,2.4793076467327164e-07
824821,544150,2,11,0.22058823529411764,3.5,0.23589766306641685,0,0.05564770744019673
824821,544150,2,11,0.22058823529411764,4.5,0.10494534941362373,0,0.011013526363547573
824821,544150,2,11,0.22058823529411764,5.5,0.040923278125000864,0,0.0016747146924961742
824821,544150,2,11,0.22058823529411764,6.5,0.013967557423731847,0,0.00019509266038524663
824821,544150,2,11,0.22058823529411764,7.5,0.004093895637131749,0,1.6759981487726365e-05
824821,544150,2,11,0.22058823529411764,8.5,0.0010086827772455716,0,1.0174409451118394e-06
824819,544150,4,10,0.18840579710144928,3.5,0.16910724995720666,1,0.690382762073676
824819,544150,4,10,0.18840579710144928,4.5,0.06588818548289259,0,0.004341252986228058
824819,544150,4,10,0.18840579710144928,5.5,0.022078312036804878,0,0.00048745186239452316
824819,544150,4,10,0.18840579710144928,6.5,0.00636378326318633,0,4.049773742081045e-05
824819,544150,4,10,0.18840579710144928,7.5,0.0015581530315805453,0,2.427840869823644e-06
824819,544150,4,10,0.18840579710144928,8.5,0.0003191886891308451,0,1.0188141926906726e-07
824243,544150,2,9,0.21428571428571427,3.5,0.23579652201588314,0,0.05559999979478686
824243,544150,2,9,0.21428571428571427,4.5,0.10255592697310689,0,0.010517718157313234
824243,544150,2,9,0.21428571428571427,5.5,0.038455125184294885,0,0.0014787966529397907
824243,544150,2,9,0.21428571428571427,6.5,0.012507604513804694,0,0.00015644017067374755
824243,544150,2,9,0.21428571428571427,7.5,0.0034938594045281104,0,1.2207053538609522e-05
824243,544150,2,9,0.21428571428571427,8.5,0.0008242605914207347,0,6.794055225692593e-07
824024,547179,5,22,0.1461187214611872,3.5,0.39917247832777464,1,0.3609937107987885
824024,547179,5,22,0.1461187214611872,4.5,0.2116780329479874,1,0.6214515237367545
824024,547179,5,22,0.1461187214611872,5.5,0.0950063897306637,0,0.009026214089654762
824024,547179,5,22,0.1461187214611872,6.5,0.03644175958160573,0,0.0013280018414035533
824024,547179,5,22,0.1461187214611872,7.5,0.01205728416532534,0,0.00014537810144340518
824024,547179,5,22,0.1461187214611872,8.5,0.0034681117205801848,0,1.202779890642565e-05
824348,547179,7,19,0.13513513513513514,3.5,0.3523824605172437,1,0.4194084774456995
824348,547179,7,19,0.13513513513513514,4.5,0.1759940691697833,1,0.6789857740433718
824348,547179,7,19,0.13513513513513514,5.5,0.07389145413734247,1,0.8576770387198461
824348,547179,7,19,0.13513513513513514,6.5,0.02635770005599847,1,0.947979328240245
824348,547179,7,19,0.13513513513513514,7.5,0.008067536522058086,0,6.508514553474108e-05
824348,547179,7,19,0.13513513513513514,8.5,0.0021367656736192685,0,4.565767543957606e-06
824666,547179,5,22,0.1461187214611872,3.5,0.39917247832777464,1,0.3609937107987885
824666,547179,5,22,0.1461187214611872,4.5,0.2116780329479874,1,0.6214515237367545
824666,547179,5,22,0.1461187214611872,5.5,0.0950063897306637,0,0.009026214089654762
824666,547179,5,22,0.1461187214611872,6.5,0.03644175958160573,0,0.0013280018414035533
824666,547179,5,22,0.1461187214611872,7.5,0.01205728416532534,0,0.00014537810144340518
824666,547179,5,22,0.1461187214611872,8.5,0.0034681117205801848,0,1.202779890642565e-05
824343,547179,5,24,0.14746543778801843,3.5,0.39912154537354294,1,0.36105491723427924
824343,547179,5,24,0.14746543778801843,4.5,0.21121194141730523,1,0.6221866013626567
824343,547179,5,24,0.14746543778801843,5.5,0.09451965311867908,0,0.00893396482567542
824343,547179,5,24,0.14746543778801843,6.5,0.03614066286923336,0,0.001306147512627583
824343,547179,5,24,0.14746543778801843,7.5,0.011927878151680674,0,0.00014227427720134119
824343,547179,5,24,0.14746543778801843,8.5,0.00342814418616365,0,1.1752172561127636e-05
823689,547179,1,25,0.16666666666666666,3.5,0.49207669047641495,0,0.24213946931022148
823689,547179,1,25,0.16666666666666666,4.5,0.2878276652634072,0,0.08284476489098398
823689,547179,1,25,0.16666666666666666,5.5,0.14333255418013344,0,0.020544221087800886
823689,547179,1,25,0.16666666666666666,6.5,0.061200521533016874,0,0.003745503835913262
823689,547179,1,25,0.16666666666666666,7.5,0.022598004990911986,0,0.000510669829569283
823689,547179,1,25,0.16666666666666666,8.5,0.007275921939269189,0,5.293904006633871e-05
824335,547179,1,23,0.1651376146788991,3.5,0.4915270940454122,0,0.2415988841807275
824335,547179,1,23,0.1651376146788991,4.5,0.28827328553893367,0,0.08310148715541159
824335,547179,1,23,0.1651376146788991,5.5,0.144290108753828,0,0.020819635484191513
824335,547179,1,23,0.1651376146788991,6.5,0.06207551899893214,0,0.003853370058986785
824335,547179,1,23,0.1651376146788991,7.5,0.02313887496021152,0,0.0005354075344243038
824335,547179,1,23,0.1651376146788991,8.5,0.007527786378382016,0,5.6667567758553826e-05
823929,547179,5,27,0.14953271028037382,3.5,0.3998840226186455,1,0.3601391863083783
823929,547179,5,27,0.14953271028037382,4.5,0.21001448428044064,1,0.6240771150466982
823929,547179,5,27,0.14953271028037382,5.5,0.09253408980524065,0,0.008562557776084343
823929,547179,5,27,0.14953271028037382,6.5,0.03447869221664381,0,0.0011887802169700545
823929,547179,5,27,0.14953271028037382,7.5,0.010950242390222508,0,0.00011990780840462594
823929,547179,5,27,0.14953271028037382,8.5,0.0029842089216601014,0,8.905502888115746e-06
823199,547179,1,22,0.1643835616438356,3.5,0.49151769063534767,0,0.24158964020750534
823199,547179,1,22,0.1643835616438356,4.5,0.28845478274677516,0,0.08320616168948926
823199,547179,1,22,0.1643835616438356,5.5,0.14449983622484,0,0.020880202669005584
823199,547179,1,22,0.1643835616438356,6.5,0.06220642061798574,0,0.003869638766101761
823199,547179,1,22,0.1643835616438356,7.5,0.023188573629670004,0,0.0005377099469786271
823199,547179,1,22,0.1643835616438356,8.5,0.007536101228330056,0,5.6792821723637784e-05
824329,547179,5,19,0.14414414414414414,3.5,0.39947380206547295,1,0.36063171440569886
824329,547179,5,19,0.14414414414414414,4.5,0.21132384593824122,1,0.6220100759856472
824329,547179,5,19,0.14414414414414414,5.5,0.09436420875208662,0,0.008904603893407382
824329,547179,5,19,0.14414414414414414,6.5,0.03589451959555963,0,0.0012884165369960142
824329,547179,5,19,0.14414414414414414,7.5,0.011736481576272358,0,0.0001377449997901805
824329,547179,5,19,0.14414414414414414,8.5,0.0033248808827246925,0,1.105483288430813e-05
823275,547179,2,20,0.1583710407239819,3.5,0.46911528879245423,0,0.22006915417882775
823275,547179,2,20,0.1583710407239819,4.5,0.2686661152864392,0,0.07218148150310623
823275,547179,2,20,0.1583710407239819,5.5,0.13088186227719895,0,0.01713006187314767
823275,547179,2,20,0.1583710407239819,6.5,0.05461045132148749,0,0.002982301393536554
823275,547179,2,20,0.1583710407239819,7.5,0.019664985927272113,0,0.0003867116715198102
823275,547179,2,20,0.1583710407239819,8.5,0.006153473522973999,0,3.786523639794204e-05
824324,547179,0,18,0.16591928251121077,3.5,0.5149854042049051,0,0.2652099665440895
824324,547179,0,18,0.16591928251121077,4.5,0.30822451288791786,0,0.09500235034499424
824324,547179,0,18,0.16591928251121077,5.5,0.15720975143929658,0,0.024714905947605413
824324,547179,0,18,0.16591928251121077,6.5,0.06870189653665193,0,0.0047199505877328265
824324,547179,0,18,0.16591928251121077,7.5,0.02590414652864395,0,0.0006710248073774564
824324,547179,0,18,0.16591928251121077,8.5,0.008485269149722129,0,7.19997925432261e-05
823457,554430,8,25,0.36231884057971014,3.5,0.9778687447353416,1,0.0004897924595894712
823457,554430,8,25,0.36231884057971014,4.5,0.9405231524727613,1,0.0035374953917784
823457,554430,8,25,0.36231884057971014,5.5,0.8710339057061829,1,0.016632253477401725
823457,554430,8,25,0.36231884057971014,6.5,0.7639814998397082,1,0.05570473241791366
823457,554430,8,25,0.36231884057971014,7.5,0.624244789245821,1,0.14119197840891745
823457,554430,8,25,0.36231884057971014,8.5,0.46797181900961315,0,0.21899762338716613
822805,554430,5,24,0.375,3.5,0.9827873214425633,1,0.0002962763031216408
822805,554430,5,24,0.375,4.5,0.9523469084328402,1,0.0022708171359081164
822805,554430,5,24,0.375,5.5,0.8936741341093103,0,0.7986534579760255
822805,554430,5,24,0.375,6.5,0.7997588750041345,0,0.6396142581478788
822805,554430,5,24,0.375,7.5,0.6717637788874754,0,0.45126657462518094
822805,554430,5,24,0.375,8.5,0.5214862396515595,0,0.27194789814592374
823452,554430,9,23,0.35406698564593303,3.5,0.9750707420211082,1,0.0006214679033781397
823452,554430,9,23,0.35406698564593303,4.5,0.9345272103389859,1,0.004286686185995396
823452,554430,9,23,0.35406698564593303,5.5,0.8608282540513634,1,0.01936877487039184
823452,554430,9,23,0.35406698564593303,6.5,0.7495953679794699,1,0.06270247973733709
823452,554430,9,23,0.35406698564593303,7.5,0.6070655728022238,1,0.15439746407724445
823452,554430,9,23,0.35406698564593303,8.5,0.4504172197014785,1,0.30204123240065295
823449,554430,7,23,0.36363636363636365,3.5,0.9791106476820279,1,0.0004363650402643649
823449,554430,7,23,0.36363636363636365,4.5,0.9438309436640232,1,0.003154962889674135
823449,554430,7,23,0.36363636363636365,5.5,0.8779190148890947,1,0.014903766925649072
823449,554430,7,23,0.36363636363636365,6.5,0.775542234503953,1,0.05038128849147843
823449,554430,7,23,0.36363636363636365,7.5,0.6402114997834477,0,0.40987076445497145
823449,554430,7,23,0.36363636363636365,8.5,0.48634454404387734,0,0.23653101552124695
823610,554430,5,25,0.37681159420289856,3.5,0.9831456720943756,1,0.0002840683691503079
823610,554430,5,25,0.37681159420289856,4.5,0.9530450276646488,1,0.0022047694270135943
823610,554430,5,25,0.37681159420289856,5.5,0.8946734423880226,0,0.8004405685144343
823610,554430,5,25,0.37681159420289856,6.5,0.8008098320848258,0,0.6412963871637269
823610,554430,5,25,0.37681159420289856,7.5,0.6725008426572469,0,0.4522573833747071
823610,554430,5,25,0.37681159420289856,8.5,0.5216299915720741,0,0.2720978481074821
823446,554430,10,24,0.35096153846153844,3.5,0.9730844250942858,1,0.0007244481725051103
823446,554430,10,24,0.35096153846153844,4.5,0.9298023916479462,1,0.004927704218348333
823446,554430,10,24,0.35096153846153844,5.5,0.8519536043643673,1,0.021917735260702287
823446,554430,10,24,0.35096153846153844,6.5,0.7360032027522709,1,0.06969430895705857
823446,554430,10,24,0.35096153846153844,7.5,0.5897848786911183,1,0.16827644575046055
823446,554430,10,24,0.35096153846153844,8.5,0.4319881439550863,1,0.32263746860758774
824495,554430,14,25,0.3333333333333333,3.5,0.9623978567716805,1,0.0014139211753630503
824495,554430,14,25,0.3333333333333333,4.5,0.9062039389180776,1,0.008797701074483718
824495,554430,14,25,0.3333333333333333,5.5,0.8106197553832128,1,0.03586487705111414
824495,554430,14,25,0.3333333333333333,6.5,0.6766172373982572,1,0.10457641114793514
824495,554430,14,25,0.3333333333333333,7.5,0.5185182360988125,1,0.23182468896939884
824495,554430,14,25,0.3333333333333333,8.5,0.3598426023305474,1,0.4098014937909256
824250,554430,10,22,0.3476190476190476,3.5,0.9726948280904187,1,0.0007455724130117856
824250,554430,10,22,0.3476190476190476,4.5,0.9293900452609462,1,0.004985765708251233
824250,554430,10,22,0.3476190476190476,5.5,0.851854791655297,1,0.021947002755495465
824250,554430,10,22,0.3476190476190476,6.5,0.7364391499981305,1,0.06946432165370793
824250,554430,10,22,0.3476190476190476,7.5,0.5906062118639424,1,0.16760327376439124
824250,554430,10,22,0.3476190476190476,8.5,0.432769159472381,1,0.3217508264456691
823437,554430,9,25,0.357487922705314,3.5,0.9757911094822598,1,0.0005860703800999325
823437,554430,9,25,0.357487922705314,4.5,0.9357254865410249,1,0.004131213080387966
823437,554430,9,25,0.357487922705314,5.5,0.8622308963750994,1,0.018980325913608594
823437,554430,9,25,0.357487922705314,6.5,0.7506832416205004,1,0.0621588460088618
823437,554430,9,25,0.357487922705314,7.5,0.6073950209792099,1,0.154138669551915
823437,554430,9,25,0.357487922705314,8.5,0.44989967513562334,1,0.30261036741589276
823839,554430,6,16,0.35648148148148145,3.5,0.9880657034231568,1,0.00014242743478405122
823839,554430,6,16,0.35648148148148145,4.5,0.9617171944791668,1,0.0014655731985459357
823839,554430,6,16,0.35648148148148145,5.5,0.9042265183163605,1,0.009172559793806436
823839,554430,6,16,0.35648148148148145,6.5,0.804669713486781,0,0.6474933478028981
823839,554430,6,16,0.35648148148148145,7.5,0.6642653744576963,0,0.44124848770342345
823839,554430,6,16,0.35648148148148145,8.5,0.5000781751950281,0,0.2500781813063892
823612,571510,4,21,0.15469613259668508,3.5,0.5773763398237081,1,0.17861075814080588
823612,571510,4,21,0.15469613259668508,4.5,0.3712432491319629,0,0.13782155002605667
823612,571510,4,21,0.15469613259668508,5.5,0.20616784170951943,0,0.04250517895516146
823612,571510,4,21,0.15469613259668508,6.5,0.0991349036401581,0,0.009827729119743433
823612,571510,4,21,0.15469613259668508,7.5,0.041448959520062244,0,0.0017180162452957585
823612,571510,4,21,0.15469613259668508,8.5,0.0151333846663786,0,0.00022901933146058292
824661,571510,2,24,0.16853932584269662,3.5,0.6316935142763093,0,0.39903669597875374
824661,571510,2,24,0.16853932584269662,4.5,0.4297138810753942,0,0.18465401958887803
824661,571510,2,24,0.16853932584269662,5.5,0.2552846832096563,0,0.06517026948145457
824661,571510,2,24,0.16853932584269662,6.5,0.1325581971024089,0,0.017571675619041088
824661,571510,2,24,0.16853932584269662,7.5,0.060323858889860076,0,0.0036389679513637503
824661,571510,2,24,0.16853932584269662,8.5,0.024124293961721995,0,0.0005819815591515764
824820,571510,7,23,0.13966480446927373,3.5,0.48408462570207306,1,0.2661686734369701
824820,571510,7,23,0.13966480446927373,4.5,0.2848249335470999,1,0.5114753756759101
824820,571510,7,23,0.13966480446927373,5.5,0.14374639796908953,1,0.7331702309909088
824820,571510,7,23,0.13966480446927373,6.5,0.062569679957342,1,0.8787756049352803
824820,571510,7,23,0.13966480446927373,7.5,0.023624790079433248,0,0.0005581307062972876
824820,571510,7,23,0.13966480446927373,8.5,0.007775474279752038,0,6.0458000275085465e-05
824491,571510,3,28,0.16666666666666666,3.5,0.6048273897783377,0,0.36581617142607725
824491,571510,3,28,0.16666666666666666,4.5,0.4000266910764474,0,0.16002135357357147
824491,571510,3,28,0.16666666666666666,5.5,0.2299710950135175,0,0.052886704541716296
824491,571510,3,28,0.16666666666666666,6.5,0.11524534070456455,0,0.013281488554111162
824491,571510,3,28,0.16666666666666666,7.5,0.050577763900432345,0,0.0025581102011678772
824491,571510,3,28,0.16666666666666666,8.5,0.0195261820135951,0,0.00038127178402804483
824657,571510,4,21,0.15469613259668508,3.5,0.5773763398237081,1,0.17861075814080588
824657,571510,4,21,0.15469613259668508,4.5,0.3712432491319629,0,0.13782155002605667
824657,571510,4,21,0.15469613259668508,5.5,0.20616784170951943,0,0.04250517895516146
824657,571510,4,21,0.15469613259668508,6.5,0.0991349036401581,0,0.009827729119743433
824657,571510,4,21,0.15469613259668508,7.5,0.041448959520062244,0,0.0017180162452957585
824657,571510,4,21,0.15469613259668508,8.5,0.0151333846663786,0,0.00022901933146058292
823352,571510,4,29,0.16184971098265896,3.5,0.5768761460725825,1,0.1790337957623905
823352,571510,4,29,0.16184971098265896,4.5,0.37075792592547874,0,0.13746143963656277
823352,571510,4,29,0.16184971098265896,5.5,0.2060418154382005,0,0.04245322970906947
823352,571510,4,29,0.16184971098265896,6.5,0.09935371931114224,0,0.009871161540957239
823352,571510,4,29,0.16184971098265896,7.5,0.04177997321531902,0,0.0017455661618727746
823352,571510,4,29,0.16184971098265896,8.5,0.015394727022876586,0,0.0002369976201088866
823022,571510,5,28,0.15517241379310345,3.5,0.546194031005598,1,0.20593985749494811
823022,571510,5,28,0.15517241379310345,4.5,0.3415016652120298,1,0.4336200569185298
823022,571510,5,28,0.15517241379310345,5.5,0.18438163246188694,0,0.03399658638931036
823022,571510,5,28,0.15517241379310345,6.5,0.08638546164018952,0,0.007462447982788656
823022,571510,5,28,0.15517241379310345,7.5,0.035327656171435934,0,0.0012480432905671954
823022,571510,5,28,0.15517241379310345,8.5,0.012676389096989572,0,0.00016069084053827612
824647,571510,3,28,0.16666666666666666,3.5,0.6048273897783377,0,0.36581617142607725
824647,571510,3,28,0.16666666666666666,4.5,0.4000266910764474,0,0.16002135357357147
824647,571510,3,28,0.16666666666666666,5.5,0.2299710950135175,0,0.052886704541716296
824647,571510,3,28,0.16666666666666666,6.5,0.11524534070456455,0,0.013281488554111162
824647,571510,3,28,0.16666666666666666,7.5,0.050577763900432345,0,0.0025581102011678772
824647,571510,3,28,0.16666666666666666,8.5,0.0195261820135951,0,0.00038127178402804483
824917,571578,1,23,0.211864406779661,3.5,0.487203977756775,0,0.2373677159420241
824917,571578,1,23,0.211864406779661,4.5,0.29426402565813736,0,0.08659131679653292
824917,571578,1,23,0.211864406779661,5.5,0.15192992902100624,0,0.023082703332327995
824917,571578,1,23,0.211864406779661,6.5,0.06671305001241039,0,0.00445063104195837
824917,571578,1,23,0.211864406779661,7.5,0.024869983063597292,0,0.0006185160575836162
824917,571578,1,23,0.211864406779661,8.5,0.007870494778334939,0,6.194468805579753e-05
822806,571578,3,18,0.18699186991869918,3.5,0.42293298526254813,0,0.17887231002309076
822806,571578,3,18,0.18699186991869918,4.5,0.24205704156029736,0,0.058591611368923525
822806,571578,3,18,0.18699186991869918,5.5,0.11879333633650918,0,0.014111856757958993
822806,571578,3,18,0.18699186991869918,6.5,0.04994588522835651,0,0.002494591451244161
822806,571578,3,18,0.18699186991869918,7.5,0.018020371935686993,0,0.0003247338047004954
822806,571578,3,18,0.18699186991869918,8.5,0.005594000632784796,0,3.12928430795967e-05
822801,571578,3,18,0.18699186991869918,3.5,0.42293298526254813,0,0.17887231002309076
822801,571578,3,18,0.18699186991869918,4.5,0.24205704156029736,0,0.058591611368923525
822801,571578,3,18,0.18699186991869918,5.5,0.11879333633650918,0,0.014111856757958993
822801,571578,3,18,0.18699186991869918,6.5,0.04994588522835651,0,0.002494591451244161
822801,571578,3,18,0.18699186991869918,7.5,0.018020371935686993,0,0.0003247338047004954
822801,571578,3,18,0.18699186991869918,8.5,0.005594000632784796,0,3.12928430795967e-05
824665,571578,4,20,0.18181818181818182,3.5,0.39043061224100384,1,0.3715748384928774
824665,571578,4,20,0.18181818181818182,4.5,0.21451111764602493,0,0.04601501959374675
824665,571578,4,20,0.18181818181818182,5.5,0.10077380774676942,0,0.010155360327782843
824665,571578,4,20,0.18181818181818182,6.5,0.04056585391694342,0,0.001645588504010794
824665,571578,4,20,0.18181818181818182,7.5,0.014049424598441886,0,0.00019738633154730396
824665,571578,4,20,0.18181818181818182,8.5,0.004204444234544187,0,1.7677351321391853e-05
822796,571578,5,21,0.175,3.5,0.3581441053143066,1,0.4119789895427719
822796,571578,5,21,0.175,4.5,0.18830099126673064,1,0.6588552807785721
822796,571578,5,21,0.175,5.5,0.08416759543932338,0,0.00708418412203761
822796,571578,5,21,0.175,6.5,0.03211260130653591,0,0.001031219162672532
822796,571578,5,21,0.175,7.5,0.01052011793602022,0,0.00011067288138777434
822796,571578,5,21,0.175,8.5,0.0029775619788162348,0,8.865875337692052e-06
822791,571578,5,18,0.17073170731707318,3.5,0.3591628838555156,1,0.41067220942837934
822791,571578,5,18,0.17073170731707318,4.5,0.19024025729494742,1,0.6557108409057529
822791,571578,5,18,0.17073170731707318,5.5,0.08570519585168355,0,0.007345380595975436
822791,571578,5,18,0.17073170731707318,6.5,0.032895330313003644,0,0.0010821027564016164
822791,571578,5,18,0.17073170731707318,7.5,0.01079378275993487,0,0.00011650574626866722
822791,571578,5,18,0.17073170731707318,8.5,0.0030391082200476676,0,9.236178773161303e-06
823203,571578,2,9,0.18181818181818182,3.5,0.4536355399562366,0,0.20578520311138634
823203,571578,2,9,0.18181818181818182,4.5,0.2544253238474836,0,0.06473224541489692
823203,571578,2,9,0.18181818181818182,5.5,0.12059973342435618,0,0.014544295702025771
823203,571578,2,9,0.18181818181818182,6.5,0.04857866269800271,0,0.00235988646952632
823203,571578,2,9,0.18181818181818182,7.5,0.01672904351438648,0,0.00027986089690623634
823203,571578,2,9,0.18181818181818182,8.5,0.00495127939179068,0,2.4515167615571086e-05
822787,571578,3,14,0.18110236220472442,3.5,0.4253629403158993,0,0.1809336309941873
822787,571578,3,14,0.18110236220472442,4.5,0.2403919832885845,0,0.057788305629419084
822787,571578,3,14,0.18110236220472442,5.5,0.11515174831018665,0,0.013259925138892575
822787,571578,3,14,0.18110236220472442,6.5,0.04678141304854319,0,0.002188500606818407
822787,571578,3,14,0.18110236220472442,7.5,0.016187961575820857,0,0.0002620500999802525
822787,571578,3,14,0.18110236220472442,8.5,0.004797318898257713,0,2.3014268611580597e-05
822728,571945,4,25,0.08755760368663594,3.5,0.12771705100741754,1,0.7608775431031963
822728,571945,4,25,0.08755760368663594,4.5,0.0462299625893906,0,0.0021372094410164544
822728,571945,4,25,0.08755760368663594,5.5,0.014293944599247169,0,0.0002043168522063473
822728,571945,4,25,0.08755760368663594,6.5,0.0038113104666427293,0,1.4526087473140418e-05
822728,571945,4,25,0.08755760368663594,7.5,0.000881502556847011,0,7.77046757727818e-07
822728,571945,4,25,0.08755760368663594,8.5,0.0001776281748947255,0,3.155176851643119e-08
823218,571945,2,17,0.09333333333333334,3.5,0.16323018388276617,0,0.026644092930401656
823218,571945,2,17,0.09333333333333334,4.5,0.06356142920811157,0,0.004040055282977779
823218,571945,2,17,0.09333333333333334,5.5,0.021014500976785932,0,0.0004416092513033369
823218,571945,2,17,0.09333333333333334,6.5,0.005958442752927707,0,3.550304003991671e-05
823218,571945,2,17,0.09333333333333334,7.5,0.0014597035572825872,0,2.130734475143439e-06
823218,571945,2,17,0.09333333333333334,8.5,0.0003108642937015388,0,9.663660909855656e-08
822722,571945,3,23,0.091324200913242,3.5,0.14574305303366916,0,0.021241037507574903
822722,571945,3,23,0.091324200913242,4.5,0.0553051920288939,0,0.003058664265352829
822722,571945,3,23,0.091324200913242,5.5,0.017928081075625255,0,0.0003214160910541924
822722,571945,3,23,0.091324200913242,6.5,0.0050060210040685305,0,2.5060246293175298e-05
822722,571945,3,23,0.091324200913242,7.5,0.0012104283054470745,0,1.4651366826274761e-06
822722,571945,3,23,0.091324200913242,8.5,0.0002545414542634641,0,6.479135193855918e-08
822966,571945,2,26,0.09722222222222222,3.5,0.16345340928754903,0,0.02671701700772302
822966,571945,2,26,0.09722222222222222,4.5,0.06454374980854573,0,0.004165895639348147
822966,571945,2,26,0.09722222222222222,5.5,0.021878199429796023,0,0.000478655610289927
822966,571945,2,26,0.09722222222222222,6.5,0.006425198533570958,0,4.128317619580239e-05
822966,571945,2,26,0.09722222222222222,7.5,0.0016436849312781142,0,2.701700153310739e-06
822966,571945,2,26,0.09722222222222222,8.5,0.000367678663380234,0,1.3518759950507543e-07
822719,571945,1,16,0.09734513274336283,3.5,0.18200147824880752,0,0.03312453808475116
822719,571945,1,16,0.09734513274336283,4.5,0.07353805647650484,0,0.005407845750341616
822719,571945,1,16,0.09734513274336283,5.5,0.02526455456978735,0,0.0006382977176097629
822719,571945,1,16,0.09734513274336283,6.5,0.007454958537259933,0,5.557640679226476e-05
822719,571945,1,16,0.09734513274336283,7.5,0.0019032644362250754,0,3.622415514199154e-06
822719,571945,1,16,0.09734513274336283,8.5,0.00042289033214631277,0,1.7883623302281875e-07
824741,571945,3,30,0.09433962264150944,3.5,0.14323668556027278,0,0.020516748090292455
824741,571945,3,30,0.09433962264150944,4.5,0.05287612898984061,0,0.002795885016950262
824741,571945,3,30,0.09433962264150944,5.5,0.016535755846739466,0,0.00027343122142297845
824741,571945,3,30,0.09433962264150944,6.5,0.004424991359529549,0,1.9580548531911166e-05
824741,571945,3,30,0.09433962264150944,7.5,0.0010193190359988323,0,1.0390112971495887e-06
824741,571945,3,30,0.09433962264150944,8.5,0.0002029017318855243,0,4.116911280214518e-08
822712,571945,3,27,0.09302325581395349,3.5,0.14462821331597442,0,0.020917320086971
822712,571945,3,27,0.09302325581395349,4.5,0.05448004792163063,0,0.00296807562154317
822712,571945,3,27,0.09302325581395349,5.5,0.0175665314830699,0,0.00030858302834568596
822712,571945,3,27,0.09302325581395349,6.5,0.004899418273463088,0,2.4004299418344027e-05
822712,571945,3,27,0.09302325581395349,7.5,0.0011896163124353264,0,1.415186970812224e-06
822712,571945,3,27,0.09302325581395349,8.5,0.0002526350683271163,0,6.382447774864671e-08
822711,571945,0,15,0.1013215859030837,3.5,0.20132308172093547,0,0.04053098323361446
822711,571945,0,15,0.1013215859030837,4.5,0.08420487703518545,0,0.0070904613165107015
822711,571945,0,15,0.1013215859030837,5.5,0.029995752781270826,0,0.0008997451849151165
822711,571945,0,15,0.1013215859030837,6.5,0.009192664247519454,0,8.450507596762242e-05
822711,571945,0,15,0.1013215859030837,7.5,0.002441124483170579,0,5.959088742334826e-06
822711,571945,0,15,0.1013215859030837,8.5,0.0005648362204229254,0,3.1903995590165564e-07
824329,571945,1,18,0.09821428571428571,3.5,0.1830412330834099,0,0.03350409300869519
824329,571945,1,18,0.09821428571428571,4.5,0.07466196527809775,0,0.005574409059187874
824329,571945,1,18,0.09821428571428571,5.5,0.025944305470830327,0,0.0006731069863637564
824329,571945,1,18,0.09821428571428571,6.5,0.007747873967780504,0,6.002955102061081e-05
824329,571945,1,18,0.09821428571428571,7.5,0.0020014617376670403,0,4.005849087345168e-06
824329,571945,1,18,0.09821428571428571,8.5,0.0004497174224305562,0,2.0224576003758335e-07
822706,571945,1,18,0.09821428571428571,3.5,0.1830412330834099,0,0.03350409300869519
822706,571945,1,18,0.09821428571428571,4.5,0.07466196527809775,0,0.005574409059187874
822706,571945,1,18,0.09821428571428571,5.5,0.025944305470830327,0,0.0006731069863637564
822706,571945,1,18,0.09821428571428571,6.5,0.007747873967780504,0,6.002955102061081e-05
822706,571945,1,18,0.09821428571428571,7.5,0.0020014617376670403,0,4.005849087345168e-06
822706,571945,1,18,0.09821428571428571,8.5,0.0004497174224305562,0,2.0224576003758335e-07
824890,571945,3,27,0.09302325581395349,3.5,0.14462821331597442,0,0.020917320086971
824890,571945,3,27,0.09302325581395349,4.5,0.05448004792163063,0,0.00296807562154317
824890,571945,3,27,0.09302325581395349,5.5,0.0175665314830699,0,0.00030858302834568596
824890,571945,3,27,0.09302325581395349,6.5,0.004899418273463088,0,2.4004299418344027e-05
824890,571945,3,27,0.09302325581395349,7.5,0.0011896163124353264,0,1.415186970812224e-06
824890,571945,3,27,0.09302325581395349,8.5,0.0002526350683271163,0,6.382447774864671e-08
824918,592332,8,25,0.2245762711864407,3.5,0.7939273377071864,1,0.04246594214444801
824918,592332,8,25,0.2245762711864407,4.5,0.626418500273525,1,0.13956313693788228
824918,592332,8,25,0.2245762711864407,5.5,0.4418407086358705,1,0.31154179453610725
824918,592332,8,25,0.2245762711864407,6.5,0.2763692135279597,1,0.5236415151301437
824918,592332,8,25,0.2245762711864407,7.5,0.15270627706520723,1,0.7179066529247013
824918,592332,8,25,0.2245762711864407,8.5,0.07441503492025833,0,0.0055375974221832675
822807,592332,5,20,0.23236514522821577,3.5,0.8310420219171475,1,0.028546798357845668
822807,592332,5,20,0.23236514522821577,4.5,0.678762133150599,1,0.10319376709795351
822807,592332,5,20,0.23236514522821577,5.5,0.49893720817478265,0,0.2489383377012464
822807,592332,5,20,0.23236514522821577,6.5,0.3264024817017434,0,0.10653858006105695
822807,592332,5,20,0.23236514522821577,7.5,0.18882311734824944,0,0.03565416964511078
822807,592332,5,20,0.23236514522821577,8.5,0.09626927302042884,0,0.009267772927881869
822802,592332,7,25,0.2288135593220339,3.5,0.806272214772611,1,0.03753045476910935
822802,592332,7,25,0.2288135593220339,4.5,0.6436021146653196,1,0.127019452671032
822802,592332,7,25,0.2288135593220339,5.5,0.4605260543468363,1,0.29103213803859257
822802,592332,7,25,0.2288135593220339,6.5,0.2928402478826086,1,0.5000749150147303
822802,592332,7,25,0.2288135593220339,7.5,0.16475765387020322,0,0.02714508450881369
822802,592332,7,25,0.2288135593220339,8.5,0.08185020054550518,0,0.006699455329339417
824663,592332,3,17,0.23770491803278687,3.5,0.8579006150170794,0,0.7359934652466831
824663,592332,3,17,0.23770491803278687,4.5,0.7145173129327235,0,0.5105349904805995
824663,592332,3,17,0.23770491803278687,5.5,0.5360828730012563,0,0.28738484672528114
824663,592332,3,17,0.23770491803278687,6.5,0.35783750669375036,0,0.12804768119679982
824663,592332,3,17,0.23770491803278687,7.5,0.2111195581980207,0,0.044571467853727446
824663,592332,3,17,0.23770491803278687,8.5,0.1097743759657367,0,0.012050413618666912
822797,592332,4,28,0.2446351931330472,3.5,0.842866861064432,1,0.024690823351744523
822797,592332,4,28,0.2446351931330472,4.5,0.6952979310162631,0,0.48343921287549624
822797,592332,4,28,0.2446351931330472,5.5,0.5172866563888882,0,0.26758548487799566
822797,592332,4,28,0.2446351931330472,6.5,0.34308414911583796,0,0.11770673337453853
822797,592332,4,28,0.2446351931330472,7.5,0.2014405030962701,0,0.040578276287678405
822797,592332,4,28,0.2446351931330472,8.5,0.10425873949230967,0,0.010869884760525292
822793,592332,7,25,0.2288135593220339,3.5,0.806272214772611,1,0.03753045476910935
822793,592332,7,25,0.2288135593220339,4.5,0.6436021146653196,1,0.127019452671032
822793,592332,7,25,0.2288135593220339,5.5,0.4605260543468363,1,0.29103213803859257
822793,592332,7,25,0.2288135593220339,6.5,0.2928402478826086,1,0.5000749150147303
822793,592332,7,25,0.2288135593220339,7.5,0.16475765387020322,0,0.02714508450881369
822793,592332,7,25,0.2288135593220339,8.5,0.08185020054550518,0,0.006699455329339417
823205,592332,8,26,0.225531914893617,3.5,0.7946123654420537,1,0.04218408042930849
823205,592332,8,26,0.225531914893617,4.5,0.626889009544694,1,0.13921181119853948
823205,592332,8,26,0.225531914893617,5.5,0.44184970994399275,1,0.311531746289605
823205,592332,8,26,0.225531914893617,6.5,0.27596988002474976,1,0.5242196146313752
823205,592332,8,26,0.225531914893617,7.5,0.15215053538514187,1,0.7188487146477015
823205,592332,8,26,0.225531914893617,8.5,0.07393397934780829,0,0.0054662333022021435
823274,592332,8,25,0.2245762711864407,3.5,0.7939273377071864,1,0.04246594214444801
823274,592332,8,25,0.2245762711864407,4.5,0.626418500273525,1,0.13956313693788228
823274,592332,8,25,0.2245762711864407,5.5,0.4418407086358705,1,0.31154179453610725
823274,592332,8,25,0.2245762711864407,6.5,0.2763692135279597,1,0.5236415151301437
823274,592332,8,25,0.2245762711864407,7.5,0.15270627706520723,1,0.7179066529247013
823274,592332,8,25,0.2245762711864407,8.5,0.07441503492025833,0,0.0055375974221832675
822787,592332,1,21,0.25,3.5,0.8690413860104256,0,0.7552329305989215
822787,592332,1,21,0.25,4.5,0.7376172547479986,0,0.5440792145019738
822787,592332,1,21,0.25,5.5,0.5703039857611366,0,0.3252466361750387
822787,592332,1,21,0.25,6.5,0.3965143706491697,0,0.15722364613130715
822787,592332,1,21,0.25,7.5,0.24584160707977487,0,0.06043809577156641
822787,592332,1,21,0.25,8.5,0.13521274761596536,0,0.018282487117858744
824730,592332,6,24,0.2320675105485232,3.5,0.8176469204659289,1,0.03325264561555926
824730,592332,6,24,0.2320675105485232,4.5,0.6601185174568496,1,0.11551942217572987
824730,592332,6,24,0.2320675105485232,5.5,0.47919393065063337,1,0.2712389618711372
824730,592332,6,24,0.2320675105485232,6.5,0.30987093090954,0,0.0960199938227449
824730,592332,6,24,0.2320675105485232,7.5,0.17759379736953376,0,0.03153955686413102
824730,592332,6,24,0.2320675105485232,8.5,0.0899693934804194,0,0.008094491763234532
822781,592332,4,25,0.24152542372881355,3.5,0.8398459832053646,1,0.025649309095456346
822781,592332,4,25,0.24152542372881355,4.5,0.6922857193488389,0,0.4792595172143393
822781,592332,4,25,0.24152542372881355,5.5,0.5157234581177109,0,0.2659706852528903
822781,592332,4,25,0.24152542372881355,6.5,0.3436244852204332,0,0.11807778684300772
822781,592332,4,25,0.24152542372881355,7.5,0.20357974356623929,0,0.04144471199049574
822781,592332,4,25,0.24152542372881355,8.5,0.1068985536939097,0,0.011427300781849696
824673,592662,4,21,0.19730941704035873,3.5,0.7396089732552389,1,0.06780348680919089
824673,592662,4,21,0.19730941704035873,4.5,0.5507630591114149,0,0.3033399472817639
824673,592662,4,21,0.19730941704035873,5.5,0.36136787413376426,0,0.13058674045595609
824673,592662,4,21,0.19730941704035873,6.5,0.20841147344682828,0,0.04343534226427801
824673,592662,4,21,0.19730941704035873,7.5,0.10594143423784125,0,0.011223587488370842
824673,592662,4,21,0.19730941704035873,8.5,0.0477072709144234,0,0.002275983698102189
823215,592662,3,24,0.20454545454545456,3.5,0.7546675934196738,0,0.5695231765578421
823215,592662,3,24,0.20454545454545456,4.5,0.5707692140186085,0,0.32577749567142006
823215,592662,3,24,0.20454545454545456,5.5,0.38208773722412137,0,0.14599103893704923
823215,592662,3,24,0.20454545454545456,6.5,0.22584794878727332,0,0.051007295971418835
823215,592662,3,24,0.20454545454545456,7.5,0.11820419232779542,0,0.013972231083866448
823215,592662,3,24,0.20454545454545456,8.5,0.055057528217452315,0,0.003031331413415558
824912,592662,8,23,0.18099547511312217,3.5,0.6634745080519384,1,0.11324940673088486
824912,592662,8,23,0.18099547511312217,4.5,0.46144817289609597,1,0.29003807047695335
824912,592662,8,23,0.18099547511312217,5.5,0.28023859684504443,1,0.5180564774715904
824912,592662,8,23,0.18099547511312217,6.5,0.14886824697877166,1,0.7244252610009893
824912,592662,8,23,0.18099547511312217,7.5,0.06954962910127183,1,0.8657378927055808
824912,592662,8,23,0.18099547511312217,8.5,0.028761912348886358,0,0.0008272476019650216
823210,592662,6,29,0.19534883720930232,3.5,0.7057529630664902,1,0.0865813187441503
823210,592662,6,29,0.19534883720930232,4.5,0.5077571847364337,1,0.24230298917860144
823210,592662,6,29,0.19534883720930232,5.5,0.3192144796523323,1,0.4634689247150447
823210,592662,6,29,0.19534883720930232,6.5,0.17521052020100003,0,0.03069872638910504
823210,592662,6,29,0.19534883720930232,7.5,0.08433723391586952,0,0.007112769024580091
823210,592662,6,29,0.19534883720930232,8.5,0.035858338810109296,0,0.0012858204622205906
823204,592662,2,30,0.21495327102803738,3.5,0.7765681395711986,0,0.6030580753970727
823204,592662,2,30,0.21495327102803738,4.5,0.5961048666962557,0,0.3553410120989608
823204,592662,2,30,0.21495327102803738,5.5,0.4037815766628977,0,0.16303956165237554
823204,592662,2,30,0.21495327102803738,6.5,0.23989179855909043,0,0.057548075015915225
823204,592662,2,30,0.21495327102803738,7.5,0.12500395777314394,0,0.01562598945894995
823204,592662,2,30,0.21495327102803738,8.5,0.05732799698063264,0,0.0032864992378114247
824334,592662,4,25,0.2009132420091324,3.5,0.73805814144072,1,0.06861353726548984
824334,592662,4,25,0.2009132420091324,4.5,0.5495204409118433,0,0.3019727149799466
824334,592662,4,25,0.2009132420091324,5.5,0.36109180269759744,0,0.13038728997540064
824334,592662,4,25,0.2009132420091324,6.5,0.20913849818126432,0,0.043738911421514697
824334,592662,4,25,0.2009132420091324,7.5,0.10717238019475639,0,0.011485919076609412
824334,592662,4,25,0.2009132420091324,8.5,0.04888037637648172,0,0.0023892911947065117
823200,592662,4,23,0.19909502262443438,3.5,0.7381551508073725,1,0.06856272504870985
823200,592662,4,23,0.19909502262443438,4.5,0.549849956230838,0,0.3023349743670545
823200,592662,4,23,0.19909502262443438,5.5,0.3614649171066315,0,0.13065688629890396
823200,592662,4,23,0.19909502262443438,6.5,0.20932317716210347,0,0.04381619249723735
823200,592662,4,23,0.19909502262443438,7.5,0.10710738422740491,0,0.011471991756036947
823200,592662,4,23,0.19909502262443438,8.5,0.04867302977300415,0,0.0023690638272837487
823113,592662,6,22,0.1891891891891892,3.5,0.7028901115295668,1,0.08827428582691324
823113,592662,6,22,0.1891891891891892,4.5,0.5065992223834843,1,0.24344432735258237
823113,592662,6,22,0.1891891891891892,5.5,0.3202823380234569,1,0.46201610000285803
823113,592662,6,22,0.1891891891891892,6.5,0.17755980206556687,0,0.03152748330956329
823113,592662,6,22,0.1891891891891892,7.5,0.08666596697547166,0,0.007510989831793544
823113,592662,6,22,0.1891891891891892,8.5,0.03745660896076205,0,0.0014029975548394398
823197,592662,5,25,0.1963470319634703,3.5,0.7205292557745935,1,0.07810389687790259
823197,592662,5,25,0.1963470319634703,4.5,0.52791159226983,1,0.22286746471320726
823197,592662,5,25,0.1963470319634703,5.5,0.3404520194133858,0,0.11590757752265243
823197,592662,5,25,0.1963470319634703,6.5,0.19318570893129125,0,0.037320718135285584
823197,592662,5,25,0.1963470319634703,7.5,0.09687993041471903,0,0.0093857209171608
823197,592662,5,25,0.1963470319634703,8.5,0.043206766434520184,0,0.00186682466572718
823271,592662,6,22,0.1891891891891892,3.5,0.7028901115295668,1,0.08827428582691324
823271,592662,6,22,0.1891891891891892,4.5,0.5065992223834843,1,0.24344432735258237
823271,592662,6,22,0.1891891891891892,5.5,0.3202823380234569,1,0.46201610000285803
823271,592662,6,22,0.1891891891891892,6.5,0.17755980206556687,0,0.03152748330956329
823271,592662,6,22,0.1891891891891892,7.5,0.08666596697547166,0,0.007510989831793544
823271,592662,6,22,0.1891891891891892,8.5,0.03745660896076205,0,0.0014029975548394398
824675,592791,6,26,0.23076923076923078,3.5,0.690583730142528,1,0.0957384280525119
824675,592791,6,26,0.23076923076923078,4.5,0.47995775645397215,1,0.2704439350723862
824675,592791,6,26,0.23076923076923078,5.5,0.2841994985551968,1,0.5123703578686317
824675,592791,6,26,0.23076923076923078,6.5,0.14221281276279377,0,0.020224484113905438
824675,592791,6,26,0.23076923076923078,7.5,0.05992000586635912,0,0.0035904071030245116
824675,592791,6,26,0.23076923076923078,8.5,0.02121562473661322,0,0.0004501027329647948
824654,592791,6,20,0.2,3.5,0.6690358028522609,1,0.10953729979364749
824654,592791,6,20,0.2,4.5,0.4716868782305841,1,0.2791147546337457
824654,592791,6,20,0.2,5.5,0.2927879564873071,1,0.5001488744893992
824654,592791,6,20,0.2,6.5,0.16011695954979452,0,0.025637440735470533
824654,592791,6,20,0.2,7.5,0.07728474153121288,0,0.005972931273546382
824654,592791,6,20,0.2,8.5,0.03295080387396303,0,0.0010857554759403768
823354,592791,3,19,0.2608695652173913,3.5,0.8712335547932063,0,0.7590479069976068
823354,592791,3,19,0.2608695652173913,4.5,0.7374233466701864,0,0.5437931922142579
823354,592791,3,19,0.2608695652173913,5.5,0.5673271795914037,0,0.3218601287031368
823354,592791,3,19,0.2608695652173913,6.5,0.3926937637388409,0,0.1542083920793766
823354,592791,3,19,0.2608695652173913,7.5,0.24343052161588016,0,0.0592584188541795
823354,592791,3,19,0.2608695652173913,8.5,0.1348890189523007,0,0.01819504743391414
825078,593958,3,24,0.15126050420168066,3.5,0.4900328807756874,0,0.24013222424131908
825078,593958,3,24,0.15126050420168066,4.5,0.29663402741563943,0,0.08799174622082233
825078,593958,3,24,0.15126050420168066,5.5,0.155043139289102,0,0.02403837504061988
825078,593958,3,24,0.15126050420168066,6.5,0.0699656495811152,0,0.0048951921213074056
825078,593958,3,24,0.15126050420168066,7.5,0.027301094058246655,0,0.0007453497367772309
825078,593958,3,24,0.15126050420168066,8.5,0.009234491294199128,0,8.527582946263948e-05
825075,593958,5,25,0.14345991561181434,3.5,0.4461927113329863,1,0.306702512980709
825075,593958,5,25,0.14345991561181434,4.5,0.2576471303639817,1,0.5510877830568313
825075,593958,5,25,0.14345991561181434,5.5,0.1278106812256413,0,0.016335570235362494
825075,593958,5,25,0.14345991561181434,6.5,0.05456065089437422,0,0.0029768646260177785
825075,593958,5,25,0.14345991561181434,7.5,0.020099724683286857,0,0.00040399893234393093
825075,593958,5,25,0.14345991561181434,8.5,0.006411635431094278,0,4.110906890126351e-05
824507,593958,3,15,0.145748987854251,3.5,0.49221213450224793,0,0.242272785351259
824507,593958,3,15,0.145748987854251,4.5,0.2920897467990886,0,0.0853164201851557
824507,593958,3,15,0.145748987854251,5.5,0.1480755075154813,0,0.021926355925967356
824507,593958,3,15,0.145748987854251,6.5,0.06430530374606115,0,0.0041351720898731865
824507,593958,3,15,0.145748987854251,7.5,0.024024943760438858,0,0.00057719792269225
824507,593958,3,15,0.145748987854251,8.5,0.007757393509932105,0,6.017715406793674e-05
825072,593958,5,27,0.14468085106382977,3.5,0.44623142413880773,1,0.30665963561133314
825072,593958,5,27,0.14468085106382977,4.5,0.25712989457497953,1,0.5518559935341809
825072,593958,5,27,0.14468085106382977,5.5,0.1271724176105574,0,0.016172823800914008
825072,593958,5,27,0.14468085106382977,6.5,0.05409028537610817,0,0.002925758972068821
825072,593958,5,27,0.14468085106382977,7.5,0.019845135385801932,0,0.000393829398480808
825072,593958,5,27,0.14468085106382977,8.5,0.006303081036409338,0,3.972883055154301e-05
823043,593958,5,25,0.14345991561181434,3.5,0.4461927113329863,1,0.306702512980709
823043,593958,5,25,0.14345991561181434,4.5,0.2576471303639817,1,0.5510877830568313
823043,593958,5,25,0.14345991561181434,5.5,0.1278106812256413,0,0.016335570235362494
823043,593958,5,25,0.14345991561181434,6.5,0.05456065089437422,0,0.0029768646260177785
823043,593958,5,25,0.14345991561181434,7.5,0.020099724683286857,0,0.00040399893234393093
823043,593958,5,25,0.14345991561181434,8.5,0.006411635431094278,0,4.110906890126351e-05
825065,593958,1,27,0.16170212765957448,3.5,0.5323792154605221,0,0.28342762905436103
825065,593958,1,27,0.16170212765957448,4.5,0.3357042633486531,0,0.11269735243046183
825065,593958,1,27,0.16170212765957448,5.5,0.18364969965616076,0,0.03372721218379805
825065,593958,1,27,0.16170212765957448,6.5,0.08706528818781739,0,0.007580364407227694
825065,593958,1,27,0.16170212765957448,7.5,0.03579683606377764,0,0.0012814134721769715
825065,593958,1,27,0.16170212765957448,8.5,0.012788550077976999,0,0.0001635470130969255
825061,593958,3,23,0.1506276150627615,3.5,0.490273399856211,0,0.24036800660656815
825061,593958,3,23,0.1506276150627615,4.5,0.296761638701898,0,0.08806747020503583
825061,593958,3,23,0.1506276150627615,5.5,0.15499447167829825,0,0.0240232862508348
825061,593958,3,23,0.1506276150627615,6.5,0.06982975112273844,0,0.004876194141863591
825061,593958,3,23,0.1506276150627615,7.5,0.027177796653312967,0,0.0007386326309288295
825061,593958,3,23,0.1506276150627615,8.5,0.009160584066087423,0,8.391630043185478e-05
823927,593958,5,25,0.14345991561181434,3.5,0.4461927113329863,1,0.306702512980709
823927,593958,5,25,0.14345991561181434,4.5,0.2576471303639817,1,0.5510877830568313
823927,593958,5,25,0.14345991561181434,5.5,0.1278106812256413,0,0.016335570235362494
823927,593958,5,25,0.14345991561181434,6.5,0.05456065089437422,0,0.0029768646260177785
823927,593958,5,25,0.14345991561181434,7.5,0.020099724683286857,0,0.00040399893234393093
823927,593958,5,25,0.14345991561181434,8.5,0.006411635431094278,0,4.110906890126351e-05
825057,593958,3,16,0.14634146341463414,3.5,0.49233687741908017,0,0.24239560086677037
825057,593958,3,16,0.14634146341463414,4.5,0.2934125702507713,0,0.08609093638116379
825057,593958,3,16,0.14634146341463414,5.5,0.14951927358970307,0,0.02235601317479248
825057,593958,3,16,0.14634146341463414,6.5,0.06528475345483317,0,0.004262099033658351
825057,593958,3,16,0.14634146341463414,7.5,0.024520013072717475,0,0.0006012310410862359
825057,593958,3,16,0.14634146341463414,8.5,0.007957229915650985,0,6.331750793053099e-05
822707,593958,4,27,0.14893617021276595,3.5,0.46832650945911874,1,0.28267670054392463
822707,593958,4,27,0.14893617021276595,4.5,0.27640638553638075,0,0.07640048996528635
822707,593958,4,27,0.14893617021276595,5.5,0.14039078465715124,0,0.01970957241665061
822707,593958,4,27,0.14893617021276595,6.5,0.06143636023875196,0,0.0037744263593857026
822707,593958,4,27,0.14893617021276595,7.5,0.02322116683971903,0,0.0005392225893980666
822707,593958,4,27,0.14893617021276595,8.5,0.007604907078866507,0,5.783461167819391e-05
823351,593958,2,28,0.1581196581196581,3.5,0.5118483986600284,0,0.26198878321083535
823351,593958,2,28,0.1581196581196581,4.5,0.3155908075485907,0,0.09959755780917161
823351,593958,2,28,0.1581196581196581,5.5,0.16813688252904108,0,0.028270011266584558
823351,593958,2,28,0.1581196581196581,6.5,0.07735704181667591,0,0.005984111918626945
823351,593958,2,28,0.1581196581196581,7.5,0.030767717587439382,0,0.0009466524455404267
823351,593958,2,28,0.1581196581196581,8.5,0.010600640204007085,0,0.00011237357273481138
823050,594798,8,21,0.2727272727272727,3.5,0.9084602103750008,1,0.008379533084589112
823050,594798,8,21,0.2727272727272727,4.5,0.7948214160375937,1,0.04209825131681821
823050,594798,8,21,0.2727272727272727,5.5,0.6339427363149754,1,0.1339979202965676
823050,594798,8,21,0.2727272727272727,6.5,0.4530499138595421,1,0.29915439672905436
823050,594798,8,21,0.2727272727272727,7.5,0.28712726663082094,1,0.5081875339812447
823050,594798,8,21,0.2727272727272727,8.5,0.16055991459855615,0,0.025779486175895643
822890,594798,6,23,0.28502415458937197,3.5,0.9228999213568707,1,0.005944422126776721
822890,594798,6,23,0.28502415458937197,4.5,0.8210512281599549,1,0.03202266294306052
822890,594798,6,23,0.28502415458937197,5.5,0.6703529721495466,1,0.10866716297063761
822890,594798,6,23,0.28502415458937197,6.5,0.49324382062274563,0,0.24328946658252326
822890,594798,6,23,0.28502415458937197,7.5,0.3233919429857665,0,0.10458234878810926
822890,594798,6,23,0.28502415458937197,8.5,0.1878403086645383,0,0.03528398155918902
824749,594798,5,23,0.2898550724637681,3.5,0.9295520949776053,1,0.0049629073220443486
824749,594798,5,23,0.2898550724637681,4.5,0.8334938812528351,1,0.027724287580244984
824749,594798,5,23,0.2898550724637681,5.5,0.6880990428237855,0,0.47348029273500986
824749,594798,5,23,0.2898550724637681,6.5,0.5133225588528137,0,0.26350004942720046
824749,594798,5,23,0.2898550724637681,7.5,0.34191009718101273,0,0.11690251455432957
824749,594798,5,23,0.2898550724637681,8.5,0.20204016044696987,0,0.04082022643343733
822886,594798,9,27,0.27586206896551724,3.5,0.9033550770282417,1,0.009340241136217096
822886,594798,9,27,0.27586206896551724,4.5,0.784511116994386,1,0.046435458699007184
822886,594798,9,27,0.27586206896551724,5.5,0.6180671586015576,1,0.14587269533868777
822886,594798,9,27,0.27586206896551724,6.5,0.43366444920203606,1,0.32073595609763317
822886,594798,9,27,0.27586206896551724,7.5,0.2678513622980185,1,0.5360416276888673
822886,594798,9,27,0.27586206896551724,8.5,0.1446575430340774,1,0.7316107186885011
823850,594798,8,23,0.2753623188405797,3.5,0.9080238874138721,1,0.00845960528645608
823850,594798,8,23,0.2753623188405797,4.5,0.7941753370628147,1,0.04236379187320593
823850,594798,8,23,0.2753623188405797,5.5,0.6333166362789979,1,0.1344566892297487
823850,594798,8,23,0.2753623188405797,6.5,0.4527393815106772,1,0.29949418454931603
823850,594798,8,23,0.2753623188405797,7.5,0.2872689221145138,1,0.507985589383807
823850,594798,8,23,0.2753623188405797,8.5,0.16104344311892332,0,0.025934990571597892
824418,594798,9,25,0.2731707317073171,3.5,0.9009443768057407,1,0.009812016486403084
824418,594798,9,25,0.2731707317073171,4.5,0.7811777093445633,1,0.04788319488769241
824418,594798,9,25,0.2731707317073171,5.5,0.6150956709902626,1,0.14815134249043616
824418,594798,9,25,0.2731707317073171,6.5,0.4324638561348662,1,0.3220972745933059
824418,594798,9,25,0.2731707317073171,7.5,0.26888948552197073,1,0.5345225843803285
824418,594798,9,25,0.2731707317073171,8.5,0.1472224715412365,1,0.7272295130442372
822881,594798,7,21,0.27751196172248804,3.5,0.9161541756879535,1,0.007030122254566561
822881,594798,7,21,0.27751196172248804,4.5,0.8085946855464621,1,0.036635994401057734
822881,594798,7,21,0.27751196172248804,5.5,0.6527420311538967,1,0.12058809692712123
822881,594798,7,21,0.27751196172248804,6.5,0.4733998896680959,1,0.2773076762015736
822881,594798,7,21,0.27751196172248804,7.5,0.3050724828737168,0,0.09306921980673423
822881,594798,7,21,0.27751196172248804,8.5,0.17370370765818,0,0.03017297805419846
822874,594798,6,23,0.28502415458937197,3.5,0.9228999213568707,1,0.005944422126776721
822874,594798,6,23,0.28502415458937197,4.5,0.8210512281599549,1,0.03202266294306052
822874,594798,6,23,0.28502415458937197,5.5,0.6703529721495466,1,0.10866716297063761
822874,594798,6,23,0.28502415458937197,6.5,0.49324382062274563,0,0.24328946658252326
822874,594798,6,23,0.28502415458937197,7.5,0.3233919429857665,0,0.10458234878810926
822874,594798,6,23,0.28502415458937197,8.5,0.1878403086645383,0,0.03528398155918902
822870,594798,4,22,0.2932692307692308,3.5,0.9356882337535146,1,0.004136003277742576
822870,594798,4,22,0.2932692307692308,4.5,0.8453065237825724,0,0.7145431191493767
822870,594798,4,22,0.2932692307692308,5.5,0.705409836302453,0,0.49760303715225357
822870,594798,4,22,0.2932692307692308,6.5,0.5334003940221623,0,0.284515980342998
822870,594798,4,22,0.2932692307692308,7.5,0.3608320156775936,0,0.13019974353795516
822870,594798,4,22,0.2932692307692308,8.5,0.21680488651019741,0,0.04700435881469958
824162,594798,3,22,0.2980769230769231,3.5,0.941389074922199,0,0.8862133903828736
824162,594798,3,22,0.2980769230769231,4.5,0.8564585610672256,0,0.7335212668253427
824162,594798,3,22,0.2980769230769231,5.5,0.7220458918701447,0,0.5213502699665526
824162,594798,3,22,0.2980769230769231,6.5,0.5530866461464502,0,0.3059048381455286
824162,594798,3,22,0.2980769230769231,7.5,0.37981553745829477,0,0.1442598424947333
824162,594798,3,22,0.2980769230769231,8.5,0.2320159600160839,0,0.053831405702185045
823779,605288,5,21,0.17142857142857143,3.5,0.3522704335887389,1,0.4195535912033203
823779,605288,5,21,0.17142857142857143,4.5,0.1760987277852133,1,0.6788133063571441
823779,605288,5,21,0.17142857142857143,5.5,0.07403547021644412,0,0.005481250850169984
823779,605288,5,21,0.17142857142857143,6.5,0.02641531823478926,0,0.0006977690374451901
823779,605288,5,21,0.17142857142857143,7.5,0.008056934835536047,0,6.491419894407426e-05
823779,605288,5,21,0.17142857142857143,8.5,0.0021114267137508015,0,4.458122767540509e-06
823214,605288,6,18,0.1574074074074074,3.5,0.31423326414367464,1,0.47027601600703905
823214,605288,6,18,0.1574074074074074,4.5,0.15083494503985764,1,0.7210812905654617
823214,605288,6,18,0.1574074074074074,5.5,0.060892713901455134,1,0.8819224948033743
823214,605288,6,18,0.1574074074074074,6.5,0.020827892416526418,0,0.00043380110251439865
823214,605288,6,18,0.1574074074074074,7.5,0.00606486258905134,0,3.678255822407452e-05
823214,605288,6,18,0.1574074074074074,8.5,0.0015072153006404053,0,2.271697962484547e-06
825066,605288,1,22,0.21153846153846154,3.5,0.5085518715845081,0,0.25862500609210604
825066,605288,1,22,0.21153846153846154,4.5,0.3014783047078119,0,0.09088916820949627
825066,605288,1,22,0.21153846153846154,5.5,0.15161676898687118,0,0.02298764463801826
825066,605288,1,22,0.21153846153846154,6.5,0.0648397710702384,0,0.004204195912440925
825066,605288,1,22,0.21153846153846154,7.5,0.023638929436254796,0,0.0005587989848922335
825066,605288,1,22,0.21153846153846154,8.5,0.00735641069912359,0,5.411677837418002e-05
823203,605288,5,18,0.16666666666666666,3.5,0.3528913509997998,1,0.4187496036108644
823203,605288,5,18,0.16666666666666666,4.5,0.1782819083738385,1,0.6752206221057407
823203,605288,5,18,0.16666666666666666,5.5,0.07604299224515666,0,0.0057825366695969565
823203,605288,5,18,0.16666666666666666,6.5,0.02755893799571677,0,0.0007594950634517615
823203,605288,5,18,0.16666666666666666,7.5,0.00852126354232368,0,7.261193235773472e-05
823203,605288,5,18,0.16666666666666666,8.5,0.0022523961771478648,0,5.073288538830316e-06
823113,605288,1,14,0.19642857142857142,3.5,0.508769084179242,0,0.2588459810165847
823113,605288,1,14,0.19642857142857142,4.5,0.30213132822992894,0,0.09128333949798105
823113,605288,1,14,0.19642857142857142,5.5,0.15216538572824842,0,0.02315430461382663
823113,605288,1,14,0.19642857142857142,6.5,0.06513529729117606,0,0.004242606953209888
823113,605288,1,14,0.19642857142857142,7.5,0.023772183207855832,0,0.0005651166944678628
823113,605288,1,14,0.19642857142857142,8.5,0.007417592456626019,0,5.502067785259522e-05
823194,605288,2,14,0.1875,3.5,0.47070414570256497,0,0.22156239278158152
823194,605288,2,14,0.1875,4.5,0.2684996278301612,0,0.07209205014493507
823194,605288,2,14,0.1875,5.5,0.1293536161681453,0,0.016732358015775863
823194,605288,2,14,0.1875,6.5,0.05281496992794582,0,0.0027894210484898214
823194,605288,2,14,0.1875,7.5,0.018349162954813005,0,0.00033669178114228195
823194,605288,2,14,0.1875,8.5,0.005442315475483206,0,2.9618797734683998e-05
823272,605288,3,19,0.18691588785046728,3.5,0.43003183484328533,0,0.18492737897868264
823272,605288,3,19,0.18691588785046728,4.5,0.2378540514138804,0,0.05657454977399687
823272,605288,3,19,0.18691588785046728,5.5,0.11202772605839348,0,0.012550211405814454
823272,605288,3,19,0.18691588785046728,6.5,0.0451811654061042,0,0.002041337707453747
823272,605288,3,19,0.18691588785046728,7.5,0.01566154317025513,0,0.0002452839344737651
823272,605288,3,19,0.18691588785046728,8.5,0.004673081096550803,0,2.1837686934940453e-05
823460,605400,8,19,0.22093023255813954,3.5,0.7866681728911562,1,0.04551046845759762
823460,605400,8,19,0.22093023255813954,4.5,0.6097185115093537,1,0.15231964025847444
823460,605400,8,19,0.22093023255813954,5.5,0.4177571271760425,1,0.3390067629542951
823460,605400,8,19,0.22093023255813954,6.5,0.2512360872024886,1,0.5606473971078393
823460,605400,8,19,0.22093023255813954,7.5,0.13246040599263878,1,0.7526249471704571
823460,605400,8,19,0.22093023255813954,8.5,0.061354770286468525,0,0.003764407836905321
823453,605400,4,23,0.24015748031496062,3.5,0.8296902969795423,1,0.029005394942916488
823453,605400,4,23,0.24015748031496062,4.5,0.6717544549482957,0,0.4512540477428818
823453,605400,4,23,0.24015748031496062,5.5,0.4866779290623077,0,0.23685540663637664
823453,605400,4,23,0.24015748031496062,6.5,0.3126635025692637,0,0.09775846583887995
823453,605400,4,23,0.24015748031496062,7.5,0.17761908052255912,0,0.03154853776567934
823453,605400,4,23,0.24015748031496062,8.5,0.08929629383389538,0,0.007973828092469382
823776,605400,3,22,0.24313725490196078,3.5,0.8398500360255752,0,0.7053480830121599
823776,605400,3,22,0.24313725490196078,4.5,0.6868716742756151,0,0.4717926969221867
823776,605400,3,22,0.24313725490196078,5.5,0.5039361771291938,0,0.2539516706195862
823776,605400,3,22,0.24313725490196078,6.5,0.3283970023512026,0,0.10784459115325577
823776,605400,3,22,0.24313725490196078,7.5,0.18939246739543475,0,0.035869506706130816
823776,605400,3,22,0.24313725490196078,8.5,0.0966750656865603,0,0.009346068325500749
823448,605400,6,24,0.233201581027668,3.5,0.8082735975751858,1,0.0367590133867618
823448,605400,6,24,0.233201581027668,4.5,0.6407487487413221,1,0.12906146153092568
823448,605400,6,24,0.233201581027668,5.5,0.4521405434206833,1,0.3001499841633842
823448,605400,6,24,0.233201581027668,6.5,0.28184193046582234,0,0.07943487376870144
823448,605400,6,24,0.233201581027668,7.5,0.1549607775546503,0,0.02401284258034181
823448,605400,6,24,0.233201581027668,8.5,0.07529292599482626,0,0.005669024704862384
822719,605400,5,21,0.234375,3.5,0.8195742180758898,1,0.03255346278292656
822719,605400,5,21,0.234375,4.5,0.656988408488997,1,0.1176569519109112
822719,605400,5,21,0.234375,5.5,0.4699317965029096,0,0.22083589336445206
822719,605400,5,21,0.234375,6.5,0.29728948643488007,0,0.08838103874471474
822719,605400,5,21,0.234375,7.5,0.165873065257582,0,0.027513873777946056
822719,605400,5,21,0.234375,8.5,0.08168311857103126,0,0.006672131859489152
823444,605400,5,23,0.23622047244094488,3.5,0.8190893588632271,1,0.03272866007651823
823444,605400,5,23,0.23622047244094488,4.5,0.6563819172104353,1,0.11807338681997617
823444,605400,5,23,0.23622047244094488,5.5,0.4695056725382443,0,0.2204355765455891
823444,605400,5,23,0.23622047244094488,6.5,0.2972685666681153,0,0.08836860072891571
823444,605400,5,23,0.23622047244094488,7.5,0.16622388282209133,0,0.027630379220452347
823444,605400,5,23,0.23622047244094488,8.5,0.08218587912241627,0,0.006754518727124419
824091,605400,7,28,0.23293172690763053,3.5,0.8007191847073332,1,0.039712843343709996
824091,605400,7,28,0.23293172690763053,4.5,0.6281702288331494,1,0.13825737872599245
824091,605400,7,28,0.23293172690763053,5.5,0.4360445253392573,1,0.3180457773998236
824091,605400,7,28,0.23293172690763053,6.5,0.26538993630710606,1,0.5396519456788776
824091,605400,7,28,0.23293172690763053,7.5,0.1411780575569541,0,0.019931243935554642
824091,605400,7,28,0.23293172690763053,8.5,0.06565614466996855,0,0.00431072933292384
824252,605400,8,20,0.22178988326848248,3.5,0.785552290754588,1,0.045987820000604765
824252,605400,8,20,0.22178988326848248,4.5,0.609047417279083,1,0.15284392193615548
824252,605400,8,20,0.22178988326848248,5.5,0.41788536883758054,1,0.33885744381335964
824252,605400,8,20,0.22178988326848248,6.5,0.2519787949837016,1,0.5595357231540352
824252,605400,8,20,0.22178988326848248,7.5,0.13336094342686808,1,0.7510632543779681
824252,605400,8,20,0.22178988326848248,8.5,0.06206907875185195,0,0.003852570537103599
823440,605400,6,27,0.236,3.5,0.8109477137668106,1,0.03574076692999576
823440,605400,6,27,0.236,4.5,0.6431030503318278,1,0.12737543268244583
823440,605400,6,27,0.236,5.5,0.4529188615702229,1,0.29929777202562097
823440,605400,6,27,0.236,6.5,0.28077508262785383,0,0.07883464702467814
823440,605400,6,27,0.236,7.5,0.1528259118573678,0,0.02335575933503595
823440,605400,6,27,0.236,8.5,0.07313251763278533,0,0.0053483651353096575
823438,605400,4,23,0.24015748031496062,3.5,0.8296902969795423,1,0.029005394942916488
823438,605400,4,23,0.24015748031496062,4.5,0.6717544549482957,0,0.4512540477428818
823438,605400,4,23,0.24015748031496062,5.5,0.4866779290623077,0,0.23685540663637664
823438,605400,4,23,0.24015748031496062,6.5,0.3126635025692637,0,0.09775846583887995
823438,605400,4,23,0.24015748031496062,7.5,0.17761908052255912,0,0.03154853776567934
823438,605400,4,23,0.24015748031496062,8.5,0.08929629383389538,0,0.007973828092469382
823838,605400,4,23,0.24015748031496062,3.5,0.8296902969795423,1,0.029005394942916488
823838,605400,4,23,0.24015748031496062,4.5,0.6717544549482957,0,0.4512540477428818
823838,605400,4,23,0.24015748031496062,5.5,0.4866779290623077,0,0.23685540663637664
823838,605400,4,23,0.24015748031496062,6.5,0.3126635025692637,0,0.09775846583887995
823838,605400,4,23,0.24015748031496062,7.5,0.17761908052255912,0,0.03154853776567934
823838,605400,4,23,0.24015748031496062,8.5,0.08929629383389538,0,0.007973828092469382
823431,605400,5,24,0.23715415019762845,3.5,0.8193796704098316,1,0.032623703461261054
823431,605400,5,24,0.23715415019762845,4.5,0.6565382045000753,1,0.11796600496803211
823431,605400,5,24,0.23715415019762845,5.5,0.46942254766893105,0,0.22035752825998983
823431,605400,5,24,0.23715415019762845,6.5,0.2970159272101399,0,0.08821846101649913
823431,605400,5,24,0.23715415019762845,7.5,0.1659591644911157,0,0.027542444278589196
823431,605400,5,24,0.23715415019762845,8.5,0.08201472495881716,0,0.006726415110070427
824671,605488,3,18,0.15217391304347827,3.5,0.38455589270078744,0,0.14788323461089953
824671,605488,3,18,0.15217391304347827,4.5,0.21026106904507366,0,0.044209717155977234
824671,605488,3,18,0.15217391304347827,5.5,0.09861887451573603,0,0.00972568241075049
824671,605488,3,18,0.15217391304347827,6.5,0.04002570281142397,0,0.001602056885548433
824671,605488,3,18,0.15217391304347827,7.5,0.014201552903328819,0,0.0002016841048660472
824671,605488,3,18,0.15217391304347827,8.5,0.004445276359212223,0,1.9760481909771078e-05
824998,605488,3,25,0.15819209039548024,3.5,0.38321536222409913,0,0.1468540138445475
824998,605488,3,25,0.15819209039548024,4.5,0.2084635802311139,0,0.04345706428277406
824998,605488,3,25,0.15819209039548024,5.5,0.09743987359692935,0,0.009494528966585569
824998,605488,3,25,0.15819209039548024,6.5,0.03960250597938366,0,0.0015683584798471186
824998,605488,3,25,0.15819209039548024,7.5,0.014192560168135542,0,0.00020142876412614755
824998,605488,3,25,0.15819209039548024,8.5,0.004541085521444897,0,2.0621457713076474e-05
824994,605488,5,20,0.14285714285714285,3.5,0.33414685075761014,1,0.44336041635600826
824994,605488,5,20,0.14285714285714285,4.5,0.17217345211639512,1,0.6852967933808863
824994,605488,5,20,0.14285714285714285,5.5,0.07601470259704077,0,0.005778235010916556
824994,605488,5,20,0.14285714285714285,6.5,0.02905940901725205,0,0.0008444492524319496
824994,605488,5,20,0.14285714285714285,7.5,0.009721040159116798,0,9.449862177516154e-05
824994,605488,5,20,0.14285714285714285,8.5,0.002869749228969891,0,8.235460637173282e-06
824990,605488,4,18,0.14673913043478262,3.5,0.3595834618175576,1,0.4101333423775837
824990,605488,4,18,0.14673913043478262,4.5,0.19064257084931613,0,0.03634458982003652
824990,605488,4,18,0.14673913043478262,5.5,0.08649628474819696,0,0.00748160727524117
824990,605488,4,18,0.14673913043478262,6.5,0.03390906262487959,0,0.001149824528098006
824990,605488,4,18,0.14673913043478262,7.5,0.011609660330880654,0,0.00013478421299842387
824990,605488,4,18,0.14673913043478262,8.5,0.003503759777522703,0,1.227633257858594e-05
823209,605488,6,21,0.13812154696132597,3.5,0.3090096598518493,1,0.4774676501780571
823209,605488,6,21,0.13812154696132597,4.5,0.15401789489048456,1,0.7156857221655272
823209,605488,6,21,0.13812154696132597,5.5,0.0657175252605196,1,0.872883742605328
823209,605488,6,21,0.13812154696132597,6.5,0.024288740385319255,0,0.0005899429095054386
823209,605488,6,21,0.13812154696132597,7.5,0.007862382858333862,0,6.181706421102214e-05
823209,605488,6,21,0.13812154696132597,8.5,0.002247869357302827,0,5.0529166475010245e-06
824984,605488,2,28,0.16666666666666666,3.5,0.4103396854184976,0,0.16837865742935154
824984,605488,2,28,0.16666666666666666,4.5,0.22726597208272273,0,0.051649822066704904
824984,605488,2,28,0.16666666666666666,5.5,0.10678677938519766,0,0.011403416251462876
824984,605488,2,28,0.16666666666666666,6.5,0.04276063161854431,0,0.0018284716164168517
824984,605488,2,28,0.16666666666666666,7.5,0.014698867649842125,0,0.00021605671018757537
824984,605488,2,28,0.16666666666666666,8.5,0.004371105953922888,0,1.910656726042012e-05
824253,605488,4,23,0.15083798882681565,3.5,0.3582517059603513,1,0.4118408729027994
824253,605488,4,23,0.15083798882681565,4.5,0.19015423550593352,0,0.03615863328084603
824253,605488,4,23,0.15083798882681565,5.5,0.08684631481852015,0,0.007542282397557512
824253,605488,4,23,0.15083798882681565,6.5,0.03453115042679329,0,0.0011924003497978265
824253,605488,4,23,0.15083798882681565,7.5,0.012097187592576289,0,0.0001463419476499817
824253,605488,4,23,0.15083798882681565,8.5,0.0037686211890937942,0,1.4202505666886724e-05
825058,605488,2,20,0.15934065934065933,3.5,0.4085525832805001,0,0.16691521330516995
825058,605488,2,20,0.15934065934065933,4.5,0.23069467850195946,0,0.05322003468912244
825058,605488,2,20,0.15934065934065933,5.5,0.11241868811957044,0,0.012637961438525249
825058,605488,2,20,0.15934065934065933,6.5,0.04765041895486082,0,0.0022705624265737597
825058,605488,2,20,0.15934065934065933,7.5,0.01773170157325264,0,0.0003144132406828901
825058,605488,2,20,0.15934065934065933,8.5,0.005839202604267731,0,3.4096287053687054e-05
823678,605488,0,9,0.16062176165803108,3.5,0.4544291505830108,0,0.20650585289959672
823678,605488,0,9,0.16062176165803108,4.5,0.2577532023176252,0,0.06643671330499064
823678,605488,0,9,0.16062176165803108,5.5,0.12527597752573438,0,0.015694070545028305
823678,605488,0,9,0.16062176165803108,6.5,0.05278543354731204,0,0.0027863019947776957
823678,605488,0,9,0.16062176165803108,7.5,0.019509222409516004,0,0.00038060975902396143
823678,605488,0,9,0.16062176165803108,8.5,0.0063864042359854725,0,4.0786159065413184e-05
824975,605488,2,20,0.15934065934065933,3.5,0.4085525832805001,0,0.16691521330516995
824975,605488,2,20,0.15934065934065933,4.5,0.23069467850195946,0,0.05322003468912244
824975,605488,2,20,0.15934065934065933,5.5,0.11241868811957044,0,0.012637961438525249
824975,605488,2,20,0.15934065934065933,6.5,0.04765041895486082,0,0.0022705624265737597
824975,605488,2,20,0.15934065934065933,7.5,0.01773170157325264,0,0.0003144132406828901
824975,605488,2,20,0.15934065934065933,8.5,0.005839202604267731,0,3.4096287053687054e-05
824502,605540,10,19,0.35294117647058826,3.5,0.8721408443718883,1,0.01634796367793368
824502,605540,10,19,0.35294117647058826,4.5,0.7367256621451174,1,0.06931337697292689
824502,605540,10,19,0.35294117647058826,5.5,0.5657665893372754,1,0.18855865493578242
824502,605540,10,19,0.35294117647058826,6.5,0.3920969196297004,1,0.3695461551236989
824502,605540,10,19,0.35294117647058826,7.5,0.24433575122149884,1,0.5710284568819765
824502,605540,10,19,0.35294117647058826,8.5,0.13610925363657717,1,0.7463072216523519
823769,605540,6,20,0.48484848484848486,3.5,0.979895455883548,1,0.0004041926941303654
823769,605540,6,20,0.48484848484848486,4.5,0.9383745341760895,1,0.003797698038013959
823769,605540,6,20,0.48484848484848486,5.5,0.8554038637469095,1,0.020908042619322324
823769,605540,6,20,0.48484848484848486,6.5,0.7269425847109197,0,0.5284455214661926
823769,605540,6,20,0.48484848484848486,7.5,0.5674458128255562,0,0.32199475049325615
823769,605540,6,20,0.48484848484848486,8.5,0.40348857232009105,0,0.16280302799290536
825063,605540,6,14,0.41025641025641024,3.5,0.9843549660133032,1,0.0002447670884448983
825063,605540,6,14,0.41025641025641024,4.5,0.9497316704912435,1,0.002526904951600918
825063,605540,6,14,0.41025641025641024,5.5,0.8754301782879597,1,0.015517640481369516
825063,605540,6,14,0.41025641025641024,6.5,0.7510327559347185,0,0.5640502004868985
825063,605540,6,14,0.41025641025641024,7.5,0.5846677357385613,0,0.3418363612136562
825063,605540,6,14,0.41025641025641024,8.5,0.40418775699242204,0,0.16336774290256523
823286,606996,3,9,0.21568627450980393,3.5,0.16236246969662219,0,0.026361571565986557
823286,606996,3,9,0.21568627450980393,4.5,0.05207580165121454,0,0.002711889117616639
823286,606996,3,9,0.21568627450980393,5.5,0.012652700154151564,0,0.000160090821190867
823286,606996,3,9,0.21568627450980393,6.5,0.002328712231721626,0,5.4229006581699155e-06
823286,606996,3,9,0.21568627450980393,7.5,0.0003217405200543032,0,1.0351696224481349e-07
823286,606996,3,9,0.21568627450980393,8.5,3.2557818353382835e-05,0,1.0600115359318722e-09
823283,606996,2,9,0.23529411764705882,3.5,0.2045660123716786,0,0.04184725341764976
823283,606996,2,9,0.23529411764705882,4.5,0.07200702370749434,0,0.005185011463211653
823283,606996,2,9,0.23529411764705882,5.5,0.019277149720352434,0,0.00037160850134088395
823283,606996,2,9,0.23529411764705882,6.5,0.003919012003390395,0,1.5358655082717998e-05
823283,606996,2,9,0.23529411764705882,7.5,0.0005992295604053991,0,3.590760660636479e-07
823283,606996,2,9,0.23529411764705882,8.5,6.722787592426485e-05,0,4.5195873012883504e-09
824660,606996,4,12,0.20833333333333334,3.5,0.12144573019031804,1,0.7718576050008235
824660,606996,4,12,0.20833333333333334,4.5,0.03345053799854842,0,0.0011189384923923316
824660,606996,4,12,0.20833333333333334,5.5,0.0067181083950413915,0,4.513298040752562e-05
824660,606996,4,12,0.20833333333333334,6.5,0.0009753375652399377,0,9.512833661681697e-07
824660,606996,4,12,0.20833333333333334,7.5,0.00010030887593317926,0,1.006187059097795e-08
824660,606996,4,12,0.20833333333333334,8.5,7.016550854250833e-06,0,4.92319858902881e-11
823279,606996,0,9,0.27450980392156865,3.5,0.29932639019275953,0,0.08959628786582813
823279,606996,0,9,0.27450980392156865,4.5,0.12424147612077356,0,0.015435944388668747
823279,606996,0,9,0.27450980392156865,5.5,0.039566236585619106,0,0.0015654870775491838
823279,606996,0,9,0.27450980392156865,6.5,0.00962058989882796,0,9.255575000143059e-05
823279,606996,0,9,0.27450980392156865,7.5,0.0017665640754207961,0,3.1207486325673323e-06
823279,606996,0,9,0.27450980392156865,8.5,0.0002389288866492692,0,5.708701287545934e-08
823273,606996,3,11,0.22448979591836735,3.5,0.16123994526785965,0,0.025998319949982373
823273,606996,3,11,0.22448979591836735,4.5,0.05128421987739186,0,0.002630071208432674
823273,606996,3,11,0.22448979591836735,5.5,0.012398312822215766,0,0.00015371816083751988
823273,606996,3,11,0.22448979591836735,6.5,0.0023000326626381644,0,5.2901502492024045e-06
823273,606996,3,11,0.22448979591836735,7.5,0.00032851140926651393,0,1.0791974601827101e-07
823273,606996,3,11,0.22448979591836735,8.5,3.561496969938368e-05,0,1.2684260666880176e-09
823270,606996,2,10,0.24,3.5,0.20453542336116345,0,0.04183473940953037
823270,606996,2,10,0.24,4.5,0.0723112588201475,0,0.0052289181521543585
823270,606996,2,10,0.24,5.5,0.019578569050316404,0,0.0003833203660580074
823270,606996,2,10,0.24,6.5,0.004067965138358874,0,1.654834036690313e-05
823270,606996,2,10,0.24,7.5,0.0006438010582225552,0,4.144798025684819e-07
823270,606996,2,10,0.24,8.5,7.560591112813086e-05,0,5.716253797514822e-09
824671,607067,3,21,0.1645021645021645,3.5,0.5388008708099948,0,0.29030637838560874
824671,607067,3,21,0.1645021645021645,4.5,0.32888289472429055,0,0.10816395844222879
824671,607067,3,21,0.1645021645021645,5.5,0.17061779882236547,0,0.029110433274989175
824671,607067,3,21,0.1645021645021645,6.5,0.07541514159723518,0,0.005687443582131032
824671,607067,3,21,0.1645021645021645,7.5,0.02852745396269931,0,0.0008138156295939286
824671,607067,3,21,0.1645021645021645,8.5,0.009277449304903991,0,8.607106560506355e-05
824347,607067,2,26,0.17256637168141592,3.5,0.5614319515307149,0,0.31520583619958703
824347,607067,2,26,0.17256637168141592,4.5,0.3496096422478451,0,0.12222690195266622
824347,607067,2,26,0.17256637168141592,5.5,0.18509460881891862,0,0.03426001421382851
824347,607067,2,26,0.17256637168141592,6.5,0.08342302082924499,0,0.0069594004042766435
824347,607067,2,26,0.17256637168141592,7.5,0.032122285399423495,0,0.0010318412192820159
824347,607067,2,26,0.17256637168141592,8.5,0.010608323373543555,0,0.00011253652479767051
823212,607067,2,24,0.17105263157894737,3.5,0.5605180644214879,0,0.3141805005428112
823212,607067,2,24,0.17105263157894737,4.5,0.34966013175762295,0,0.12226220774075824
823212,607067,2,24,0.17105263157894737,5.5,0.18591631418591784,0,0.034564875880476915
823212,607067,2,24,0.17105263157894737,6.5,0.08442783607884441,0,0.007128059504956222
823212,607067,2,24,0.17105263157894737,7.5,0.03288628733444033,0,0.0010815078946433705
823212,607067,2,24,0.17105263157894737,8.5,0.011038876462761138,0,0.00012185679356010186
824665,607067,3,19,0.1630901287553648,3.5,0.539450577324025,0,0.2910069253752239
824665,607067,3,19,0.1630901287553648,4.5,0.3284355683859013,0,0.10786992258097007
824665,607067,3,19,0.1630901287553648,5.5,0.16957632467587272,0,0.028756129890577
824665,607067,3,19,0.1630901287553648,6.5,0.07443720531047947,0,0.005540897534434473
824665,607067,3,19,0.1630901287553648,7.5,0.027908638662593865,0,0.0007788921119992291
824665,607067,3,19,0.1630901287553648,8.5,0.008981432446425786,0,8.066612878970988e-05
823773,607067,4,23,0.1615720524017467,3.5,0.5162569028919446,1,0.23400738399969354
823773,607067,4,23,0.1615720524017467,4.5,0.30816928589382475,0,0.09496830876830989
823773,607067,4,23,0.1615720524017467,5.5,0.15608469971224745,0,0.02436243348426246
823773,607067,4,23,0.1615720524017467,6.5,0.06732188484318989,0,0.004532236178839721
823773,607067,4,23,0.1615720524017467,7.5,0.024856679356652315,0,0.0006178545086394253
823773,607067,4,23,0.1615720524017467,8.5,0.007896765853841173,0,6.235891095039192e-05
824660,607067,5,25,0.15859030837004406,3.5,0.49385460511570156,1,0.2561831607625824
824660,607067,5,25,0.15859030837004406,4.5,0.28749205050321563,1,0.5076675780961122
824660,607067,5,25,0.15859030837004406,5.5,0.1414731144246045,0,0.02001464210499724
824660,607067,5,25,0.15859030837004406,6.5,0.05910769074882652,0,0.003493719105658912
824660,607067,5,25,0.15859030837004406,7.5,0.021088527671688718,0,0.00044472599935958075
824660,607067,5,25,0.15859030837004406,8.5,0.006461282468816039,0,4.1748171141829496e-05
824815,607067,2,22,0.16956521739130434,3.5,0.5604475386879157,0,0.3141014436213428
824815,607067,2,22,0.16956521739130434,4.5,0.3498038057949364,0,0.1223627025486216
824815,607067,2,22,0.16956521739130434,5.5,0.1861354219952859,0,0.03464639532136316
824815,607067,2,22,0.16956521739130434,6.5,0.0845928711331914,0,0.007155953846556727
824815,607067,2,22,0.16956521739130434,7.5,0.03296634562529841,0,0.0010867799438866318
824815,607067,2,22,0.16956521739130434,8.5,0.011063831027919357,0,0.00012240835701435112
824655,607067,6,24,0.15350877192982457,3.5,0.47058760920612985,1,0.2802774795260815
824655,607067,6,24,0.15350877192982457,4.5,0.2675777818905879,1,0.5364423055803113
824655,607067,6,24,0.15350877192982457,5.5,0.12843762089052296,1,0.7596209806789719
824655,607067,6,24,0.15350877192982457,6.5,0.05232259713174701,0,0.0027376541706111003
824655,607067,6,24,0.15350877192982457,7.5,0.018205789073280926,0,0.00033145075578079516
824655,607067,6,24,0.15350877192982457,8.5,0.005442998548715574,0,2.9626233201319845e-05
824650,607067,5,21,0.15584415584415584,3.5,0.49377764067026164,1,0.2562610770853667
824650,607067,5,21,0.15584415584415584,4.5,0.2877481776767217,1,0.5073026584028308
824650,607067,5,21,0.15584415584415584,5.5,0.14182345794364695,0,0.020113893223093395
824650,607067,5,21,0.15584415584415584,6.5,0.05936631384308657,0,0.0035243592193158523
824650,607067,5,21,0.15584415584415584,7.5,0.021220891325623683,0,0.00045032622865393045
824650,607067,5,21,0.15584415584415584,8.5,0.006511757224992435,0,4.240298215724118e-05
823026,607067,2,24,0.17105263157894737,3.5,0.5605180644214879,0,0.3141805005428112
823026,607067,2,24,0.17105263157894737,4.5,0.34966013175762295,0,0.12226220774075824
823026,607067,2,24,0.17105263157894737,5.5,0.18591631418591784,0,0.034564875880476915
823026,607067,2,24,0.17105263157894737,6.5,0.08442783607884441,0,0.007128059504956222
823026,607067,2,24,0.17105263157894737,7.5,0.03288628733444033,0,0.0010815078946433705
823026,607067,2,24,0.17105263157894737,8.5,0.011038876462761138,0,0.00012185679356010186
824648,607067,7,23,0.14847161572052403,3.5,0.4472289821893061,1,0.3055557981314705
824648,607067,7,23,0.14847161572052403,4.5,0.24804873615966466,1,0.5654307031910777
824648,607067,7,23,0.14847161572052403,5.5,0.11591213517046647,1,0.7816113527388435
824648,607067,7,23,0.14847161572052403,6.5,0.04591359990363156,1,0.9102808588488477
824648,607067,7,23,0.14847161572052403,7.5,0.01552014084590723,0,0.000240874771876798
824648,607067,7,23,0.14847161572052403,8.5,0.0045043084960070335,0,2.0288795027201143e-05
823542,607074,7,23,0.2777777777777778,3.5,0.904184323652405,1,0.00918064383394708
823542,607074,7,23,0.2777777777777778,4.5,0.7864214414582256,1,0.04561580066878217
823542,607074,7,23,0.2777777777777778,5.5,0.621398647616852,1,0.14333898402634856
823542,607074,7,23,0.2777777777777778,6.5,0.4382235810780548,1,0.31559274485676486
823542,607074,7,23,0.2777777777777778,7.5,0.272867956875497,0,0.07445692188940807
823542,607074,7,23,0.2777777777777778,8.5,0.14917298215483185,0,0.02225257860496578
824428,607074,7,25,0.2840909090909091,3.5,0.9078542575380126,1,0.008490837853870902
824428,607074,7,25,0.2840909090909091,4.5,0.7913038075509864,1,0.04355410074271572
824428,607074,7,25,0.2840909090909091,5.5,0.6254404388927205,1,0.14029486481687786
824428,607074,7,25,0.2840909090909091,6.5,0.43940589592266355,1,0.3142657495262715
824428,607074,7,25,0.2840909090909091,7.5,0.27079225034933374,0,0.07332844284925624
824428,607074,7,25,0.2840909090909091,8.5,0.14517446772664136,0,0.021075626079713635
823536,607074,7,22,0.27472527472527475,3.5,0.9037974733766171,1,0.009254926128722698
823536,607074,7,22,0.27472527472527475,4.5,0.7860461699040661,1,0.04577624141271977
823536,607074,7,22,0.27472527472527475,5.5,0.6212684639285905,1,0.14343757641500937
823536,607074,7,22,0.27472527472527475,6.5,0.4384217857215226,1,0.3153700907522034
823536,607074,7,22,0.27472527472527475,7.5,0.2732570336028107,0,0.07466940641340761
823536,607074,7,22,0.27472527472527475,8.5,0.14953803905867452,0,0.022361625125513665
824262,607074,5,22,0.2967032967032967,3.5,0.9358806924061689,1,0.004111285606312328
824262,607074,5,22,0.2967032967032967,4.5,0.8450565138443792,1,0.024007483902057057
824262,607074,5,22,0.2967032967032967,5.5,0.7039540208781603,0,0.4955512635105293
824262,607074,5,22,0.2967032967032967,6.5,0.5301820275174047,0,0.2810929823024661
824262,607074,5,22,0.2967032967032967,7.5,0.35603642998032037,0,0.12676193947313158
824262,607074,5,22,0.2967032967032967,8.5,0.21136832174571302,0,0.044676567437599256
824744,607074,6,21,0.2826086956521739,3.5,0.9219300035262972,1,0.006094924349403973
824744,607074,6,21,0.2826086956521739,4.5,0.8183133944069727,1,0.03301002265191626
824744,607074,6,21,0.2826086956521739,5.5,0.6648856599309875,1,0.11230162091988978
824744,607074,6,21,0.2826086956521739,6.5,0.48496568039098753,0,0.23519171115709347
824744,607074,6,21,0.2826086956521739,7.5,0.3134854097352789,0,0.09827310211689569
824744,607074,6,21,0.2826086956521739,8.5,0.17821113311731968,0,0.03175920796695903
823701,607200,2,18,0.20105820105820105,3.5,0.5319080082651608,0,0.28292612925661037
823701,607200,2,18,0.20105820105820105,4.5,0.33137441162102294,0,0.10980900067717914
823701,607200,2,18,0.20105820105820105,5.5,0.17915512284996016,0,0.032096558043384314
823701,607200,2,18,0.20105820105820105,6.5,0.08430704076819008,0,0.007107677123089264
823701,607200,2,18,0.20105820105820105,7.5,0.034614851249334055,0,0.0011981879270135233
823701,607200,2,18,0.20105820105820105,8.5,0.012413373288316506,0,0.00015409183639508974
824591,607200,4,23,0.1956521739130435,3.5,0.48959429142757654,1,0.2605139873433176
824591,607200,4,23,0.1956521739130435,4.5,0.28992306631044384,0,0.08405538437885002
824591,607200,4,23,0.1956521739130435,5.5,0.14773411139441764,0,0.021825367669498198
824591,607200,4,23,0.1956521739130435,6.5,0.06520424597420288,0,0.004251593693064352
824591,607200,4,23,0.1956521739130435,7.5,0.025083138099674898,0,0.0006291638169273624
824591,607200,4,23,0.1956521739130435,8.5,0.008449104416924735,0,7.138736544809706e-05
824586,607200,4,13,0.18556701030927836,3.5,0.4910088347264247,1,0.259072006326552
824586,607200,4,13,0.18556701030927836,4.5,0.2890644871195492,0,0.08355827771368801
824586,607200,4,13,0.18556701030927836,5.5,0.14560285546035834,0,0.021200191518210003
824586,607200,4,13,0.18556701030927836,6.5,0.06312157811158886,0,0.003984333623297414
824586,607200,4,13,0.18556701030927836,7.5,0.023689581785151324,0,0.0005611962851553734
824586,607200,4,13,0.18556701030927836,8.5,0.007729884858445232,0,5.975111992482086e-05
824264,607200,4,19,0.19148936170212766,3.5,0.4885251967254761,1,0.2616064743847129
824264,607200,4,19,0.19148936170212766,4.5,0.29141714381227385,0,0.0849239517077035
824264,607200,4,19,0.19148936170212766,5.5,0.15030025932347385,0,0.022590167952703487
824264,607200,4,19,0.19148936170212766,6.5,0.06734224669614103,0,0.004534978190083918
824264,607200,4,19,0.19148936170212766,7.5,0.02630255350488421,0,0.0006918243208772967
824264,607200,4,19,0.19148936170212766,8.5,0.008969326483115473,0,8.044881756071657e-05
824583,607200,2,20,0.20320855614973263,3.5,0.5314796508675046,0,0.28247061928624456
824583,607200,2,20,0.20320855614973263,4.5,0.3306680438811945,0,0.10934135524421555
824583,607200,2,20,0.20320855614973263,5.5,0.17873281030954996,0,0.03194541748114957
824583,607200,2,20,0.20320855614973263,6.5,0.08431050869893106,0,0.0071082618770725295
824583,607200,2,20,0.20320855614973263,7.5,0.03483075440163459,0,0.0012131814521869875
824583,607200,2,20,0.20320855614973263,8.5,0.012621139835285117,0,0.00015929317074182082
824819,607200,3,23,0.20108695652173914,3.5,0.511599017945531,0,0.2617335551628317
824819,607200,3,23,0.20108695652173914,4.5,0.30980331113222004,0,0.09597809158848714
824819,607200,3,23,0.20108695652173914,5.5,0.16178919845339856,0,0.026175744736193184
824819,607200,3,23,0.20108695652173914,6.5,0.07329705026054147,0,0.005372457576896342
824819,607200,3,23,0.20108695652173914,7.5,0.028976915548329575,0,0.0008396616346950243
824819,607200,3,23,0.20108695652173914,8.5,0.010040814176726892,0,0.00010081794933155974
824413,607200,4,24,0.19672131147540983,3.5,0.49063338545034846,1,0.25945434801777334
824413,607200,4,24,0.19672131147540983,4.5,0.28974988801612567,0,0.08395499760535736
824413,607200,4,24,0.19672131147540983,5.5,0.14667020068986159,0,0.021512147770404274
824413,607200,4,24,0.19672131147540983,6.5,0.06397188877663038,0,0.004092402553649567
824413,607200,4,24,0.19672131147540983,7.5,0.024165443608300252,0,0.0005839686647859395
824413,607200,4,24,0.19672131147540983,8.5,0.007936352483130429,0,6.298569073649053e-05
824576,607200,3,15,0.19270833333333334,3.5,0.5123402349394268,0,0.2624925163377871
824576,607200,3,15,0.19270833333333334,4.5,0.31103875812666687,0,0.09674510905697918
824576,607200,3,15,0.19270833333333334,5.5,0.16255866967598853,0,0.026425321086827155
824576,607200,3,15,0.19270833333333334,6.5,0.07339819000239582,0,0.005387294295627798
824576,607200,3,15,0.19270833333333334,7.5,0.028742864523326996,0,0.0008261522610063296
824576,607200,3,15,0.19270833333333334,8.5,0.009791990324385522,0,9.588307451285969e-05
822874,607200,6,15,0.17708333333333334,3.5,0.4454539802535216,1,0.3075212880166617
822874,607200,6,15,0.17708333333333334,4.5,0.2520926307658898,1,0.5593654329546878
822874,607200,6,15,0.17708333333333334,5.5,0.12194952058717544,1,0.770972644397091
822874,607200,6,15,0.17708333333333334,6.5,0.050708376423860266,0,0.0025713394395439075
822874,607200,6,15,0.17708333333333334,7.5,0.018218034490700752,0,0.0003318967807043622
822874,607200,6,15,0.17708333333333334,8.5,0.005677091876768694,0,3.222937217727309e-05
824572,607200,2,18,0.20105820105820105,3.5,0.5319080082651608,0,0.28292612925661037
824572,607200,2,18,0.20105820105820105,4.5,0.33137441162102294,0,0.10980900067717914
824572,607200,2,18,0.20105820105820105,5.5,0.17915512284996016,0,0.032096558043384314
824572,607200,2,18,0.20105820105820105,6.5,0.08430704076819008,0,0.007107677123089264
824572,607200,2,18,0.20105820105820105,7.5,0.034614851249334055,0,0.0011981879270135233
824572,607200,2,18,0.20105820105820105,8.5,0.012413373288316506,0,0.00015409183639508974
822945,607200,6,19,0.18085106382978725,3.5,0.4440859700807203,1,0.30904040866109384
822945,607200,6,19,0.18085106382978725,4.5,0.25281406352513663,1,0.5582868236658186
822945,607200,6,19,0.18085106382978725,5.5,0.12386773122111851,1,0.7676077523956303
822945,607200,6,19,0.18085106382978725,6.5,0.05253800248436119,0,0.0027602417050467424
822945,607200,6,19,0.18085106382978725,7.5,0.019370354077390496,0,0.0003752106170834786
822945,607200,6,19,0.18085106382978725,8.5,0.006220609380469986,0,3.869598106439118e-05
822973,607259,1,22,0.13106796116504854,3.5,0.35229591765045193,0,0.124112413593174
822973,607259,1,22,0.13106796116504854,4.5,0.17456127697406423,0,0.030471639418815966
822973,607259,1,22,0.13106796116504854,5.5,0.07231359823962491,0,0.005229256490361883
822973,607259,1,22,0.13106796116504854,6.5,0.02530500464426882,0,0.0006403432600464666
822973,607259,1,22,0.13106796116504854,7.5,0.007555269064697672,0,5.7082090639977627e-05
822973,607259,1,22,0.13106796116504854,8.5,0.0019417421214847639,0,3.7703624663481517e-06
822969,607259,2,27,0.12935323383084577,3.5,0.325931519861136,0,0.1062313556389901
822969,607259,2,27,0.12935323383084577,4.5,0.1546213792282131,0,0.023907770914434887
822969,607259,2,27,0.12935323383084577,5.5,0.06074116570274896,0,0.0036894892109288068
822969,607259,2,27,0.12935323383084577,6.5,0.019945780264044193,0,0.0003978341503415348
822969,607259,2,27,0.12935323383084577,7.5,0.00552220983056786,0,3.0494801412820315e-05
822969,607259,2,27,0.12935323383084577,8.5,0.0012981955424807435,0,1.685311666516872e-06
823938,607259,6,22,0.10679611650485436,3.5,0.22478278696099468,1,0.6009617273919626
823938,607259,6,22,0.10679611650485436,4.5,0.09208539420957743,1,0.8243089314075784
823938,607259,6,22,0.10679611650485436,5.5,0.0312058878111429,1,0.9385620318117959
823938,607259,6,22,0.10679611650485436,6.5,0.008874595062719636,0,7.875843752724774e-05
823938,607259,6,22,0.10679611650485436,7.5,0.0021443487427625593,0,4.598231530587368e-06
823938,607259,6,22,0.10679611650485436,8.5,0.00044476005540611507,0,1.9781150688485054e-07
822968,607259,5,24,0.11274509803921569,3.5,0.24913524588830968,1,0.5637978789672091
822968,607259,5,24,0.11274509803921569,4.5,0.1063159936381116,1,0.7986711032270357
822968,607259,5,24,0.11274509803921569,5.5,0.03760390377099801,0,0.0014140535788184784
822968,607259,5,24,0.11274509803921569,6.5,0.011179859405723634,0,0.00012498925633174722
822968,607259,5,24,0.11274509803921569,7.5,0.002828943202280629,0,8.002919641729779e-06
822968,607259,5,24,0.11274509803921569,8.5,0.0006157536038618447,0,3.7915250066884953e-07
822962,607259,3,23,0.12195121951219512,3.5,0.29999505451713254,0,0.08999703273473733
822962,607259,3,23,0.12195121951219512,4.5,0.13850277659698174,0,0.019183019125073433
822962,607259,3,23,0.12195121951219512,5.5,0.05324006332341221,0,0.002834504342680942
822962,607259,3,23,0.12195121951219512,6.5,0.017249016653741466,0,0.00029752857552105044
822962,607259,3,23,0.12195121951219512,7.5,0.004763380982840807,0,2.2689798387689455e-05
822962,607259,3,23,0.12195121951219512,8.5,0.001132127200244116,0,1.2817119975325806e-06
824173,607259,3,21,0.12077294685990338,3.5,0.30002014108153185,0,0.09001208505458227
824173,607259,3,21,0.12077294685990338,4.5,0.13838801846345236,0,0.01915124365424083
824173,607259,3,21,0.12077294685990338,5.5,0.05309246593401738,0,0.002818809938954796
824173,607259,3,21,0.12077294685990338,6.5,0.0171434958769094,0,0.00029389945088160964
824173,607259,3,21,0.12077294685990338,7.5,0.004710000629047319,0,2.2184105925626143e-05
824173,607259,3,21,0.12077294685990338,8.5,0.0011114007152990167,0,1.2352115499671658e-06
822955,607259,1,20,0.12980769230769232,3.5,0.35228221875937205,0,0.12410276165402606
822955,607259,1,20,0.12980769230769232,4.5,0.17412551882157365,0,0.0303196963048822
822955,607259,1,20,0.12980769230769232,5.5,0.0718254800359909,0,0.005158899582400528
822955,607259,1,20,0.12980769230769232,6.5,0.024977112121372196,0,0.0006238561299235979
822955,607259,1,20,0.12980769230769232,7.5,0.007395479840645869,0,5.4693122073399444e-05
822955,607259,1,20,0.12980769230769232,8.5,0.0018811107930526328,0,3.538577815739105e-06
822788,607259,0,24,0.13725490196078433,3.5,0.37859279409609004,0,0.14333250374148443
822788,607259,0,24,0.13725490196078433,4.5,0.1936992241008144,0,0.037519389417257513
822788,607259,0,24,0.13725490196078433,5.5,0.08302546013410614,0,0.006893227030480047
822788,607259,0,24,0.13725490196078433,6.5,0.03010914167579571,0,0.0009065604124531381
822788,607259,0,24,0.13725490196078433,7.5,0.009331290108833181,0,8.707297509520796e-05
822788,607259,0,24,0.13725490196078433,8.5,0.0024941955073257143,0,6.221011228763777e-06
822948,607259,5,21,0.1111111111111111,3.5,0.24922217541041827,1,0.5636673418954647
822948,607259,5,21,0.1111111111111111,4.5,0.10634838372120127,1,0.7986132112777093
822948,607259,5,21,0.1111111111111111,5.5,0.037586394170242426,0,0.001412737026720834
822948,607259,5,21,0.1111111111111111,6.5,0.01115156536694532,0,0.0001243574101332543
822948,607259,5,21,0.1111111111111111,7.5,0.0028104734774296878,0,7.898761167335722e-06
822948,607259,5,21,0.1111111111111111,8.5,0.0006076862212285632,0,3.6928254347105026e-07
822945,607259,2,24,0.12745098039215685,3.5,0.3259353459710105,0,0.1062338497532423
822945,607259,2,24,0.12745098039215685,4.5,0.15586924013209985,0,0.024295220019358205
822945,607259,2,24,0.12745098039215685,5.5,0.06217032233307084,0,0.003865148978997927
822945,607259,2,24,0.12745098039215685,6.5,0.02092311980636634,0,0.00043777694243155935
822945,607259,2,24,0.12745098039215685,7.5,0.006007389957970989,0,3.608873410713068e-05
822945,607259,2,24,0.12745098039215685,8.5,0.0014859745432296155,0,2.2081203431264644e-06
824027,607536,4,28,0.1953125,3.5,0.7488195911493762,1,0.06309159779036651
824027,607536,4,28,0.1953125,4.5,0.566513533400035,0,0.32093758352539253
824027,607536,4,28,0.1953125,5.5,0.38145977558225486,0,0.14551156038726423
824027,607536,4,28,0.1953125,6.5,0.22862560063480047,0,0.05226966526562328
824027,607536,4,28,0.1953125,7.5,0.12259738620980683,0,0.015030119105476534
824027,607536,4,28,0.1953125,8.5,0.059255900055061816,0,0.003511261691335475
824349,607536,2,22,0.1984732824427481,3.5,0.777778521870672,0,0.6049394290833273
824349,607536,2,22,0.1984732824427481,4.5,0.6041803909431177,0,0.36503394480017853
824349,607536,2,22,0.1984732824427481,5.5,0.41932108375906724,0,0.17583017128487868
824349,607536,2,22,0.1984732824427481,6.5,0.2592755479407221,0,0.06722380975996169
824349,607536,2,22,0.1984732824427481,7.5,0.14317177944222315,0,0.02049815842865259
824349,607536,2,22,0.1984732824427481,8.5,0.07096619275622393,0,0.0050362005143135295
824995,607536,4,27,0.19455252918287938,3.5,0.7482996664319438,1,0.06335305791827077
824995,607536,4,27,0.19455252918287938,4.5,0.5662819476398648,0,0.32067524422279864
824995,607536,4,27,0.19455252918287938,5.5,0.3816430875744839,0,0.1456514462933852
824995,607536,4,27,0.19455252918287938,6.5,0.22906615781966486,0,0.05247130465826361
824995,607536,4,27,0.19455252918287938,7.5,0.12304135979809626,0,0.015139176220964579
824995,607536,4,27,0.19455252918287938,8.5,0.059552702616036714,0,0.003546524388874106
824345,607536,8,26,0.17829457364341086,3.5,0.6850406833994551,1,0.09919937111348226
824345,607536,8,26,0.17829457364341086,4.5,0.4899828989009151,1,0.2601174434135141
824345,607536,8,26,0.17829457364341086,5.5,0.30948226768843196,1,0.4768147386367104
824345,607536,8,26,0.17829457364341086,6.5,0.1731076190053294,1,0.6837510097470356
824345,607536,8,26,0.17829457364341086,7.5,0.08630211395157822,1,0.8348438269693547
824345,607536,8,26,0.17829457364341086,8.5,0.03863622694821076,0,0.0014927580327936476
824341,607536,4,29,0.19607843137254902,3.5,0.7496003540951596,1,0.06269998266926947
824341,607536,4,29,0.19607843137254902,4.5,0.5669838240649905,0,0.3214706567513601
824341,607536,4,29,0.19607843137254902,5.5,0.38136741280105624,0,0.14544110354657122
824341,607536,4,29,0.19607843137254902,6.5,0.2280936475274123,0,0.052026712042359397
824341,607536,4,29,0.19607843137254902,7.5,0.121949242589832,0,0.014871617768233696
824341,607536,4,29,0.19607843137254902,8.5,0.05874391011755286,0,0.0034508469758991293
824337,607536,7,21,0.17870722433460076,3.5,0.7044047418539989,1,0.087376556638401
824337,607536,7,21,0.17870722433460076,4.5,0.5110628665058656,1,0.23905952050946097
824337,607536,7,21,0.17870722433460076,5.5,0.3270650038977968,1,0.4528415089790722
824337,607536,7,21,0.17870722433460076,6.5,0.18480562237337822,1,0.6645418733140551
824337,607536,7,21,0.17870722433460076,7.5,0.09268674817676958,0,0.0085908332875839
824337,607536,7,21,0.17870722433460076,8.5,0.04155663052171959,0,0.001726953540318716
823930,607536,2,23,0.19923371647509577,3.5,0.7768661131667733,0,0.6035209577868499
823930,607536,2,23,0.19923371647509577,4.5,0.6035050747057402,0,0.3642183751955811
823930,607536,2,23,0.19923371647509577,5.5,0.4192301190915737,0,0.17575389275353506
823930,607536,2,23,0.19923371647509577,6.5,0.2597381758356542,0,0.06746391998643321
823930,607536,2,23,0.19923371647509577,7.5,0.14388271186716758,0,0.02070223477425037
823930,607536,2,23,0.19923371647509577,8.5,0.07162113725620467,0,0.005129587301872109
823198,607536,9,24,0.17307692307692307,3.5,0.6681785877933883,1,0.11010544959879008
823198,607536,9,24,0.17307692307692307,4.5,0.4707014061174351,1,0.28015700148606043
823198,607536,9,24,0.17307692307692307,5.5,0.2920249422129481,1,0.5012286824485794
823198,607536,9,24,0.17307692307692307,6.5,0.16002654441896733,1,0.7055554060807411
823198,607536,9,24,0.17307692307692307,7.5,0.07794361804062326,1,0.8501879715120161
823198,607536,9,24,0.17307692307692307,8.5,0.03398860643444966,1,0.9331780124984566
824328,607536,4,27,0.19455252918287938,3.5,0.7482996664319438,1,0.06335305791827077
824328,607536,4,27,0.19455252918287938,4.5,0.5662819476398648,0,0.32067524422279864
824328,607536,4,27,0.19455252918287938,5.5,0.3816430875744839,0,0.1456514462933852
824328,607536,4,27,0.19455252918287938,6.5,0.22906615781966486,0,0.05247130465826361
824328,607536,4,27,0.19455252918287938,7.5,0.12304135979809626,0,0.015139176220964579
824328,607536,4,27,0.19455252918287938,8.5,0.059552702616036714,0,0.003546524388874106
823755,607536,2,23,0.19923371647509577,3.5,0.7768661131667733,0,0.6035209577868499
823755,607536,2,23,0.19923371647509577,4.5,0.6035050747057402,0,0.3642183751955811
823755,607536,2,23,0.19923371647509577,5.5,0.4192301190915737,0,0.17575389275353506
823755,607536,2,23,0.19923371647509577,6.5,0.2597381758356542,0,0.06746391998643321
823755,607536,2,23,0.19923371647509577,7.5,0.14388271186716758,0,0.02070223477425037
823755,607536,2,23,0.19923371647509577,8.5,0.07162113725620467,0,0.005129587301872109
824323,607536,8,34,0.184,3.5,0.6929687647731358,1,0.09426817940493398
824323,607536,8,34,0.184,4.5,0.4945825607927777,1,0.2554467878547863
824323,607536,8,34,0.184,5.5,0.30858986787294695,1,0.478047970807949
824323,607536,8,34,0.184,6.5,0.16802716780888965,1,0.6921787935040975
824323,607536,8,34,0.184,7.5,0.0800021604296682,1,0.8463960248140779
824323,607536,8,34,0.184,8.5,0.03342005629455434,0,0.0011169001627311813
823698,607625,4,22,0.15418502202643172,3.5,0.47052161630183365,1,0.28034735880362266
823698,607625,4,22,0.15418502202643172,4.5,0.27529244609466125,0,0.07578593087678197
823698,607625,4,22,0.15418502202643172,5.5,0.1374129115044939,0,0.01888230824814187
823698,607625,4,22,0.15418502202643172,6.5,0.058590580583170376,0,0.0034328561330729816
823698,607625,4,22,0.15418502202643172,7.5,0.021406550808169594,0,0.0004582404175027463
823698,607625,4,22,0.15418502202643172,8.5,0.0067264042508921595,0,4.5244514146420116e-05
824103,607625,2,13,0.15677966101694915,3.5,0.516293823369173,0,0.2665593120491588
824103,607625,2,13,0.15677966101694915,4.5,0.30842185125174776,0,0.09512403832955522
824103,607625,2,13,0.15677966101694915,5.5,0.15633538877208988,0,0.02444075378252049
824103,607625,2,13,0.15677966101694915,6.5,0.06746152333670216,0,0.004551057130908411
824103,607625,2,13,0.15677966101694915,7.5,0.024903475595748646,0,0.0006201830967480484
824103,607625,2,13,0.15677966101694915,8.5,0.007902796051061298,0,6.245418542467004e-05
824097,607625,0,23,0.17256637168141592,3.5,0.5563330063885247,0,0.3095064139972942
824097,607625,0,23,0.17256637168141592,4.5,0.3557809646599255,0,0.12658009481434715
824097,607625,0,23,0.17256637168141592,5.5,0.196328282240428,0,0.038544794407477156
824097,607625,0,23,0.17256637168141592,6.5,0.09330710311696419,0,0.008706215492079788
824097,607625,0,23,0.17256637168141592,7.5,0.03822547980186968,0,0.001461187306083147
824097,607625,0,23,0.17256637168141592,8.5,0.013527919935903271,0,0.00018300461779220917
822961,607625,3,24,0.16,3.5,0.4924317081816033,0,0.24248898722265172
822961,607625,3,24,0.16,4.5,0.29483996074781965,0,0.08693060245377583
822961,607625,3,24,0.16,5.5,0.15108110687890672,0,0.022825500855755635
822961,607625,3,24,0.16,6.5,0.06630726077667849,0,0.004396652831706446
822961,607625,3,24,0.16,7.5,0.024995438586260146,0,0.0006247719501195026
822961,607625,3,24,0.16,8.5,0.00812147232087127,0,6.595831265867817e-05
824094,607625,7,26,0.14349775784753363,3.5,0.4021592490918936,1,0.35741356344636854
824094,607625,7,26,0.14349775784753363,4.5,0.2171357134579653,1,0.6128764911429689
824094,607625,7,26,0.14349775784753363,5.5,0.09911287022239831,1,0.8115976205989253
824094,607625,7,26,0.14349775784753363,6.5,0.03839773092777584,1,0.9246789238848502
824094,607625,7,26,0.14349775784753363,7.5,0.012687823771030813,0,0.00016098087204473457
824094,607625,7,26,0.14349775784753363,8.5,0.003593162103600159,0,1.2910813902748319e-05
823607,607625,4,24,0.15555555555555556,3.5,0.47029118542534437,1,0.28059142823808686
823607,607625,4,24,0.15555555555555556,4.5,0.2750124328465464,0,0.0756318382201762
823607,607625,4,24,0.15555555555555556,5.5,0.13726913824370374,0,0.018842816314169047
823607,607625,4,24,0.15555555555555556,6.5,0.05857810283360142,0,0.0034313941315839824
823607,607625,4,24,0.15555555555555556,7.5,0.021444313232687567,0,0.0004598585700216191
823607,607625,4,24,0.15555555555555556,8.5,0.006760762811662455,0,4.570791379555803e-05
824814,607625,6,19,0.14347826086956522,3.5,0.4258240560824429,1,0.3296780145736177
824814,607625,6,19,0.14347826086956522,4.5,0.23592182452740681,1,0.5838154582335269
824814,607625,6,19,0.14347826086956522,5.5,0.1105449623830149,1,0.7911302639422323
824814,607625,6,19,0.14347826086956522,6.5,0.04394485310505004,0,0.0019311501144244258
824814,607625,6,19,0.14347826086956522,7.5,0.014891458515927995,0,0.00022175553673160439
824814,607625,6,19,0.14347826086956522,8.5,0.004323254272716025,0,1.8690527506557362e-05
824090,607625,3,23,0.1592920353982301,3.5,0.4924769094485254,0,0.2425335063399711
824090,607625,3,23,0.1592920353982301,4.5,0.29502334976521566,0,0.08703877690668878
824090,607625,3,23,0.1592920353982301,5.5,0.15125803911772767,0,0.022878994397740035
824090,607625,3,23,0.1592920353982301,6.5,0.06641079218422966,0,0.0044103933185369384
824090,607625,3,23,0.1592920353982301,7.5,0.025036126941628246,0,0.0006268076522373238
824090,607625,3,23,0.1592920353982301,8.5,0.008131344297384237,0,6.611876008260316e-05
824083,607625,5,26,0.15246636771300448,3.5,0.4480460400985739,1,0.30465317385086504
824083,607625,5,26,0.15246636771300448,4.5,0.2549844859401268,1,0.5550481161898971
824083,607625,5,26,0.15246636771300448,5.5,0.12330767244352625,0,0.015204782083439963
824083,607625,5,26,0.15246636771300448,6.5,0.05078481886611484,0,0.002579097827264094
824083,607625,5,26,0.15246636771300448,7.5,0.01788075968792664,0,0.00031972156701738234
824083,607625,5,26,0.15246636771300448,8.5,0.0054041645608779686,0,2.9204994601049368e-05
823676,607625,2,24,0.16444444444444445,3.5,0.514183771512876,0,0.2643849508872054
823676,607625,2,24,0.16444444444444445,4.5,0.3149237038604297,0,0.09917693925317164
823676,607625,2,24,0.16444444444444445,5.5,0.1655163164448082,0,0.027395651009457882
823676,607625,2,24,0.16444444444444445,6.5,0.07464580482741943,0,0.005571996178333195
823676,607625,2,24,0.16444444444444445,7.5,0.02895118283531403,0,0.0008381709875637817
823676,607625,2,24,0.16444444444444445,8.5,0.009686765172295334,0,9.383341950319385e-05
824323,607625,3,25,0.16071428571428573,3.5,0.49254679765776144,0,0.2426023478829158
824323,607625,3,25,0.16071428571428573,4.5,0.29462572042281804,0,0.08680431513466454
824323,607625,3,25,0.16071428571428573,5.5,0.150735383956255,0,0.022721155976439616
824323,607625,3,25,0.16071428571428573,6.5,0.06601469229029266,0,0.0043579395981820255
824323,607625,3,25,0.16071428571428573,7.5,0.02481969479062996,0,0.000616017249500024
824323,607625,3,25,0.16071428571428573,8.5,0.008039870985819606,0,6.463952546862392e-05
823519,608331,7,16,0.3235294117647059,3.5,0.8373022444204327,1,0.026470559670628634
823519,608331,7,16,0.3235294117647059,4.5,0.6754361982689893,1,0.10534166139408685
823519,608331,7,16,0.3235294117647059,5.5,0.4820310572624773,1,0.2682918256406271
823519,608331,7,16,0.3235294117647059,6.5,0.3002552555663605,1,0.48964270736249954
823519,608331,7,16,0.3235294117647059,7.5,0.1620683237197536,0,0.02626614155333085
823519,608331,7,16,0.3235294117647059,8.5,0.07545239887181854,0,0.005693064495512003
824570,608331,4,15,0.4,3.5,0.9559469686886762,1,0.001940669567716472
824570,608331,4,15,0.4,4.5,0.881909453786448,0,0.7777642846779111
824570,608331,4,15,0.4,5.5,0.7541185525017742,0,0.5686947912273711
824570,608331,4,15,0.4,6.5,0.5823782107519913,0,0.33916438035869073
824570,608331,4,15,0.4,7.5,0.39808069731163864,0,0.15846824157212047
824570,608331,4,15,0.4,8.5,0.23739433876203797,0,0.056356072076265244
824649,608331,7,19,0.3548387096774194,3.5,0.8557716224526845,1,0.020801824889930993
824649,608331,7,19,0.3548387096774194,4.5,0.6935379139990024,1,0.09391901015608282
824649,608331,7,19,0.3548387096774194,5.5,0.4889827762822299,1,0.26113860293621755
824649,608331,7,19,0.3548387096774194,6.5,0.29239631450525616,1,0.5007029757257444
824649,608331,7,19,0.3548387096774194,7.5,0.1455359747491926,0,0.021180719946197628
824649,608331,7,19,0.3548387096774194,8.5,0.05936891897745891,0,0.003524668540552081
823457,608337,5,18,0.1111111111111111,3.5,0.19969346104437397,1,0.6404905562951331
823457,608337,5,18,0.1111111111111111,4.5,0.0769169431984109,1,0.8520823297541658
823457,608337,5,18,0.1111111111111111,5.5,0.024206683289174146,0,0.0005859635158623829
823457,608337,5,18,0.1111111111111111,6.5,0.00630986451240895,0,3.981439016495783e-05
823457,608337,5,18,0.1111111111111111,7.5,0.0013776682826405582,0,1.897969896993785e-06
823457,608337,5,18,0.1111111111111111,8.5,0.00025416192183119057,0,6.459828250892423e-08
823290,608337,3,20,0.14754098360655737,3.5,0.3522175784125641,0,0.12405722254281076
823290,608337,3,20,0.14754098360655737,4.5,0.17360626547648755,0,0.030139135412692673
823290,608337,3,20,0.14754098360655737,5.5,0.07126697852767692,0,0.005078982228464364
823290,608337,3,20,0.14754098360655737,6.5,0.024596811227379122,0,0.0006050031225553236
823290,608337,3,20,0.14754098360655737,7.5,0.007199855742804952,0,5.1837922717201445e-05
823290,608337,3,20,0.14754098360655737,8.5,0.0017999260109001533,0,3.2397336447149387e-06
823046,608337,2,23,0.1724137931034483,3.5,0.4333467259631185,0,0.18778938490295413
823046,608337,2,23,0.1724137931034483,4.5,0.23142882240971244,0,0.05355929984194622
823046,608337,2,23,0.1724137931034483,5.5,0.10212686034372744,0,0.010429895603667208
823046,608337,2,23,0.1724137931034483,6.5,0.03736332561866572,0,0.001396018101286442
823046,608337,2,23,0.1724137931034483,7.5,0.011377212441436765,0,0.00012944096293758352
823046,608337,2,23,0.1724137931034483,8.5,0.0028919219256707458,0,8.363212424175195e-06
822883,608337,2,20,0.16393442622950818,3.5,0.4316713630415375,0,0.1863401656701389
822883,608337,2,20,0.16393442622950818,4.5,0.23411268533692997,0,0.05480874943566839
822883,608337,2,20,0.16393442622950818,5.5,0.10651152113620634,0,0.011344704134748529
822883,608337,2,20,0.16393442622950818,6.5,0.04093026430228063,0,0.0016752865358545482
822883,608337,2,20,0.16393442622950818,7.5,0.013381666414518316,0,0.00017906899602944748
822883,608337,2,20,0.16393442622950818,8.5,0.0037450467235869145,0,1.4025374961849083e-05
824026,608372,5,23,0.13414634146341464,3.5,0.3865141486553838,1,0.3763648898000285
824026,608372,5,23,0.13414634146341464,4.5,0.1985758542003838,1,0.6422806614706444
824026,608372,5,23,0.13414634146341464,5.5,0.08508730562367937,0,0.00723984957829742
824026,608372,5,23,0.13414634146341464,6.5,0.030650149530972528,0,0.0009394316662709755
824026,608372,5,23,0.13414634146341464,7.5,0.009357249809338887,0,8.755812399437265e-05
824026,608372,5,23,0.13414634146341464,8.5,0.002438637860800151,0,5.9469546161279355e-06
824347,608372,3,22,0.14545454545454545,3.5,0.4545557213202667,0,0.20662090378498799
824347,608372,3,22,0.14545454545454545,4.5,0.25250573982921803,0,0.06375914864670075
824347,608372,3,22,0.14545454545454545,5.5,0.11768898848827411,0,0.013850698011393115
824347,608372,3,22,0.14545454545454545,6.5,0.046275848385626615,0,0.0021414541438095013
824347,608372,3,22,0.14545454545454545,7.5,0.015451248305815242,0,0.00023874107420795838
824347,608372,3,22,0.14545454545454545,8.5,0.004408117145905099,0,1.943149677202252e-05
824994,608372,2,26,0.15527950310559005,3.5,0.48865446402840734,0,0.23878318521489006
824994,608372,2,26,0.15527950310559005,4.5,0.2806130154793245,0,0.0787436644563996
824994,608372,2,26,0.15527950310559005,5.5,0.13521169039743605,0,0.0182822012201321
824994,608372,2,26,0.15527950310559005,6.5,0.05484792130388096,0,0.003008294471356719
824994,608372,2,26,0.15527950310559005,7.5,0.01881977206804269,0,0.0003541838206930799
824994,608372,2,26,0.15527950310559005,8.5,0.005487244650034008,0,3.0109853849326844e-05
824342,608372,5,22,0.13333333333333333,3.5,0.38654319433606193,1,0.3763292524154026
824342,608372,5,22,0.13333333333333333,4.5,0.19849935918828965,1,0.6424032772215823
824342,608372,5,22,0.13333333333333333,5.5,0.08497716827361848,0,0.007221119127802871
824342,608372,5,22,0.13333333333333333,6.5,0.030565043134817338,0,0.0009342218618332445
824342,608372,5,22,0.13333333333333333,7.5,0.009310852968281137,0,8.669198299694967e-05
824342,608372,5,22,0.13333333333333333,8.5,0.002419210127541237,0,5.852577641198087e-06
823688,608372,2,23,0.1524390243902439,3.5,0.4878723252039347,0,0.23801940569989383
823688,608372,2,23,0.1524390243902439,4.5,0.28108280448208606,0,0.07900754297551461
823688,608372,2,23,0.1524390243902439,5.5,0.13639021424747494,0,0.018602290542472116
823688,608372,2,23,0.1524390243902439,6.5,0.05598318554222598,0,0.0031341170634552997
823688,608372,2,23,0.1524390243902439,7.5,0.019553571595524455,0,0.0003823421621413008
823688,608372,2,23,0.1524390243902439,8.5,0.005845674363567483,0,3.417190876487009e-05
824331,608372,3,24,0.147239263803681,3.5,0.4545187489589536,0,0.2065872931552123
824331,608372,3,24,0.147239263803681,4.5,0.25245947144491343,0,0.06373578472224506
824331,608372,3,24,0.147239263803681,5.5,0.11766812196620414,0,0.013845786927053495
824331,608372,3,24,0.147239263803681,6.5,0.046281031061508805,0,0.0021419338361163428
824331,608372,3,24,0.147239263803681,7.5,0.015465474115997349,0,0.000239180889632584
824331,608372,3,24,0.147239263803681,8.5,0.004419359407477476,0,1.9530737572459666e-05
823759,608372,5,23,0.13414634146341464,3.5,0.3865141486553838,1,0.3763648898000285
823759,608372,5,23,0.13414634146341464,4.5,0.1985758542003838,1,0.6422806614706444
823759,608372,5,23,0.13414634146341464,5.5,0.08508730562367937,0,0.00723984957829742
823759,608372,5,23,0.13414634146341464,6.5,0.030650149530972528,0,0.0009394316662709755
823759,608372,5,23,0.13414634146341464,7.5,0.009357249809338887,0,8.755812399437265e-05
823759,608372,5,23,0.13414634146341464,8.5,0.002438637860800151,0,5.9469546161279355e-06
824325,608372,2,24,0.15337423312883436,3.5,0.48792764063482347,0,0.23807338249546545
824325,608372,2,24,0.15337423312883436,4.5,0.2809908582686606,0,0.07895586243055851
824325,608372,2,24,0.15337423312883436,5.5,0.13624164943813633,0,0.01856178704162403
824325,608372,2,24,0.15337423312883436,6.5,0.055863707203333925,0,0.0031207537824998227
824325,608372,2,24,0.15337423312883436,7.5,0.019487768975957886,0,0.0003797731396603067
824325,608372,2,24,0.15337423312883436,8.5,0.005818635443986684,0,3.3856518430018115e-05
823699,608379,2,25,0.1864406779661017,3.5,0.7420037905849044,0,0.5505696252423666
823699,608379,2,25,0.1864406779661017,4.5,0.5531077697329115,0,0.3059282049389155
823699,608379,2,25,0.1864406779661017,5.5,0.3623811829332338,0,0.13132012174408986
823699,608379,2,25,0.1864406779661017,6.5,0.20765540893330225,0,0.04312076885925699
823699,608379,2,25,0.1864406779661017,7.5,0.10404993363615547,0,0.010826388689688358
823699,608379,2,25,0.1864406779661017,8.5,0.04567831929294802,0,0.0020865088534285075
824101,608379,2,29,0.1896551724137931,3.5,0.7434440606911425,0,0.5527090713769353
824101,608379,2,29,0.1896551724137931,4.5,0.5538837059202114,0,0.30678715968390724
824101,608379,2,29,0.1896551724137931,5.5,0.3621046914865768,0,0.13111980759658898
824101,608379,2,29,0.1896551724137931,6.5,0.2066339161094038,0,0.042697575286708124
824101,608379,2,29,0.1896551724137931,7.5,0.10288402367407497,0,0.010585122327367618
824101,608379,2,29,0.1896551724137931,8.5,0.0447841495386724,0,0.0020056200499021714
822723,608379,3,26,0.1829787234042553,3.5,0.72434753072863,0,0.5246793452726636
822723,608379,3,26,0.1829787234042553,4.5,0.5311241245246624,0,0.2820928356520891
822723,608379,3,26,0.1829787234042553,5.5,0.34130668249941554,0,0.11649025151875685
822723,608379,3,26,0.1829787234042553,6.5,0.19147337867277806,0,0.03666205474036906
822723,608379,3,26,0.1829787234042553,7.5,0.09382814170925788,0,0.008803720176612578
822723,608379,3,26,0.1829787234042553,8.5,0.04026479429796644,0,0.001621253659857551
822964,608379,5,27,0.1752136752136752,3.5,0.6869797484154755,1,0.09798167790203902
822964,608379,5,27,0.1752136752136752,4.5,0.4863122864477917,1,0.26387506705449565
822964,608379,5,27,0.1752136752136752,5.5,0.2998729629177108,0,0.08992379388904677
822964,608379,5,27,0.1752136752136752,6.5,0.16074110171721157,0,0.025837701781262955
822964,608379,5,27,0.1752136752136752,7.5,0.07504574560301853,0,0.005631863933112976
822964,608379,5,27,0.1752136752136752,8.5,0.030624801675735915,0,0.0009378784776781573
824581,608379,7,29,0.16810344827586207,3.5,0.6472804849641212,1,0.12441105628714556
824581,608379,7,29,0.16810344827586207,4.5,0.44068188794287666,1,0.31283675047514475
824581,608379,7,29,0.16810344827586207,5.5,0.2594135397810235,1,0.5484683050596736
824581,608379,7,29,0.16810344827586207,6.5,0.13194919840553365,1,0.7535121941487956
824581,608379,7,29,0.16810344827586207,7.5,0.05815646266181685,0,0.0033821741493352975
824581,608379,7,29,0.16810344827586207,8.5,0.022302239111010248,0,0.0004973898693646752
824092,608379,7,26,0.16595744680851063,3.5,0.646132850943764,1,0.1252219591811883
824092,608379,7,26,0.16595744680851063,4.5,0.44041193405748785,1,0.3131388035452813
824092,608379,7,26,0.16595744680851063,5.5,0.2600601126186609,1,0.5475110369379088
824092,608379,7,26,0.16595744680851063,6.5,0.13299957892214528,1,0.7516897301491773
824092,608379,7,26,0.16595744680851063,7.5,0.059090349809724885,0,0.0034916694406356536
824092,608379,7,26,0.16595744680851063,8.5,0.02290275098980241,0,0.0005245360029008953
823606,608379,5,23,0.1722689075630252,3.5,0.687793380385647,1,0.09747297333102133
823606,608379,5,23,0.1722689075630252,4.5,0.48673718635190516,1,0.2634387158739589
823606,608379,5,23,0.1722689075630252,5.5,0.29969745186522506,0,0.0898185626545089
823606,608379,5,23,0.1722689075630252,6.5,0.16015216314447553,0,0.025648715359854708
823606,608379,5,23,0.1722689075630252,7.5,0.07438792673366035,0,0.00553356364373242
823606,608379,5,23,0.1722689075630252,8.5,0.03012849421202714,0,0.000907726163484153
824087,608379,5,23,0.1722689075630252,3.5,0.687793380385647,1,0.09747297333102133
824087,608379,5,23,0.1722689075630252,4.5,0.48673718635190516,1,0.2634387158739589
824087,608379,5,23,0.1722689075630252,5.5,0.29969745186522506,0,0.0898185626545089
824087,608379,5,23,0.1722689075630252,6.5,0.16015216314447553,0,0.025648715359854708
824087,608379,5,23,0.1722689075630252,7.5,0.07438792673366035,0,0.00553356364373242
824087,608379,5,23,0.1722689075630252,8.5,0.03012849421202714,0,0.000907726163484153
824244,608379,3,28,0.18454935622317598,3.5,0.7250384321940422,0,0.5256807281583947
824244,608379,3,28,0.18454935622317598,4.5,0.5314218615336697,0,0.28240919491591077
824244,608379,3,28,0.18454935622317598,5.5,0.3410743903537994,0,0.11633173975521592
824244,608379,3,28,0.18454935622317598,6.5,0.1909229727847411,0,0.03645158153696299
824244,608379,3,28,0.18454935622317598,7.5,0.09326770405478091,0,0.008698864619650195
824244,608379,3,28,0.18454935622317598,8.5,0.0398704981860595,0,0.0015896566256045738
824325,608379,7,25,0.1652542372881356,3.5,0.6462192000388747,1,0.12516085442113378
824325,608379,7,25,0.1652542372881356,4.5,0.4404907980218201,1,0.3130505470982597
824325,608379,7,25,0.1652542372881356,5.5,0.2600802823263446,1,0.5474811886022619
824325,608379,7,25,0.1652542372881356,6.5,0.13295783767689062,1,0.7517621112459332
824325,608379,7,25,0.1652542372881356,7.5,0.059022402067522864,0,0.0034836439458203272
824325,608379,7,25,0.1652542372881356,8.5,0.022843645894003655,0,0.0005218321577306301
823935,608566,1,13,0.1839080459770115,3.5,0.40158550139412774,0,0.16127091492997297
823935,608566,1,13,0.1839080459770115,4.5,0.2140126781088636,0,0.045801426391328066
823935,608566,1,13,0.1839080459770115,5.5,0.09569447486279409,0,0.009157432519265929
823935,608566,1,13,0.1839080459770115,6.5,0.035939258623224536,0,0.0012916303103870192
823935,608566,1,13,0.1839080459770115,7.5,0.011347577300477264,0,0.00012876751059030686
823935,608566,1,13,0.1839080459770115,8.5,0.0030134383004920616,0,9.080810390872485e-06
823280,608566,4,20,0.1625,3.5,0.2610419196657077,1,0.5460590444913425
823280,608566,4,20,0.1625,4.5,0.11579914434175263,0,0.013409441830282061
823280,608566,4,20,0.1625,5.5,0.04291558915359796,0,0.0018417477924004147
823280,608566,4,20,0.1625,6.5,0.013373815126316293,0,0.0001788589310328865
823280,608566,4,20,0.1625,7.5,0.0035146692791187114,0,1.2352900141580842e-05
823280,608566,4,20,0.1625,8.5,0.0007792418401542077,0,6.072178454469158e-07
823274,608566,4,20,0.1625,3.5,0.2610419196657077,1,0.5460590444913425
823274,608566,4,20,0.1625,4.5,0.11579914434175263,0,0.013409441830282061
823274,608566,4,20,0.1625,5.5,0.04291558915359796,0,0.0018417477924004147
823274,608566,4,20,0.1625,6.5,0.013373815126316293,0,0.0001788589310328865
823274,608566,4,20,0.1625,7.5,0.0035146692791187114,0,1.2352900141580842e-05
823274,608566,4,20,0.1625,8.5,0.0007792418401542077,0,6.072178454469158e-07
824086,608566,2,18,0.18292682926829268,3.5,0.353158560621517,0,0.1247209689402617
824086,608566,2,18,0.18292682926829268,4.5,0.18095851420182787,0,0.03274598386213314
824086,608566,2,18,0.18292682926829268,5.5,0.07880461199264033,0,0.006210166871310592
824086,608566,2,18,0.18292682926829268,6.5,0.02923149834066274,0,0.0008544804952401684
824086,608566,2,18,0.18292682926829268,7.5,0.009225909154791434,0,8.511739973246439e-05
824086,608566,2,18,0.18292682926829268,8.5,0.0024702122904670686,0,6.101948759974562e-06
823843,608566,4,12,0.14772727272727273,3.5,0.2602487836752761,1,0.5472318620539085
823843,608566,4,12,0.14772727272727273,4.5,0.11309388975961931,0,0.012790227900960927
823843,608566,4,12,0.14772727272727273,5.5,0.04050014981754176,0,0.001640262135243328
823843,608566,4,12,0.14772727272727273,6.5,0.012042633637511617,0,0.00014502502492732628
823843,608566,4,12,0.14772727272727273,7.5,0.0029893383197109424,0,8.93614358969224e-06
823843,608566,4,12,0.14772727272727273,8.5,0.0006214272160593527,0,3.861717848592775e-07
823272,608566,2,17,0.18072289156626506,3.5,0.3537668712817724,0,0.12515099921649414
823272,608566,2,17,0.18072289156626506,4.5,0.18172047713480985,0,0.03302233181010295
823272,608566,2,17,0.18072289156626506,5.5,0.07921104058172744,0,0.0062743889500400715
823272,608566,2,17,0.18072289156626506,6.5,0.02931718990579499,0,0.0008594976239724478
823272,608566,2,17,0.18072289156626506,7.5,0.009195034564629544,0,8.454866064473203e-05
823272,608566,2,17,0.18072289156626506,8.5,0.0024361462346836923,0,5.934808476763532e-06
823942,608718,2,12,0.19402985074626866,3.5,0.09731381933151076,0,0.009469979432885918
823942,608718,2,12,0.19402985074626866,4.5,0.024536992512062584,0,0.0006020640015370153
823942,608718,2,12,0.19402985074626866,5.5,0.004472867346926089,0,2.0006542303197626e-05
823942,608718,2,12,0.19402985074626866,6.5,0.0005832745263413869,0,3.402091730787692e-07
823942,608718,2,12,0.19402985074626866,7.5,5.3124328344536356e-05,0,2.822194262058109e-09
823942,608718,2,12,0.19402985074626866,8.5,3.2291770046648763e-06,0,1.0427584127456423e-11
824023,608718,3,9,0.17142857142857143,3.5,0.07848980706513918,0,0.006160649813122772
824023,608718,3,9,0.17142857142857143,4.5,0.019026957449973778,0,0.00036202510980311265
824023,608718,3,9,0.17142857142857143,5.5,0.0034429331359162917,0,1.185378857839039e-05
824023,608718,3,9,0.17142857142857143,6.5,0.00046720898863489036,0,2.182842390612371e-07
824023,608718,3,9,0.17142857142857143,7.5,4.7343725715343434e-05,0,2.241428364609671e-09
824023,608718,3,9,0.17142857142857143,8.5,3.515805543416255e-06,0,1.2360888619116468e-11
824014,608718,2,11,0.19117647058823528,3.5,0.09885102359404703,0,0.009771524865590842
824014,608718,2,11,0.19117647058823528,4.5,0.025818502312761255,0,0.0006665950616740583
824014,608718,2,11,0.19117647058823528,5.5,0.005041878783857813,0,2.5420541671115545e-05
824014,608718,2,11,0.19117647058823528,6.5,0.0007439969014086003,0,5.535313893055986e-07
824014,608718,2,11,0.19117647058823528,7.5,8.352540818892465e-05,0,6.9764938131264805e-09
824014,608718,2,11,0.19117647058823528,8.5,7.094526066878146e-06,0,5.0332300113613495e-11
824012,608718,0,9,0.21428571428571427,3.5,0.1500853618723847,0,0.022525615848364666
824012,608718,0,9,0.21428571428571427,4.5,0.04619246685473051,0,0.0021337439941253766
824012,608718,0,9,0.21428571428571427,5.5,0.01068599855631037,0,0.0001141905651454673
824012,608718,0,9,0.21428571428571427,6.5,0.0018609773962252347,0,3.463236869261254e-06
824012,608718,0,9,0.21428571428571427,7.5,0.00024266254542591032,0,5.888511095258199e-08
824012,608718,0,9,0.21428571428571427,8.5,2.3256059551873275e-05,0,5.408443058802762e-10
824008,608718,2,10,0.18840579710144928,3.5,0.09967570771138903,0,0.009935246707766259
824008,608718,2,10,0.18840579710144928,4.5,0.026378157011141566,0,0.000695807167304437
824008,608718,2,10,0.18840579710144928,5.5,0.005245617587816778,0,2.7516503877612712e-05
824008,608718,2,10,0.18840579710144928,6.5,0.0007890930579910112,0,6.226678541696054e-07
824008,608718,2,10,0.18840579710144928,7.5,8.96030856011538e-05,0,8.028712949247695e-09
824008,608718,2,10,0.18840579710144928,8.5,7.537927362009222e-06,0,5.682034891492731e-11
823197,608718,4,10,0.15942028985507245,3.5,0.06008405101403215,1,0.8834419911581926
823197,608718,4,10,0.15942028985507245,4.5,0.013318565417951884,0,0.00017738418479226384
823197,608718,4,10,0.15942028985507245,5.5,0.0022095350728379903,0,4.882045238101183e-06
823197,608718,4,10,0.15942028985507245,6.5,0.0002766227439732693,0,7.652014248330089e-08
823197,608718,4,10,0.15942028985507245,7.5,2.6085859927948058e-05,0,6.804720881805262e-10
823197,608718,4,10,0.15942028985507245,8.5,1.8175139261931744e-06,0,3.303356871906128e-12
824002,608718,1,9,0.2,3.5,0.12360617106285711,0,0.015278485524820294
824002,608718,1,9,0.2,4.5,0.03532805558857145,0,0.0012480715116691945
824002,608718,1,9,0.2,5.5,0.007571050496000004,0,5.732080561298191e-05
824002,608718,1,9,0.2,6.5,0.0012198256640000005,0,1.4879746505530421e-06
824002,608718,1,9,0.2,7.5,0.00014702006857142863,0,2.1614900562747577e-08
824002,608718,1,9,0.2,8.5,1.3010651428571415e-05,0,1.692770505957874e-10
824000,608718,1,9,0.2,3.5,0.12360617106285711,0,0.015278485524820294
824000,608718,1,9,0.2,4.5,0.03532805558857145,0,0.0012480715116691945
824000,608718,1,9,0.2,5.5,0.007571050496000004,0,5.732080561298191e-05
824000,608718,1,9,0.2,6.5,0.0012198256640000005,0,1.4879746505530421e-06
824000,608718,1,9,0.2,7.5,0.00014702006857142863,0,2.1614900562747577e-08
824000,608718,1,9,0.2,8.5,1.3010651428571415e-05,0,1.692770505957874e-10
822891,615698,2,10,0.15568862275449102,3.5,0.2758685290078079,0,0.07610344529693175
822891,615698,2,10,0.15568862275449102,4.5,0.1410495127554446,0,0.019894965048548333
822891,615698,2,10,0.15568862275449102,5.5,0.06260777271608599,0,0.003919733204469081
822891,615698,2,10,0.15568862275449102,6.5,0.023967780717811943,0,0.000574454512537118
822891,615698,2,10,0.15568862275449102,7.5,0.007891072474957234,0,6.226902480502768e-05
822891,615698,2,10,0.15568862275449102,8.5,0.0022335267901007825,0,4.988641922097905e-06
824752,615698,1,9,0.16071428571428573,3.5,0.2952521627265334,0,0.08717383959469534
824752,615698,1,9,0.16071428571428573,4.5,0.15447937663159814,0,0.02386387780448715
824752,615698,1,9,0.16071428571428573,5.5,0.07045015723557721,0,0.004963224654517552
824752,615698,1,9,0.16071428571428573,6.5,0.027803282032180555,0,0.0007730224917609741
824752,615698,1,9,0.16071428571428573,7.5,0.009457732852998502,0,8.944871071868718e-05
824752,615698,1,9,0.16071428571428573,8.5,0.002769581652802665,0,7.670582531541142e-06
822889,615698,1,10,0.16167664670658682,3.5,0.29663184264420595,0,0.08799045007049695
822889,615698,1,10,0.16167664670658682,4.5,0.15642604438007887,0,0.024469107360398406
822889,615698,1,10,0.16167664670658682,5.5,0.07188034376214278,0,0.005166783819363818
822889,615698,1,10,0.16167664670658682,6.5,0.028565080148502144,0,0.0008159638038903513
822889,615698,1,10,0.16167664670658682,7.5,0.00978100286481687,0,9.566801704155581e-05
822889,615698,1,10,0.16167664670658682,8.5,0.0028829635888727467,0,8.311479054766027e-06
823849,615698,1,9,0.16071428571428573,3.5,0.2952521627265334,0,0.08717383959469534
823849,615698,1,9,0.16071428571428573,4.5,0.15447937663159814,0,0.02386387780448715
823849,615698,1,9,0.16071428571428573,5.5,0.07045015723557721,0,0.004963224654517552
823849,615698,1,9,0.16071428571428573,6.5,0.027803282032180555,0,0.0007730224917609741
823849,615698,1,9,0.16071428571428573,7.5,0.009457732852998502,0,8.944871071868718e-05
823849,615698,1,9,0.16071428571428573,8.5,0.002769581652802665,0,7.670582531541142e-06
822794,615698,5,15,0.1419753086419753,3.5,0.2175922266793065,1,0.6121619237526458
822794,615698,5,15,0.1419753086419753,4.5,0.103961520278209,1,0.8028849571421384
822794,615698,5,15,0.1419753086419753,5.5,0.04288864192074969,0,0.0018394356058062877
822794,615698,5,15,0.1419753086419753,6.5,0.01514076385829588,0,0.00022924273021267876
822794,615698,5,15,0.1419753086419753,7.5,0.004562839697187331,0,2.081950610222858e-05
822794,615698,5,15,0.1419753086419753,8.5,0.001175295726456763,0,1.3813200446275304e-06
822882,615698,2,21,0.16666666666666666,3.5,0.27359214405109256,0,0.07485266128647378
822882,615698,2,21,0.16666666666666666,4.5,0.1447039460407002,0,0.020939231999749872
822882,615698,2,21,0.16666666666666666,5.5,0.0680458195877257,0,0.004630233563365314
822882,615698,2,21,0.16666666666666666,6.5,0.028051783051782294,0,0.0007869025323842604
822882,615698,2,21,0.16666666666666666,7.5,0.010042415492201388,0,0.00010085010891800645
822882,615698,2,21,0.16666666666666666,8.5,0.0031075138486275377,0,9.656642319411931e-06
822878,615698,1,23,0.17532467532467533,3.5,0.2927167849893595,0,0.08568311621450692
822878,615698,1,23,0.17532467532467533,4.5,0.15752298634998987,0,0.024813491228619096
822878,615698,1,23,0.17532467532467533,5.5,0.07550743788682912,0,0.005701373176233358
822878,615698,1,23,0.17532467532467533,6.5,0.031830628428637264,0,0.0010131889061619707
822878,615698,1,23,0.17532467532467533,7.5,0.011694973307515767,0,0.0001367724006635063
822878,615698,1,23,0.17532467532467533,8.5,0.00372865064653764,0,1.390283564392556e-05
824901,615698,3,23,0.16233766233766234,3.5,0.25270685154347755,0,0.0638607528170172
824901,615698,3,23,0.16233766233766234,4.5,0.1281422675696578,0,0.016420440737893772
824901,615698,3,23,0.16233766233766234,5.5,0.05740269834199253,0,0.0032950697769417916
824901,615698,3,23,0.16233766233766234,6.5,0.022466891978095652,0,0.0005047612351554187
824901,615698,3,23,0.16233766233766234,7.5,0.007628846504673185,0,5.8199298991864277e-05
824901,615698,3,23,0.16233766233766234,8.5,0.0022408217838910836,0,5.021282267160818e-06
822873,615698,1,14,0.1656441717791411,3.5,0.29816169290297256,0,0.08890039511476652
822873,615698,1,14,0.1656441717791411,4.5,0.16167533632344713,0,0.026138914375299745
822873,615698,1,14,0.1656441717791411,5.5,0.07679346660279625,0,0.005897236512874783
822873,615698,1,14,0.1656441717791411,6.5,0.0315432822083022,0,0.000994978652472594
822873,615698,1,14,0.1656441717791411,7.5,0.011142289229599157,0,0.00012415060927604138
822873,615698,1,14,0.1656441717791411,8.5,0.0033819102253440543,0,1.1437316772286672e-05
822949,615698,7,19,0.13291139240506328,3.5,0.17773913748169345,1,0.6761129260293495
822949,615698,7,19,0.13291139240506328,4.5,0.07947931507165841,1,0.8473583313809432
822949,615698,7,19,0.13291139240506328,5.5,0.03079294636329428,1,0.9393623128191441
822949,615698,7,19,0.13291139240506328,6.5,0.010236995110900706,1,0.9796308058470992
822949,615698,7,19,0.13291139240506328,7.5,0.002908258091881544,0,8.457965128994478e-06
822949,615698,7,19,0.13291139240506328,8.5,0.0007058062930268713,0,4.981625232763338e-07
822867,615698,4,24,0.1568627450980392,3.5,0.23242286194675826,1,0.5891746628620053
822867,615698,4,24,0.1568627450980392,4.5,0.11314126488625426,0,0.012800945820061551
822867,615698,4,24,0.1568627450980392,5.5,0.04825215391570532,0,0.0023282703575049166
822867,615698,4,24,0.1568627450980392,6.5,0.017847328417098504,0,0.0003185271316277718
822867,615698,4,24,0.1568627450980392,7.5,0.005689312161349231,0,3.236827286927626e-05
822867,615698,4,24,0.1568627450980392,8.5,0.0015590662199342577,0,2.430687478140095e-06
823456,621111,6,24,0.2037914691943128,3.5,0.6394242315189013,1,0.13001488481573492
823456,621111,6,24,0.2037914691943128,4.5,0.4371638204848228,1,0.31678456497124086
823456,621111,6,24,0.2037914691943128,5.5,0.2586627574677951,1,0.5495809071652532
823456,621111,6,24,0.2037914691943128,6.5,0.13173938947091193,0,0.01735526673816862
823456,621111,6,24,0.2037914691943128,7.5,0.057656757979013824,0,0.0033243017406505743
823456,621111,6,24,0.2037914691943128,8.5,0.02169043691066099,0,0.0004704750533753647
823289,621111,4,22,0.2112676056338028,3.5,0.6747650680322446,1,0.1057777609720705
823289,621111,4,22,0.2112676056338028,4.5,0.47811063493801403,0,0.22858977924083093
823289,621111,4,22,0.2112676056338028,5.5,0.29535548459404704,0,0.08723486227978436
823289,621111,4,22,0.2112676056338028,6.5,0.15799063084798365,0,0.02496103943574384
823289,621111,4,22,0.2112676056338028,7.5,0.0729717201025805,0,0.005324871934729351
823289,621111,4,22,0.2112676056338028,8.5,0.029086454487443333,0,0.0008460218346501124
824823,621111,5,21,0.205607476635514,3.5,0.6570009970916769,1,0.11764831599610383
824823,621111,5,21,0.205607476635514,4.5,0.4578697871403985,1,0.2939051676951968
824823,621111,5,21,0.205607476635514,5.5,0.27735285089292505,0,0.07692460389843311
824823,621111,5,21,0.205607476635514,6.5,0.14512078268531972,0,0.021060041567199792
824823,621111,5,21,0.205607476635514,7.5,0.06543293312178079,0,0.004281468736919438
824823,621111,5,21,0.205607476635514,8.5,0.025417627552902746,0,0.0006460557904180808
822885,621111,7,21,0.19626168224299065,3.5,0.6195529563853623,1,0.14473995299511802
822885,621111,7,21,0.19626168224299065,4.5,0.416542239128757,1,0.34042295872088457
822885,621111,7,21,0.19626168224299065,5.5,0.24199459998100262,1,0.5745721864579603
822885,621111,7,21,0.19626168224299065,6.5,0.12093159561396351,1,0.7727612595898122
822885,621111,7,21,0.19626168224299065,7.5,0.051925875102405754,0,0.0026962965051506417
822885,621111,7,21,0.19626168224299065,8.5,0.019170549248633956,0,0.0003675099584942999
823285,621111,5,20,0.20465116279069767,3.5,0.6573609920002679,1,0.11740148980304049
823285,621111,5,20,0.20465116279069767,4.5,0.4581274428923599,1,0.29362586814637276
823285,621111,5,20,0.20465116279069767,5.5,0.27734135551308076,0,0.07691822747783304
823285,621111,5,20,0.20465116279069767,6.5,0.14490034242611693,0,0.020996109235205944
823285,621111,5,20,0.20465116279069767,7.5,0.06517061277385905,0,0.00424720876932028
823285,621111,5,20,0.20465116279069767,8.5,0.025225467196253223,0,0.0006363241952692475
824660,621111,6,23,0.2028301886792453,3.5,0.6388146386987258,1,0.130454865218332
824660,621111,6,23,0.2028301886792453,4.5,0.43704691948465657,1,0.31691617086171475
824660,621111,6,23,0.2028301886792453,5.5,0.25903828670463735,1,0.5490242605695992
824660,621111,6,23,0.2028301886792453,6.5,0.1323281304736699,0,0.017510734114656604
824660,621111,6,23,0.2028301886792453,7.5,0.05817792831912421,0,0.0033846713435051546
824660,621111,6,23,0.2028301886792453,8.5,0.02202482187965152,0,0.00048509277883037623
823282,621111,4,24,0.2132701421800948,3.5,0.6757983875438291,1,0.10510668551918119
823282,621111,4,24,0.2132701421800948,4.5,0.47835038944200653,0,0.2288190950793193
823282,621111,4,24,0.2132701421800948,5.5,0.2947719210851561,0,0.0868904854602335
823282,621111,4,24,0.2132701421800948,6.5,0.15702364458545287,0,0.024656424958898623
823282,621111,4,24,0.2132701421800948,7.5,0.07209006104022884,0,0.00519697690078392
823282,621111,4,24,0.2132701421800948,8.5,0.028506286702008356,0,0.0008126083815370985
823276,621111,1,13,0.21621621621621623,3.5,0.7356584295006042,0,0.5411933248952955
823276,621111,1,13,0.21621621621621623,4.5,0.5397253292582742,0,0.29130343104295253
823276,621111,1,13,0.21621621621621623,5.5,0.3440278897734016,0,0.11835518894193976
823276,621111,1,13,0.21621621621621623,6.5,0.18918047809524682,0,0.03578925329234616
823276,621111,1,13,0.21621621621621623,7.5,0.08957167750365151,0,0.00802308541081815
823276,621111,1,13,0.21621621621621623,8.5,0.036531143505814476,0,0.001334524445842411
824895,621111,3,24,0.21800947867298578,3.5,0.6930265606375227,0,0.48028581374907386
824895,621111,3,24,0.21800947867298578,4.5,0.49862664581159954,0,0.24862853191332634
824895,621111,3,24,0.21800947867298578,5.5,0.3132696825662687,0,0.09813789401517076
824895,621111,3,24,0.21800947867298578,6.5,0.17050994133892466,0,0.02907364009540353
824895,621111,3,24,0.21800947867298578,7.5,0.0801078947602309,0,0.00641727480291623
824895,621111,3,24,0.21800947867298578,8.5,0.0324496153038498,0,0.0010529775333678432
823840,621111,7,22,0.19718309859154928,3.5,0.6194951328695832,1,0.14478395390993612
823840,621111,7,22,0.19718309859154928,4.5,0.4163732315767928,1,0.340620204820116
823840,621111,7,22,0.19718309859154928,5.5,0.24185141392485696,1,0.5747892785677385
823840,621111,7,22,0.19718309859154928,6.5,0.12087846112076893,1,0.7728546801213874
823840,621111,7,22,0.19718309859154928,7.5,0.05193827414955883,0,0.002697584321634731
823840,621111,7,22,0.19718309859154928,8.5,0.01920142447793202,0,0.0003686947019817269
823269,621111,1,21,0.22429906542056074,3.5,0.7242827450049443,0,0.5245854947118971
823269,621111,1,21,0.22429906542056074,4.5,0.5379635784038784,0,0.28940481168910587
823269,621111,1,21,0.22429906542056074,5.5,0.35151708009387783,0,0.12356425759772573
823269,621111,1,21,0.22429906542056074,6.5,0.20016465087438035,0,0.04006588745966257
823269,621111,1,21,0.22429906542056074,7.5,0.09883334478782885,0,0.009768030041949856
823269,621111,1,21,0.22429906542056074,8.5,0.042224451501950595,0,0.0017829043046405778
824268,622491,5,21,0.14534883720930233,3.5,0.48561676633214373,1,0.26459011107860037
824268,622491,5,21,0.14534883720930233,4.5,0.28419265621081535,1,0.512380153422528
824268,622491,5,21,0.14534883720930233,5.5,0.14176051151243615,0,0.020096042624267542
824268,622491,5,21,0.14534883720930233,6.5,0.060531482755860753,0,0.003664060404623068
824268,622491,5,21,0.14534883720930233,7.5,0.022237071890467277,0,0.0004944873662618099
824268,622491,5,21,0.14534883720930233,8.5,0.007060499432638554,0,4.9850652238289344e-05
822725,622491,4,27,0.1566265060240964,3.5,0.5171029312608082,1,0.23318957899690373
822725,622491,4,27,0.1566265060240964,4.5,0.312485682010705,0,0.09764730146169542
822725,622491,4,27,0.1566265060240964,5.5,0.16166269642993392,0,0.026134827416996968
822725,622491,4,27,0.1566265060240964,6.5,0.07189699502798906,0,0.005169177894054684
822725,622491,4,27,0.1566265060240964,7.5,0.02762659805275607,0,0.0007632289199685455
822725,622491,4,27,0.1566265060240964,8.5,0.00921351209233576,0,8.488880507561729e-05
823124,622491,4,19,0.14942528735632185,3.5,0.5183978985354184,1,0.23194058413510116
823124,622491,4,19,0.14942528735632185,4.5,0.3118271436930916,0,0.09723616754379201
823124,622491,4,19,0.14942528735632185,5.5,0.1598444662589583,0,0.025550253393611257
823124,622491,4,19,0.14942528735632185,6.5,0.07009106661269751,0,0.0049127576189056
823124,622491,4,19,0.14942528735632185,7.5,0.02642752478612878,0,0.0006984140663214511
823124,622491,4,19,0.14942528735632185,8.5,0.008610757626787745,0,7.414514690728332e-05
824423,622491,4,22,0.15204678362573099,3.5,0.5170310964712843,1,0.23325896177572988
824423,622491,4,22,0.15204678362573099,4.5,0.3131913130636277,0,0.09808879857851925
824423,622491,4,22,0.15204678362573099,5.5,0.1625119853772468,0,0.026410145391254473
824423,622491,4,22,0.15204678362573099,6.5,0.07246844804297214,0,0.0052516759617569535
824423,622491,4,22,0.15204678362573099,7.5,0.02788797585012505,0,0.000777739197017158
824423,622491,4,22,0.15204678362573099,8.5,0.009297456632790082,0,8.644269983861228e-05
823120,622491,4,26,0.15568862275449102,3.5,0.5166430088869246,1,0.23363398085788564
823120,622491,4,26,0.15568862275449102,4.5,0.3126953254841091,0,0.09777836657961293
823120,622491,4,26,0.15568862275449102,5.5,0.16228164823654948,0,0.02633533335437118
823120,622491,4,26,0.15568862275449102,6.5,0.07252742960317074,0,0.005260228044842888
823120,622491,4,26,0.15568862275449102,7.5,0.028056514788210838,0,0.0007871680220610935
823120,622491,4,26,0.15568862275449102,8.5,0.009436570316674915,0,8.904885934155011e-05
822955,622491,4,25,0.15476190476190477,3.5,0.516441977898248,1,0.2338283607389585
822955,622491,4,25,0.15476190476190477,4.5,0.3129220001610826,0,0.09792017818481259
822955,622491,4,25,0.15476190476190477,5.5,0.16270330710033495,0,0.026472366141385907
822955,622491,4,25,0.15476190476190477,6.5,0.07289389426004135,0,0.0053135198203940895
822955,622491,4,25,0.15476190476190477,7.5,0.02827553312228963,0,0.0007995057733496978
822955,622491,4,25,0.15476190476190477,8.5,0.009535985942404153,0,9.093502789372963e-05
823114,622491,3,27,0.16265060240963855,3.5,0.5481455580403021,0,0.3004635527993142
823114,622491,3,27,0.16265060240963855,4.5,0.3416992320565458,0,0.11675836518803313
823114,622491,3,27,0.16265060240963855,5.5,0.18297838577064304,0,0.033481089659230266
823114,622491,3,27,0.16265060240963855,6.5,0.08443002427681214,0,0.007128428999383087
823114,622491,3,27,0.16265060240963855,7.5,0.03371628565499234,0,0.001136787918369042
823114,622491,3,27,0.16265060240963855,8.5,0.011700589610985575,0,0.0001369037972447036
823923,622491,2,26,0.16766467065868262,3.5,0.577570647810865,0,0.3335878532126622
823923,622491,2,26,0.16766467065868262,4.5,0.3712430322369223,0,0.13782138898446453
823923,622491,2,26,0.16766467065868262,5.5,0.20601354133198796,0,0.04244157921214671
823923,622491,2,26,0.16766467065868262,6.5,0.09891916575508014,0,0.00978500135368102
823923,622491,2,26,0.16766467065868262,7.5,0.041252896622285984,0,0.0017018014797290143
823923,622491,2,26,0.16766467065868262,8.5,0.014996851912765416,0,0.0002249055672934157
823537,624133,6,25,0.2876712328767123,3.5,0.8473613529909487,1,0.023298556560753757
823537,624133,6,25,0.2876712328767123,4.5,0.7131377549399188,1,0.08228994764091006
823537,624133,6,25,0.2876712328767123,5.5,0.5548075421716326,1,0.19819632450726266
823537,624133,6,25,0.2876712328767123,6.5,0.39739580001515806,0,0.1579234218696875
823537,624133,6,25,0.2876712328767123,7.5,0.26081236754685333,0,0.0680230910653949
823537,624133,6,25,0.2876712328767123,8.5,0.1557294110752324,0,0.02425164947383871
824749,624133,7,23,0.27702702702702703,3.5,0.8305463724577732,1,0.02871453188721973
824749,624133,7,23,0.27702702702702703,4.5,0.6908937731396381,1,0.09554665948384954
824749,624133,7,23,0.27702702702702703,5.5,0.5313005818988988,1,0.21967914452831083
824749,624133,7,23,0.27702702702702703,6.5,0.37625213764348164,1,0.3890613957943262
824749,624133,7,23,0.27702702702702703,7.5,0.24392068333212444,0,0.05949729975721053
824749,624133,7,23,0.27702702702702703,8.5,0.1435177245714999,0,0.020597337266180904
823124,624133,5,24,0.2925170068027211,3.5,0.8576652546343975,1,0.020259179738290913
823124,624133,5,24,0.2925170068027211,4.5,0.729461476207127,1,0.07319109285602692
823124,624133,5,24,0.2925170068027211,5.5,0.5758775872332277,0,0.33163499547756375
823124,624133,5,24,0.2925170068027211,6.5,0.4204236733390108,0,0.17675606510386727
823124,624133,5,24,0.2925170068027211,7.5,0.282457169895403,0,0.07978205282532054
823124,624133,5,24,0.2925170068027211,8.5,0.17328464511232777,0,0.03002756823170538
824341,624133,9,27,0.2708333333333333,3.5,0.8100724729292037,1,0.03607246553922806
824341,624133,9,27,0.2708333333333333,4.5,0.657677998479935,1,0.11718435272470337
824341,624133,9,27,0.2708333333333333,5.5,0.487618039075303,1,0.26253527388103776
824341,624133,9,27,0.2708333333333333,6.5,0.32833968613190645,1,0.45112757722538593
824341,624133,9,27,0.2708333333333333,7.5,0.19953836348832302,1,0.6407388315269521
824341,624133,9,27,0.2708333333333333,8.5,0.10858590505809555,1,0.7946190886610948
824741,624133,8,24,0.272108843537415,3.5,0.8179697944817013,1,0.03313499572103407
824741,624133,8,24,0.272108843537415,4.5,0.6719777880625645,1,0.10759857152432786
824741,624133,8,24,0.272108843537415,5.5,0.5082251200478587,1,0.241842532551943
824741,624133,8,24,0.272108843537415,6.5,0.3526020309834432,1,0.4191241302867626
824741,624133,8,24,0.272108843537415,7.5,0.22324842667395423,1,0.6033430066644874
824741,624133,8,24,0.272108843537415,8.5,0.12803220492558617,0,0.01639224549810729
824010,624133,5,15,0.27564102564102566,3.5,0.8685998474104264,1,0.017266000100563228
824010,624133,5,15,0.27564102564102566,4.5,0.7442334566254851,1,0.0654165247097476
824010,624133,5,15,0.27564102564102566,5.5,0.5880769288677423,0,0.34583447426651565
824010,624133,5,15,0.27564102564102566,6.5,0.423956515730618,0,0.17973912723044574
824010,624133,5,15,0.27564102564102566,7.5,0.27635174848162775,0,0.07637028888885285
824010,624133,5,15,0.27564102564102566,8.5,0.1616244287337313,0,0.02612245596350499
824730,624133,6,15,0.2692307692307692,3.5,0.8565816485902722,1,0.020568823521084172
824730,624133,6,15,0.2692307692307692,4.5,0.7255870520881755,1,0.07530246598165768
824730,624133,6,15,0.2692307692307692,5.5,0.5648396617755522,1,0.18936451996361578
824730,624133,6,15,0.2692307692307692,6.5,0.3998820520522789,0,0.1599056555535415
824730,624133,6,15,0.2692307692307692,7.5,0.2552528288551711,0,0.06515400663856726
824730,624133,6,15,0.2692307692307692,8.5,0.14584737149831933,0,0.02127145577296877
823922,624133,2,18,0.3006535947712418,3.5,0.8886750953280493,0,0.7897434250563176
823922,624133,2,18,0.3006535947712418,4.5,0.7817326430530083,0,0.611105925214642
823922,624133,2,18,0.3006535947712418,5.5,0.6449766041675409,0,0.4159948199234927
823922,624133,2,18,0.3006535947712418,6.5,0.49481405388393407,0,0.24484094792105282
823922,624133,2,18,0.3006535947712418,7.5,0.34923479443099137,0,0.1219649416412568
823922,624133,2,18,0.3006535947712418,8.5,0.2240383106770393,0,0.05019316465102158
824919,625643,1,9,0.234375,3.5,0.6165977279090874,0,0.38019275806264896
824919,625643,1,9,0.234375,4.5,0.43368972386159554,0,0.188086776583147
824919,625643,1,9,0.234375,5.5,0.2723244725616801,0,0.07416061835599724
824919,625643,1,9,0.234375,6.5,0.15096175145797233,0,0.02278945040325861
824919,625643,1,9,0.234375,7.5,0.073175254909442,0,0.005354617931061816
824919,625643,1,9,0.234375,8.5,0.030825618421134182,0,0.000950218751045367
824908,625643,3,11,0.2222222222222222,3.5,0.5636101891631943,0,0.3176564453285716
824908,625643,3,11,0.2222222222222222,4.5,0.38499900187762587,0,0.14822423144676816
824908,625643,3,11,0.2222222222222222,5.5,0.23313298303651622,0,0.05435098777950456
824908,625643,3,11,0.2222222222222222,6.5,0.12353649364276631,0,0.01526126526154924
824908,625643,3,11,0.2222222222222222,7.5,0.056830714128773094,0,0.0032297300683863297
824908,625643,3,11,0.2222222222222222,8.5,0.022614035975320062,0,0.00051139462309307
823206,625643,1,12,0.24,3.5,0.60915279458353,0,0.3710671271489243
823206,625643,1,12,0.24,4.5,0.4391926456635452,0,0.19289018000494437
823206,625643,1,12,0.24,5.5,0.2845770076095494,0,0.08098407326000553
823206,625643,1,12,0.24,6.5,0.1628142804955019,0,0.02650848993326797
823206,625643,1,12,0.24,7.5,0.08129473129018722,0,0.006608833335543744
823206,625643,1,12,0.24,8.5,0.035223989999818454,0,0.0012407294715073105
824905,625643,6,18,0.21008403361344538,3.5,0.47218763923581775,1,0.27858588817545926
824905,625643,6,18,0.21008403361344538,4.5,0.3058834506532799,1,0.4817977840769977
824905,625643,6,18,0.21008403361344538,5.5,0.17746428316088106,1,0.6765650054760433
824905,625643,6,18,0.21008403361344538,6.5,0.09053341383845526,0,0.008196299021245001
824905,625643,6,18,0.21008403361344538,7.5,0.04007449956899992,0,0.001605965515705775
824905,625643,6,18,0.21008403361344538,8.5,0.015288243623100894,0,0.00023373039307928513
824900,625643,5,20,0.2222222222222222,3.5,0.4970294865095986,1,0.2529793374407981
824900,625643,5,20,0.2222222222222222,4.5,0.32889485871294016,1,0.45038211066192463
824900,625643,5,20,0.2222222222222222,5.5,0.19678767205604666,0,0.03872538787323817
824900,625643,5,20,0.2222222222222222,6.5,0.1046980553919982,0,0.010961682802865922
824900,625643,5,20,0.2222222222222222,7.5,0.04882724507119286,0,0.0023840998612423277
824900,625643,5,20,0.2222222222222222,8.5,0.019789488671554337,0,0.00039162386188157746
823030,625643,3,21,0.2413793103448276,3.5,0.5475768922907787,0,0.299840452970827
823030,625643,3,21,0.2413793103448276,4.5,0.37832369730968296,0,0.1431288199460686
823030,625643,3,21,0.2413793103448276,5.5,0.23873498850910232,0,0.05699439473844122
823030,625643,3,21,0.2413793103448276,6.5,0.13540794411991125,0,0.018335311330781007
823030,625643,3,21,0.2413793103448276,7.5,0.0679550315965287,0,0.0046178863192852145
823030,625643,3,21,0.2413793103448276,8.5,0.02986467832938676,0,0.0008918990117177431
824895,625643,6,23,0.21929824561403508,3.5,0.47281492431056893,1,0.27792410402967116
824895,625643,6,23,0.21929824561403508,4.5,0.30090900312358493,1,0.4887282219136598
824895,625643,6,23,0.21929824561403508,5.5,0.1711660841609946,1,0.6869656600450196
824895,625643,6,23,0.21929824561403508,6.5,0.08583092532007998,0,0.007366947741301147
824895,625643,6,23,0.21929824561403508,7.5,0.03750491188151623,0,0.0014066184152402973
824895,625643,6,23,0.21929824561403508,8.5,0.014188460080125519,0,0.00020131239944531546
824810,625643,6,23,0.21929824561403508,3.5,0.47281492431056893,1,0.27792410402967116
824810,625643,6,23,0.21929824561403508,4.5,0.30090900312358493,1,0.4887282219136598
824810,625643,6,23,0.21929824561403508,5.5,0.1711660841609946,1,0.6869656600450196
824810,625643,6,23,0.21929824561403508,6.5,0.08583092532007998,0,0.007366947741301147
824810,625643,6,23,0.21929824561403508,7.5,0.03750491188151623,0,0.0014066184152402973
824810,625643,6,23,0.21929824561403508,8.5,0.014188460080125519,0,0.00020131239944531546
823131,640455,4,16,0.2026431718061674,3.5,0.6937598463621043,1,0.09378303170016196
823131,640455,4,16,0.2026431718061674,4.5,0.4958609560252451,0,0.24587808771027006
823131,640455,4,16,0.2026431718061674,5.5,0.3094769621522252,0,0.09577599010296983
823131,640455,4,16,0.2026431718061674,6.5,0.16802242624671723,0,0.028231535721833532
823131,640455,4,16,0.2026431718061674,7.5,0.0793411808926461,0,0.006295022985439589
823131,640455,4,16,0.2026431718061674,8.5,0.032631584284978254,0,0.0010648202929476398
823291,640455,3,17,0.2079646017699115,3.5,0.7090229108822066,0,0.5027134881558775
823291,640455,3,17,0.2079646017699115,4.5,0.5158284249750952,0,0.2660789640122874
823291,640455,3,17,0.2079646017699115,5.5,0.3292107633083254,0,0.10837972667805024
823291,640455,3,17,0.2079646017699115,6.5,0.18339040831081962,0,0.03363204186040914
823291,640455,3,17,0.2079646017699115,7.5,0.08904656020564951,0,0.007929289884458363
823291,640455,3,17,0.2079646017699115,8.5,0.0377053162833221,0,0.0014216908760253544
823616,640455,6,22,0.19909502262443438,3.5,0.653104204876083,1,0.12033669267465459
823616,640455,6,22,0.19909502262443438,4.5,0.45409064418851414,1,0.2980170247625114
823616,640455,6,22,0.19909502262443438,5.5,0.2763481095126554,1,0.5236720586059077
823616,640455,6,22,0.19909502262443438,6.5,0.14687605968412704,0,0.021572576908335247
823616,640455,6,22,0.19909502262443438,7.5,0.06816344350223447,0,0.00464625503008231
823616,640455,6,22,0.19909502262443438,8.5,0.027638534900652583,0,0.0007638886114545908
823448,640455,5,23,0.20454545454545456,3.5,0.6709703267975744,1,0.10826052584769498
823448,640455,5,23,0.20454545454545456,4.5,0.4740253466288259,1,0.27664933598892677
823448,640455,5,23,0.20454545454545456,5.5,0.29387598529788633,0,0.0863630947348035
823448,640455,5,23,0.20454545454545456,6.5,0.15947022235457425,0,0.025430751817817353
823448,640455,5,23,0.20454545454545456,7.5,0.07572129482943521,0,0.005733714490646251
823448,640455,5,23,0.20454545454545456,8.5,0.03147800832518707,0,0.0009908650081205462
823611,640455,4,19,0.20535714285714285,3.5,0.6897650907688053,1,0.0962456989056876
823611,640455,4,19,0.20535714285714285,4.5,0.4952275292147993,0,0.2452503056921949
823611,640455,4,19,0.20535714285714285,5.5,0.3120955550513332,0,0.09740363548279975
823611,640455,4,19,0.20535714285714285,6.5,0.1718632750441739,0,0.029536985308909365
823611,640455,4,19,0.20535714285714285,7.5,0.0825677216033768,0,0.006817428650772736
823611,640455,4,19,0.20535714285714285,8.5,0.034606195181847405,0,0.0011975887449641185
822792,640455,4,23,0.20909090909090908,3.5,0.6881692135675836,1,0.09723843936705925
822792,640455,4,23,0.20909090909090908,4.5,0.4939290430596567,0,0.2439658995778282
822792,640455,4,23,0.20909090909090908,5.5,0.3119161999782805,0,0.09729171580889068
822792,640455,4,23,0.20909090909090908,6.5,0.17275071348258333,0,0.0298428090087416
822792,640455,4,23,0.20909090909090908,7.5,0.08384322155306442,0,0.007029685800396247
822792,640455,4,23,0.20909090909090908,8.5,0.035665446118977776,0,0.001272024046865707
824903,640455,4,24,0.2100456621004566,3.5,0.6886164880524839,1,0.09695969151276891
824903,640455,4,24,0.2100456621004566,4.5,0.49397507026700843,0,0.2440113700452959
824903,640455,4,24,0.2100456621004566,5.5,0.31158689636425674,0,0.09708639398591007
824903,640455,4,24,0.2100456621004566,6.5,0.1722955906580145,0,0.029685770560194093
824903,640455,4,24,0.2100456621004566,7.5,0.08347855928448417,0,0.006968669860213138
824903,640455,4,24,0.2100456621004566,8.5,0.03545694433419803,0,0.0012571949015184175
823606,640455,6,27,0.2037037037037037,3.5,0.6565842286562853,1,0.11793439200759855
823606,640455,6,27,0.2037037037037037,4.5,0.45509451251254945,1,0.2969219902939362
823606,640455,6,27,0.2037037037037037,5.5,0.27464955303611926,1,0.5261332709107016
823606,640455,6,27,0.2037037037037037,6.5,0.14384091040622926,0,0.020690207506492874
823606,640455,6,27,0.2037037037037037,7.5,0.0653036901675986,0,0.004264571949505714
823606,640455,6,27,0.2037037037037037,8.5,0.02568766779052564,0,0.0006598562765164084
823441,640455,7,24,0.1963470319634703,3.5,0.6350850419730547,1,0.13316292659180726
823441,640455,7,24,0.1963470319634703,4.5,0.4335596397812012,1,0.3208546816848026
823441,640455,7,24,0.1963470319634703,5.5,0.2582412764814402,1,0.5502060039158834
823441,640455,7,24,0.1963470319634703,6.5,0.13406580400617182,1,0.7498420317914776
823441,640455,7,24,0.1963470319634703,7.5,0.06072346278610535,0,0.0036873389327355217
823441,640455,7,24,0.1963470319634703,8.5,0.0240350622095235,0,0.0005776842154156647
823601,640455,3,24,0.2146118721461187,3.5,0.7052310733262113,0,0.49735086678484
823601,640455,3,24,0.2146118721461187,4.5,0.5136679743895464,0,0.2638547879134597
823601,640455,3,24,0.2146118721461187,5.5,0.3298536758971031,0,0.10880344750283115
823601,640455,3,24,0.2146118721461187,6.5,0.186053014091883,0,0.03461572405267441
823601,640455,3,24,0.2146118721461187,7.5,0.09208726486312852,0,0.008480064349971984
823601,640455,3,24,0.2146118721461187,8.5,0.040000605000656705,0,0.0016000484004185622
823596,640455,4,24,0.2100456621004566,3.5,0.6886164880524839,1,0.09695969151276891
823596,640455,4,24,0.2100456621004566,4.5,0.49397507026700843,0,0.2440113700452959
823596,640455,4,24,0.2100456621004566,5.5,0.31158689636425674,0,0.09708639398591007
823596,640455,4,24,0.2100456621004566,6.5,0.1722955906580145,0,0.029685770560194093
823596,640455,4,24,0.2100456621004566,7.5,0.08347855928448417,0,0.006968669860213138
823596,640455,4,24,0.2100456621004566,8.5,0.03545694433419803,0,0.0012571949015184175
823455,641743,4,21,0.20465116279069767,3.5,0.6552043400423909,1,0.11888404712560319
823455,641743,4,21,0.20465116279069767,4.5,0.45519406706856896,0,0.20720163869442487
823455,641743,4,21,0.20465116279069767,5.5,0.2757425435354233,0,0.07603395031538483
823455,641743,4,21,0.20465116279069767,6.5,0.14527606701611825,0,0.02110513564767168
823455,641743,4,21,0.20465116279069767,7.5,0.06665116376160732,0,0.004442377630776597
823455,641743,4,21,0.20465116279069767,8.5,0.02672001666218954,0,0.0007139592904276866
824588,641743,7,22,0.19158878504672897,3.5,0.5978786033395089,1,0.161701617652184
824588,641743,7,22,0.19158878504672897,4.5,0.39328915299722633,1,0.36809805187082306
824588,641743,7,22,0.19158878504672897,5.5,0.22384486201625978,1,0.6024167982185589
824588,641743,7,22,0.19158878504672897,6.5,0.11026372948735377,1,0.7916306310657528
824588,641743,7,22,0.19158878504672897,7.5,0.047168797496042865,0,0.0022248954572226995
824588,641743,7,22,0.19158878504672897,8.5,0.017611801458327882,0,0.00031017555060756013
823536,641743,2,21,0.21395348837209302,3.5,0.6903273637439131,0,0.47655186913362096
823536,641743,2,21,0.21395348837209302,4.5,0.49558177314302726,0,0.24560129387158694
823536,641743,2,21,0.21395348837209302,5.5,0.31189415075172583,0,0.09727796127314028
823536,641743,2,21,0.21395348837209302,6.5,0.17136759197796883,0,0.029366851580327608
823536,641743,2,21,0.21395348837209302,7.5,0.08220191393473672,0,0.006757154654533863
823536,641743,2,21,0.21395348837209302,8.5,0.0345120602935758,0,0.0011910823057074114
824585,641743,8,24,0.18867924528301888,3.5,0.5782432237713896,1,0.17787877829475016
824585,641743,8,24,0.18867924528301888,4.5,0.37237977811480516,1,0.3939071429192212
824585,641743,8,24,0.18867924528301888,5.5,0.20666532796323553,1,0.6293799018556806
824585,641743,8,24,0.18867924528301888,6.5,0.09897579818347092,1,0.8118446122591133
824585,641743,8,24,0.18867924528301888,7.5,0.04109219345070473,1,0.9195041814611807
824585,641743,8,24,0.18867924528301888,8.5,0.014884256043934096,0,0.00022154107798138867
824580,641743,2,21,0.21395348837209302,3.5,0.6903273637439131,0,0.47655186913362096
824580,641743,2,21,0.21395348837209302,4.5,0.49558177314302726,0,0.24560129387158694
824580,641743,2,21,0.21395348837209302,5.5,0.31189415075172583,0,0.09727796127314028
824580,641743,2,21,0.21395348837209302,6.5,0.17136759197796883,0,0.029366851580327608
824580,641743,2,21,0.21395348837209302,7.5,0.08220191393473672,0,0.006757154654533863
824580,641743,2,21,0.21395348837209302,8.5,0.0345120602935758,0,0.0011910823057074114
824417,641743,2,14,0.2072072072072072,3.5,0.6984222437668206,0,0.4877936305882802
824417,641743,2,14,0.2072072072072072,4.5,0.49649051115432075,0,0.2465028276662787
824417,641743,2,14,0.2072072072072072,5.5,0.306214477167535,0,0.09376730602698682
824417,641743,2,14,0.2072072072072072,6.5,0.16339753103329702,0,0.02669875314777726
824417,641743,2,14,0.2072072072072072,7.5,0.07560224734568645,0,0.0057156998037183535
824417,641743,2,14,0.2072072072072072,8.5,0.03047646545485042,0,0.0009288149466206909
824577,641743,4,22,0.205607476635514,3.5,0.6551572586314506,1,0.11891651627457626
824577,641743,4,22,0.205607476635514,4.5,0.4549892824711949,0,0.2070152471636528
824577,641743,4,22,0.205607476635514,5.5,0.27554040839370075,0,0.07592251665776739
824577,641743,4,22,0.205607476635514,6.5,0.14519075076509533,0,0.02108035410773203
824577,641743,4,22,0.205607476635514,7.5,0.0666745702505787,0,0.004445498318099354
824577,641743,4,22,0.205607476635514,8.5,0.0267851309218548,0,0.0007174432385009023
822789,641743,5,19,0.19815668202764977,3.5,0.6377021787994507,1,0.13125971124666522
822789,641743,5,19,0.19815668202764977,4.5,0.43521423236974466,1,0.31898296331769677
822789,641743,5,19,0.19815668202764977,5.5,0.2578458831506775,0,0.06648449945775285
822789,641743,5,19,0.19815668202764977,6.5,0.13231091235430825,0,0.01750617752802944
822789,641743,5,19,0.19815668202764977,7.5,0.05889815400739367,0,0.003468992545478663
822789,641743,5,19,0.19815668202764977,8.5,0.02283303355143395,0,0.0005213474211609085
822873,641743,4,22,0.205607476635514,3.5,0.6551572586314506,1,0.11891651627457626
822873,641743,4,22,0.205607476635514,4.5,0.4549892824711949,0,0.2070152471636528
822873,641743,4,22,0.205607476635514,5.5,0.27554040839370075,0,0.07592251665776739
822873,641743,4,22,0.205607476635514,6.5,0.14519075076509533,0,0.02108035410773203
822873,641743,4,22,0.205607476635514,7.5,0.0666745702505787,0,0.004445498318099354
822873,641743,4,22,0.205607476635514,8.5,0.0267851309218548,0,0.0007174432385009023
824569,641743,7,23,0.19248826291079812,3.5,0.5980714733244568,1,0.16154654055557288
824569,641743,7,23,0.19248826291079812,4.5,0.39314628134370344,1,0.3682714358469755
824569,641743,7,23,0.19248826291079812,5.5,0.22351694950917705,1,0.6029259276995338
824569,641743,7,23,0.19248826291079812,6.5,0.10996027094106324,1,0.7921707193033056
824569,641743,7,23,0.19248826291079812,7.5,0.046986705287891395,0,0.002207750473811161
824569,641743,7,23,0.19248826291079812,8.5,0.017535891712993915,0,0.0003075074981698487
822943,641743,3,27,0.215311004784689,3.5,0.6781482941660514,0,0.45988510888032536
822943,641743,3,27,0.215311004784689,4.5,0.4777247954903593,0,0.2282209802263056
822943,641743,3,27,0.215311004784689,5.5,0.2921429642950221,0,0.08534751158708256
822943,641743,3,27,0.215311004784689,6.5,0.15413172815648682,0,0.02375658962450515
822943,641743,3,27,0.215311004784689,7.5,0.06997954951152506,0,0.004897137349835988
822943,641743,3,27,0.215311004784689,8.5,0.027323810217688,0,0.0007465906048122311
825079,641778,1,20,0.15432098765432098,3.5,0.4836761251910858,0,0.23394259407986293
825079,641778,1,20,0.15432098765432098,4.5,0.283471776069272,0,0.08035624782786749
825079,641778,1,20,0.15432098765432098,5.5,0.14256408671984153,0,0.020324518822262494
825079,641778,1,20,0.15432098765432098,6.5,0.06200700630596946,0,0.0038448688310285368
825079,641778,1,20,0.15432098765432098,7.5,0.02350532448815177,0,0.0005525002792933073
825079,641778,1,20,0.15432098765432098,8.5,0.007813512851403694,0,6.105098307905068e-05
823374,641778,5,20,0.12962962962962962,3.5,0.3521257636064657,1,0.41974102618250525
823374,641778,5,20,0.12962962962962962,4.5,0.1777795234021358,1,0.676046512136819
823374,641778,5,20,0.12962962962962962,5.5,0.07613508369190866,0,0.005796550968773936
823374,641778,5,20,0.12962962962962962,6.5,0.027977145246693227,0,0.0007827206561545694
823374,641778,5,20,0.12962962962962962,7.5,0.008907647146966817,0,7.934617769486607e-05
823374,641778,5,20,0.12962962962962962,8.5,0.0024751145299259283,0,6.126191936250449e-06
823938,641778,4,26,0.14102564102564102,3.5,0.38477570636092207,1,0.3785009314837024
823938,641778,4,26,0.14102564102564102,4.5,0.20167498873738138,0,0.040672801082222904
823938,641778,4,26,0.14102564102564102,5.5,0.09001900083625554,0,0.008103420511557775
823938,641778,4,26,0.14102564102564102,6.5,0.03467968546614367,0,0.0012026805840306563
823938,641778,4,26,0.14102564102564102,7.5,0.011672039936478782,0,0.00013623651627875562
823938,641778,4,26,0.14102564102564102,8.5,0.0034636363717375127,0,1.1996776915623001e-05
823692,641778,2,21,0.14906832298136646,3.5,0.4510233906208401,0,0.20342209888711893
823692,641778,2,21,0.14906832298136646,4.5,0.25589234234061914,0,0.06548089086856862
823692,641778,2,21,0.14906832298136646,5.5,0.12442527264381703,0,0.015481648472488202
823692,641778,2,21,0.14906832298136646,6.5,0.052313655632944434,0,0.0027367185656822987
823692,641778,2,21,0.14906832298136646,7.5,0.01917368517834705,0,0.00036763020331836527
823692,641778,2,21,0.14906832298136646,8.5,0.0061631090598367605,0,3.798391328344196e-05
824986,641778,2,28,0.15584415584415584,3.5,0.45242725941635586,0,0.20469042506299456
824986,641778,2,28,0.15584415584415584,4.5,0.25374773028644426,0,0.06438791062552206
824986,641778,2,28,0.15584415584415584,5.5,0.1208533295571033,0,0.014605527265037818
824986,641778,2,28,0.15584415584415584,6.5,0.04933277586027532,0,0.0024337227740801634
824986,641778,2,28,0.15584415584415584,7.5,0.017428636610903034,0,0.0003037573741149096
824986,641778,2,28,0.15584415584415584,8.5,0.005373766260345695,0,2.8877363820829754e-05
823930,641778,3,26,0.14743589743589744,3.5,0.41799348994276075,0,0.17471855763452884
823930,641778,3,26,0.14743589743589744,4.5,0.22761547527041162,0,0.05180880458257536
823930,641778,3,26,0.14743589743589744,5.5,0.10582342373506728,0,0.011198597011011602
823930,641778,3,26,0.14743589743589744,6.5,0.04253268305206122,0,0.0018090291276070957
823930,641778,3,26,0.14743589743589744,7.5,0.014952669102701184,0,0.00022358231329487464
823930,641778,3,26,0.14743589743589744,8.5,0.004639842661514036,0,2.1528139923605656e-05
823438,641778,5,21,0.13043478260869565,3.5,0.3520779668277379,1,0.419802961070078
823438,641778,5,21,0.13043478260869565,4.5,0.1781549427761481,1,0.6754292980832765
823438,641778,5,21,0.13043478260869565,5.5,0.07660179236284413,0,0.0058678345932002855
823438,641778,5,21,0.13043478260869565,6.5,0.028312124629223865,0,0.0008015764010207046
823438,641778,5,21,0.13043478260869565,7.5,0.009080852701290923,0,8.246188578254266e-05
823438,641778,5,21,0.13043478260869565,8.5,0.002544799019327834,0,6.4760020487719055e-06
823924,641778,4,20,0.13580246913580246,3.5,0.38536234830617877,1,0.3777794428796951
823924,641778,4,20,0.13580246913580246,4.5,0.20262072467834416,0,0.041055158069177346
823924,641778,4,20,0.13580246913580246,5.5,0.09062236672524207,0,0.008212413350884261
823924,641778,4,20,0.13580246913580246,6.5,0.03484415719055492,0,0.0012141152903201002
823924,641778,4,20,0.13580246913580246,7.5,0.011624829043022113,0,0.0001351366502794904
823924,641778,4,20,0.13580246913580246,8.5,0.0033886158695194163,0,1.148271751115883e-05
825075,641793,4,19,0.1638418079096045,3.5,0.4024690725493183,1,0.3570432092600718
825075,641793,4,19,0.1638418079096045,4.5,0.22992730755927257,0,0.05286656676145632
825075,641793,4,19,0.1638418079096045,5.5,0.11589316336905277,0,0.013431225315685955
825075,641793,4,19,0.1638418079096045,6.5,0.052120059002455255,0,0.0027165005504194172
825075,641793,4,19,0.1638418079096045,7.5,0.021132695699750976,0,0.0004465908275382734
825075,641793,4,19,0.1638418079096045,8.5,0.007781033754713345,0,6.0544486291988464e-05
822726,641793,0,10,0.1774193548387097,3.5,0.49860058063170754,0,0.24860253900627588
822726,641793,0,10,0.1774193548387097,4.5,0.3024501244425838,0,0.09147607777533442
822726,641793,0,10,0.1774193548387097,5.5,0.1609131213895827,0,0.025893032635338573
822726,641793,0,10,0.1774193548387097,6.5,0.07621380212148904,0,0.005808543633813487
822726,641793,0,10,0.1774193548387097,7.5,0.03260234997730731,0,0.0010629132240428298
822726,641793,0,10,0.1774193548387097,8.5,0.0127295764956738,0,0.00016204211775921088
822721,641793,2,24,0.18023255813953487,3.5,0.4484906465020313,0,0.20114385999981
822721,641793,2,24,0.18023255813953487,4.5,0.2671473893235985,0,0.0713677276224143
822721,641793,2,24,0.18023255813953487,5.5,0.1411108096490908,0,0.01991226059982194
822721,641793,2,24,0.18023255813953487,6.5,0.06716411157868338,0,0.004511017884153831
822721,641793,2,24,0.18023255813953487,7.5,0.029264599257326267,0,0.0008564167696919011
822721,641793,2,24,0.18023255813953487,8.5,0.011791583711212406,0,0.00013904144641852973
822718,641793,5,16,0.15555555555555556,3.5,0.37973321531942855,1,0.3847308841779743
822718,641793,5,16,0.15555555555555556,4.5,0.2096024785016694,1,0.6247282419907039
822718,641793,5,16,0.15555555555555556,5.5,0.10119047725824967,0,0.010239512687752344
822718,641793,5,16,0.15555555555555556,6.5,0.043285167829266495,0,0.0018736057540077672
822718,641793,5,16,0.15555555555555556,7.5,0.016618201970062158,0,0.0002761646367177778
822718,641793,5,16,0.15555555555555556,8.5,0.005781107804628376,0,3.342120744873512e-05
824821,641793,3,20,0.17045454545454544,3.5,0.425562865484436,0,0.18110375247932417
824821,641793,3,20,0.17045454545454544,4.5,0.2494610996756228,0,0.06223084025137102
824821,641793,3,20,0.17045454545454544,5.5,0.12950925178959197,0,0.01677264629909993
824821,641793,3,20,0.17045454545454544,6.5,0.06021667774622311,0,0.003626048278792481
824821,641793,3,20,0.17045454545454544,7.5,0.02533187809280736,0,0.0006417040477088535
824821,641793,3,20,0.17045454545454544,8.5,0.009705791313647379,0,9.420238502407292e-05
822716,641793,3,22,0.1724137931034483,3.5,0.42482454355037785,0,0.1804758928027869
822716,641793,3,22,0.1724137931034483,4.5,0.24834447398501036,0,0.06167497775889149
822716,641793,3,22,0.1724137931034483,5.5,0.12880512591697285,0,0.016590760462487232
822716,641793,3,22,0.1724137931034483,6.5,0.06008597297647097,0,0.0036103241485291996
822716,641793,3,22,0.1724137931034483,7.5,0.02550892138586396,0,0.0006507050702701877
822716,641793,3,22,0.1724137931034483,8.5,0.009920672729488862,0,9.841974740562398e-05
822709,641793,5,15,0.15469613259668508,3.5,0.3798249149748933,1,0.38461713608589826
822709,641793,5,15,0.15469613259668508,4.5,0.208729878387071,1,0.6261084053573395
822709,641793,5,15,0.15469613259668508,5.5,0.10013216189620891,0,0.010026449846008591
822709,641793,5,15,0.15469613259668508,6.5,0.042521468014289215,0,0.0018080752420902208
822709,641793,5,15,0.15469613259668508,7.5,0.016205246767036073,0,0.0002626100227805331
822709,641793,5,15,0.15469613259668508,8.5,0.005598374748315685,0,3.134179982257871e-05
824979,641793,4,30,0.1746987951807229,3.5,0.4072398201279853,1,0.3513646308419032
824979,641793,4,30,0.1746987951807229,4.5,0.2247522431745681,0,0.05051357081200019
824979,641793,4,30,0.1746987951807229,5.5,0.10577910658474853,0,0.011189219389867588
824979,641793,4,30,0.1746987951807229,6.5,0.04258285757910391,0,0.0018132997596022474
824979,641793,4,30,0.1746987951807229,7.5,0.014725164526426927,0,0.00021683047033034194
824979,641793,4,30,0.1746987951807229,8.5,0.004393520857058975,0,1.9303025521412228e-05
822707,641793,5,20,0.1590909090909091,3.5,0.37806419591766993,1,0.3868041443995345
822707,641793,5,20,0.1590909090909091,4.5,0.2102936993369273,1,0.6236360413069554
822707,641793,5,20,0.1590909090909091,5.5,0.10320655449513906,0,0.01065159289075811
822707,641793,5,20,0.1590909090909091,6.5,0.04524492520680373,0,0.0020471032569692638
822707,641793,5,20,0.1590909090909091,7.5,0.017903591119934996,0,0.00032053857498981524
822707,641793,5,20,0.1590909090909091,8.5,0.006435367918089383,0,4.141396024117408e-05
822702,641793,2,20,0.17613636363636365,3.5,0.4488732146592115,0,0.20148716283849455
822702,641793,2,20,0.17613636363636365,4.5,0.2696180568523903,0,0.07269389658085879
822702,641793,2,20,0.17613636363636365,5.5,0.1437017956327621,0,0.02065020606808013
822702,641793,2,20,0.17613636363636365,6.5,0.06868414127307244,0,0.004717511262419373
822702,641793,2,20,0.17613636363636365,7.5,0.029735792619599882,0,0.0008842173627158508
822702,641793,2,20,0.17613636363636365,8.5,0.011740051482046493,0,0.00013782880880110204
823208,641816,4,19,0.20588235294117646,3.5,0.6989683741953119,1,0.09062003973461377
823208,641816,4,19,0.20588235294117646,4.5,0.5037065005611137,0,0.2537202387075232
823208,641816,4,19,0.20588235294117646,5.5,0.31999399846004567,0,0.10239615905044772
823208,641816,4,19,0.20588235294117646,6.5,0.1797044566712727,0,0.032293691747517325
823208,641816,4,19,0.20588235294117646,7.5,0.08981460358104018,0,0.008066663016419395
823208,641816,4,19,0.20588235294117646,8.5,0.04023922837070912,0,0.0016191954998700817
825065,641816,3,19,0.21323529411764705,3.5,0.7260109850737284,0,0.5270919504477255
825065,641816,3,19,0.21323529411764705,4.5,0.5361437791145709,0,0.2874501518832538
825065,641816,3,19,0.21323529411764705,5.5,0.3503001484665708,0,0.12271019401570156
825065,641816,3,19,0.21323529411764705,6.5,0.20279574221792845,0,0.04112611306172049
825065,641816,3,19,0.21323529411764705,7.5,0.10464663073611366,0,0.010950917324420528
825065,641816,3,19,0.21323529411764705,8.5,0.04846772999888091,0,0.0023491208512444206
824333,641816,5,21,0.20149253731343283,3.5,0.6679092492272881,1,0.11028426674878344
824333,641816,5,21,0.20149253731343283,4.5,0.4693388249518537,1,0.28160128270347934
824333,641816,5,21,0.20149253731343283,5.5,0.29067920934915636,0,0.08449440274785067
824333,641816,5,21,0.20149253731343283,6.5,0.15951514202751269,0,0.025445080536057544
824333,641816,5,21,0.20149253731343283,7.5,0.07818010176782438,0,0.006112128312427376
824333,641816,5,21,0.20149253731343283,8.5,0.03446271901562207,0,0.001187679001949719
823198,641816,4,29,0.2222222222222222,3.5,0.7108291200776309,1,0.08361979779507722
823198,641816,4,29,0.2222222222222222,4.5,0.5104272299462729,0,0.2605359570706253
823198,641816,4,29,0.2222222222222222,5.5,0.3182300664118775,0,0.10127037516850797
823198,641816,4,29,0.2222222222222222,6.5,0.17168360745556233,0,0.029475261068955615
823198,641816,4,29,0.2222222222222222,7.5,0.08029829391174453,0,0.0064478160051369094
823198,641816,4,29,0.2222222222222222,8.5,0.03270031523291853,0,0.0010693106163322439
824085,641816,4,22,0.21052631578947367,3.5,0.6961319606986406,1,0.09233578530885252
824085,641816,4,22,0.21052631578947367,4.5,0.5015560567917191,0,0.25155847810445814
824085,641816,4,22,0.21052631578947367,5.5,0.31970450061867495,0,0.10221096771583633
824085,641816,4,22,0.21052631578947367,6.5,0.18120356602235382,0,0.03283473233921754
824085,641816,4,22,0.21052631578947367,7.5,0.09208782117783795,0,0.00848016680928146
824085,641816,4,22,0.21052631578947367,8.5,0.042279717702926024,0,0.0017875745290391162
823195,641816,3,20,0.21481481481481482,3.5,0.7244195529858556,0,0.5247836887482268
823195,641816,3,20,0.21481481481481482,4.5,0.5351524013104971,0,0.2863880926283914
823195,641816,3,20,0.21481481481481482,5.5,0.3504170308445468,0,0.12279209550590806
823195,641816,3,20,0.21481481481481482,6.5,0.20379608854545678,0,0.04153284570642766
823195,641816,3,20,0.21481481481481482,7.5,0.10591530256264178,0,0.011218051316935953
823195,641816,3,20,0.21481481481481482,8.5,0.049514877942721004,0,0.002451723137682559
823269,641816,9,25,0.17692307692307693,3.5,0.53844957764023,1,0.21302879238048203
823269,641816,9,25,0.17692307692307693,4.5,0.33368909029821764,1,0.4439702283876167
823269,641816,9,25,0.17692307692307693,5.5,0.1796142884899295,1,0.6730327156498848
823269,641816,9,25,0.17692307692307693,6.5,0.08513055573407752,1,0.8369861000514377
823269,641816,9,25,0.17692307692307693,7.5,0.03607199727710586,1,0.9291571944333478
823269,641816,9,25,0.17692307692307693,8.5,0.013832477658361014,1,0.9725263821214469
823683,641927,5,19,0.18181818181818182,3.5,0.5842025656255841,1,0.17288750643234665
823683,641927,5,19,0.18181818181818182,4.5,0.3703818702316732,1,0.39641898933296554
823683,641927,5,19,0.18181818181818182,5.5,0.19950164826561662,0,0.03980090766069781
823683,641927,5,19,0.18181818181818182,6.5,0.09133054808689055,0,0.008341269013851826
823683,641927,5,19,0.18181818181818182,7.5,0.035653320001776755,0,0.0012711592271490945
823683,641927,5,19,0.18181818181818182,8.5,0.011917474444864316,0,0.00014202619714399404
824655,641927,7,21,0.15625,3.5,0.43153187108719815,1,0.3231560135896219
824655,641927,7,21,0.15625,4.5,0.2345108190787594,1,0.5859736861074719
824655,641927,7,21,0.15625,5.5,0.10707691809980042,1,0.7973116301901504
824655,641927,7,21,0.15625,6.5,0.04136954947981405,1,0.9189723406645346
824655,641927,7,21,0.15625,7.5,0.013626152134753032,0,0.00018567202199943462
824655,641927,7,21,0.15625,8.5,0.0038512722697273314,0,1.483229809557071e-05
824408,641927,2,21,0.234375,3.5,0.7640003972705727,0,0.5836966070295929
824408,641927,2,21,0.234375,4.5,0.5775762844723149,0,0.3335943643848444
824408,641927,2,21,0.234375,5.5,0.3828318086386377,0,0.1465601937055305
824408,641927,2,21,0.234375,6.5,0.22091372733726805,0,0.04880287492604481
824408,641927,2,21,0.234375,7.5,0.11079941688023687,0,0.012276510781000519
824408,641927,2,21,0.234375,8.5,0.04834431940689215,0,0.002337173218915609
823674,641927,3,24,0.22950819672131148,3.5,0.7179367154714023,0,0.5154331274218652
823674,641927,3,24,0.22950819672131148,4.5,0.5145715511172856,0,0.26478388121924923
823674,641927,3,24,0.22950819672131148,5.5,0.31716219904472515,0,0.10059186050288585
823674,641927,3,24,0.22950819672131148,6.5,0.16672325376840538,0,0.0277966433471241
823674,641927,3,24,0.22950819672131148,7.5,0.07449238514456477,0,0.005549115444526174
823674,641927,3,24,0.22950819672131148,8.5,0.028251044562715183,0,0.0007981215188845191
823535,642232,3,10,0.08571428571428572,3.5,0.018251473839474643,0,0.0003331162973130273
823535,642232,3,10,0.08571428571428572,4.5,0.0034237363660476338,0,1.1721970704197056e-05
823535,642232,3,10,0.08571428571428572,5.5,0.0005258782052942266,0,2.7654788680347675e-07
823535,642232,3,10,0.08571428571428572,6.5,6.593698142757552e-05,0,4.347685519780439e-09
823535,642232,3,10,0.08571428571428572,7.5,6.6920347221900225e-06,0,4.478332872299689e-11
823535,642232,3,10,0.08571428571428572,8.5,5.445797743202204e-07,0,2.9656713059866224e-13
823528,642232,0,9,0.16666666666666666,3.5,0.13678362946009578,0,0.018709761288276783
823528,642232,0,9,0.16666666666666666,4.5,0.04810506415305857,0,0.0023140971971698805
823528,642232,0,9,0.16666666666666666,5.5,0.014221892941838801,0,0.00020226223884912433
823528,642232,0,9,0.16666666666666666,6.5,0.0035345715249565104,0,1.249319586503339e-05
823528,642232,0,9,0.16666666666666666,7.5,0.0007291236954517981,0,5.316213632692864e-07
823528,642232,0,9,0.16666666666666666,8.5,0.00012270519134511908,0,1.5056563983042288e-08
823521,642232,1,10,0.14285714285714285,3.5,0.08572921414806202,0,0.007349498158444277
823521,642232,1,10,0.14285714285714285,4.5,0.026337038148348556,0,0.0006936395784275671
823521,642232,1,10,0.14285714285714285,5.5,0.006780952079836565,0,4.5981311109039835e-05
823521,642232,1,10,0.14285714285714285,6.5,0.0014531557812471234,0,2.1116617245719375e-06
823521,642232,1,10,0.14285714285714285,7.5,0.0002554921586351673,0,6.52762431240575e-08
823521,642232,1,10,0.14285714285714285,8.5,3.6314771954054924e-05,0,1.3187626620750142e-09
823433,642232,2,16,0.13793103448275862,3.5,0.033903932843479284,0,0.0011494766622551532
823433,642232,2,16,0.13793103448275862,4.5,0.005867809224983006,0,3.443118510079567e-05
823433,642232,2,16,0.13793103448275862,5.5,0.0007164834847536617,0,5.133485839247505e-07
823433,642232,2,16,0.13793103448275862,6.5,6.0521385326007476e-05,0,3.662838081779073e-09
823433,642232,2,16,0.13793103448275862,7.5,3.3711437877465222e-06,0,1.1364610437661968e-11
823433,642232,2,16,0.13793103448275862,8.5,1.1153546287262635e-07,0,1.244015947821101e-14
823941,642546,1,12,0.14285714285714285,3.5,0.05117802171960003,0,0.0026191899071318523
823941,642546,1,12,0.14285714285714285,4.5,0.01047579570413973,0,0.00010974229563487242
823941,642546,1,12,0.14285714285714285,5.5,0.0015566992207519037,0,2.4233124638895842e-06
823941,642546,1,12,0.14285714285714285,6.5,0.00016653140466830772,0,2.773270874079966e-08
823941,642546,1,12,0.14285714285714285,7.5,1.250526757276553e-05,0,1.563817170664611e-10
823941,642546,1,12,0.14285714285714285,8.5,6.255921052902072e-07,0,3.913654822014337e-13
824588,642546,1,10,0.13043478260869565,3.5,0.05251800849202222,0,0.002758141215968118
824588,642546,1,10,0.13043478260869565,4.5,0.011144650586092892,0,0.00012420323668610065
824588,642546,1,10,0.13043478260869565,5.5,0.0017536789708413893,0,3.0753899327713143e-06
824588,642546,1,10,0.13043478260869565,6.5,0.00020451993755239549,0,4.1828404856435746e-08
824588,642546,1,10,0.13043478260869565,7.5,1.7461618906955725e-05,0,3.0490813485175367e-10
824588,642546,1,10,0.13043478260869565,8.5,1.0610832229013136e-06,0,1.1258976059226387e-12
823934,642546,2,11,0.09090909090909091,3.5,0.013885413809102203,0,0.00019280471665000614
823934,642546,2,11,0.09090909090909091,4.5,0.0019510965317607917,0,3.80677767624899e-06
823934,642546,2,11,0.09090909090909091,5.5,0.00020353394894657056,0,4.1426068373785196e-08
823934,642546,2,11,0.09090909090909091,6.5,1.584446577428476e-05,0,2.510470956724811e-10
823934,642546,2,11,0.09090909090909091,7.5,9.134256563774512e-07,0,8.343464297285776e-13
823934,642546,2,11,0.09090909090909091,8.5,3.8067142422673985e-08,0,1.4491073322281454e-15
823130,642547,6,24,0.1921182266009852,3.5,0.6441947192425549,1,0.12659739781488433
823130,642547,6,24,0.1921182266009852,4.5,0.43902108046169286,1,0.31469734816636646
823130,642547,6,24,0.1921182266009852,5.5,0.26004605202655257,1,0.5475318451214912
823130,642547,6,24,0.1921182266009852,6.5,0.13417229818014642,0,0.018002205598942122
823130,642547,6,24,0.1921182266009852,7.5,0.06063512355928589,0,0.0036766182090498664
823130,642547,6,24,0.1921182266009852,8.5,0.02415266332042367,0,0.000583351145469739
823620,642547,5,28,0.20100502512562815,3.5,0.6695136083898743,1,0.10922125503948138
823620,642547,5,28,0.20100502512562815,4.5,0.46406041283833005,1,0.28723124108702114
823620,642547,5,28,0.20100502512562815,5.5,0.2783213697812845,0,0.07746278487693052
823620,642547,5,28,0.20100502512562815,6.5,0.14418835172430614,0,0.020790280772972215
823620,642547,5,28,0.20100502512562815,7.5,0.06466615326185672,0,0.004181711377685943
823620,642547,5,28,0.20100502512562815,8.5,0.025197449214267226,0,0.0006349114469055761
823615,642547,2,20,0.20772946859903382,3.5,0.7230524137374674,0,0.5228047930115778
823615,642547,2,20,0.20772946859903382,4.5,0.5299905303080757,0,0.28088996221623536
823615,642547,2,20,0.20772946859903382,5.5,0.3409871987877057,0,0.11627226973708633
823615,642547,2,20,0.20772946859903382,6.5,0.1920579386147859,0,0.03688625178496087
823615,642547,2,20,0.20772946859903382,7.5,0.09487373927838835,0,0.009001026404663609
823615,642547,2,20,0.20772946859903382,8.5,0.04125598541468588,0,0.001702056332536774
823447,642547,2,19,0.20673076923076922,3.5,0.7241581671349727,0,0.524405051028283
823447,642547,2,19,0.20673076923076922,4.5,0.5304798339794579,0,0.2814088542588732
823447,642547,2,19,0.20673076923076922,5.5,0.3406364925705179,0,0.11603322007074451
823447,642547,2,19,0.20673076923076922,6.5,0.19119615047259653,0,0.036555967955539774
823447,642547,2,19,0.20673076923076922,7.5,0.09398485745094735,0,0.008833153430074894
823447,642547,2,19,0.20673076923076922,8.5,0.04062056995653751,0,0.0016500307035939579
823612,642547,5,24,0.19704433497536947,3.5,0.6648670319119028,1,0.1123141062995376
823612,642547,5,24,0.19704433497536947,4.5,0.46189078757748553,1,0.28956152449397876
823612,642547,5,24,0.19704433497536947,5.5,0.2796273437115738,0,0.07819145135119061
823612,642547,5,24,0.19704433497536947,6.5,0.14771143994624353,0,0.021818669490992707
823612,642547,5,24,0.19704433497536947,7.5,0.06842235522325693,0,0.0046816186942975554
823612,642547,5,24,0.19704433497536947,8.5,0.027959193508297585,0,0.0007817165016344299
822791,642547,4,22,0.2,3.5,0.6844843679879928,1,0.09955011404393632
822791,642547,4,22,0.2,4.5,0.4847458865665248,0,0.23497857454316612
822791,642547,4,22,0.2,5.5,0.30009549334356195,0,0.09005730512511584
822791,642547,4,22,0.2,6.5,0.16237541552560258,0,0.0263657755671121
822791,642547,4,22,0.2,7.5,0.07705839130599436,0,0.005937995670667747
822791,642547,4,22,0.2,8.5,0.032222894776416246,0,0.0010383149477719933
824900,642547,6,23,0.19117647058823528,3.5,0.6439322011129338,1,0.12678427740428022
824900,642547,6,23,0.19117647058823528,4.5,0.4390922064360158,1,0.31461755288081705
824900,642547,6,23,0.19117647058823528,5.5,0.26035815218342667,1,0.5470700630415151
824900,642547,6,23,0.19117647058823528,6.5,0.1345021233774397,0,0.018090821193040008
824900,642547,6,23,0.19117647058823528,7.5,0.06084601719709711,0,0.0037022378087494374
824900,642547,6,23,0.19117647058823528,8.5,0.02424127465255347,0,0.0005876393967805313
823603,642547,6,21,0.18932038834951456,3.5,0.6443425141755493,1,0.12649224722296934
823603,642547,6,21,0.18932038834951456,4.5,0.4394910020916127,1,0.3141703367362645
823603,642547,6,21,0.18932038834951456,5.5,0.26048343998014156,1,0.5468847425436049
823603,642547,6,21,0.18932038834951456,6.5,0.13431702488280944,0,0.018041063173369253
823603,642547,6,21,0.18932038834951456,7.5,0.060517764920267454,0,0.003662399870944754
823603,642547,6,21,0.18932038834951456,8.5,0.023947423114996504,0,0.0005734790738486688
823762,642547,6,26,0.19402985074626866,3.5,0.645721018042327,1,0.12551359705696521
823762,642547,6,26,0.19402985074626866,4.5,0.43940369437031856,1,0.3142682178856472
823762,642547,6,26,0.19402985074626866,5.5,0.25919771056612784,1,0.5487880320304666
823762,642547,6,26,0.19402985074626866,6.5,0.13277561753013928,0,0.017629364610509828
823762,642547,6,26,0.19402985074626866,7.5,0.05940117554330187,0,0.003528499655926164
823762,642547,6,26,0.19402985074626866,8.5,0.023375131627647663,0,0.0005463967786098541
823599,642547,3,20,0.2028985507246377,3.5,0.7046980259438103,0,0.49659930776910305
823599,642547,3,20,0.2028985507246377,4.5,0.5078359786748363,0,0.2578973812366288
823599,642547,3,20,0.2028985507246377,5.5,0.32032114794399313,0,0.10260563782015754
823599,642547,3,20,0.2028985507246377,6.5,0.17653485132767438,0,0.031164553733284098
823599,642547,3,20,0.2028985507246377,7.5,0.08521574829860067,0,0.007261723758090462
823599,642547,3,20,0.2028985507246377,8.5,0.036176804927401586,0,0.0013087612147552677
822974,643377,5,20,0.29310344827586204,3.5,0.8922456359630728,1,0.011611002969002625
822974,643377,5,20,0.29310344827586204,4.5,0.7692781184822541,1,0.05323258661108876
822974,643377,5,20,0.29310344827586204,5.5,0.6037922870443729,0,0.3645651258942744
822974,643377,5,20,0.29310344827586204,6.5,0.42537096577946626,0,0.18094045852815585
822974,643377,5,20,0.29310344827586204,7.5,0.2668576213709563,0,0.07121299008376468
822974,643377,5,20,0.29310344827586204,8.5,0.14847998151125283,0,0.022046304909581982
823857,643377,4,17,0.2936170212765957,3.5,0.9021583297273563,1,0.009572992441740726
823857,643377,4,17,0.2936170212765957,4.5,0.7847307971428585,0,0.6158024239844662
823857,643377,4,17,0.2936170212765957,5.5,0.6218868200556318,0,0.38674321695890573
823857,643377,4,17,0.2936170212765957,6.5,0.4418996527844071,0,0.19527530313097957
823857,643377,4,17,0.2936170212765957,7.5,0.27893696244037886,0,0.07780582901546533
823857,643377,4,17,0.2936170212765957,8.5,0.15567144056316043,0,0.024233597407009592
824019,643377,5,20,0.29310344827586204,3.5,0.8922456359630728,1,0.011611002969002625
824019,643377,5,20,0.29310344827586204,4.5,0.7692781184822541,1,0.05323258661108876
824019,643377,5,20,0.29310344827586204,5.5,0.6037922870443729,0,0.3645651258942744
824019,643377,5,20,0.29310344827586204,6.5,0.42537096577946626,0,0.18094045852815585
824019,643377,5,20,0.29310344827586204,7.5,0.2668576213709563,0,0.07121299008376468
824019,643377,5,20,0.29310344827586204,8.5,0.14847998151125283,0,0.022046304909581982
822966,643377,5,18,0.2905982905982906,3.5,0.8936266574739141,1,0.01131528800017199
822966,643377,5,18,0.2905982905982906,4.5,0.7710791553940962,1,0.052404753095080345
822966,643377,5,18,0.2905982905982906,5.5,0.6052052782949305,0,0.3662734288760443
822966,643377,5,18,0.2905982905982906,6.5,0.4256612929247554,0,0.18118753629437442
822966,643377,5,18,0.2905982905982906,7.5,0.2659614752638851,0,0.07073550632454216
822966,643377,5,18,0.2905982905982906,8.5,0.14696803262170688,0,0.0215996026126951
822965,643377,7,24,0.2894736842105263,3.5,0.8793181815822015,1,0.01456410129662648
822965,643377,7,24,0.2894736842105263,4.5,0.7464250148126254,1,0.06430027311277726
822965,643377,7,24,0.2894736842105263,5.5,0.5728613056959693,1,0.18244746417175223
822965,643377,7,24,0.2894736842105263,6.5,0.3920674352450989,1,0.369582003289472
822965,643377,7,24,0.2894736842105263,7.5,0.2376042679525577,0,0.05645578814927084
822965,643377,7,24,0.2894736842105263,8.5,0.12715393479606685,0,0.01616812313412242
824096,643377,5,22,0.2956521739130435,3.5,0.8927256716244443,1,0.011507781528426561
824096,643377,5,22,0.2956521739130435,4.5,0.7695684822902773,1,0.05309868435400625
824096,643377,5,22,0.2956521739130435,5.5,0.6036138867332403,0,0.36434972425720913
824096,643377,5,22,0.2956521739130435,6.5,0.42479915107830407,0,0.1804543187568478
824096,643377,5,22,0.2956521739130435,7.5,0.2662527765720161,0,0.07089054103230794
824096,643377,5,22,0.2956521739130435,8.5,0.14814310242668396,0,0.021946378796602977
822958,643377,10,18,0.2692307692307692,3.5,0.8522928271934676,1,0.021817408898498838
822958,643377,10,18,0.2692307692307692,4.5,0.7045143053001142,1,0.08731179577227415
822958,643377,10,18,0.2692307692307692,5.5,0.5228324430597319,1,0.22768887739634402
822958,643377,10,18,0.2692307692307692,6.5,0.34415383508179576,1,0.43013419203791636
822958,643377,10,18,0.2692307692307692,7.5,0.1997296300073236,1,0.6404326650882152
822958,643377,10,18,0.2692307692307692,8.5,0.10194357555646566,1,0.8065053414843054
822953,643377,3,21,0.30303030303030304,3.5,0.9059933182125355,0,0.8208238926457606
822953,643377,3,21,0.30303030303030304,4.5,0.792644508905478,0,0.6282853174980064
822953,643377,3,21,0.30303030303030304,5.5,0.6344127044519434,0,0.4024794795700289
822953,643377,3,21,0.30303030303030304,6.5,0.45763718974577505,0,0.2094317974384105
822953,643377,3,21,0.30303030303030304,7.5,0.29498985531057215,0,0.08701901473615228
822953,643377,3,21,0.30303030303030304,8.5,0.1691763405271274,0,0.02862063419415057
824766,643377,6,25,0.29515418502202645,3.5,0.8884918023144524,1,0.012434078151079175
824766,643377,6,25,0.29515418502202645,4.5,0.7610962431893453,1,0.05707500501824443
824766,643377,6,25,0.29515418502202645,5.5,0.5906161003018785,1,0.1675951773320416
824766,643377,6,25,0.29515418502202645,6.5,0.40893117105608606,0,0.16722470266130193
824766,643377,6,25,0.29515418502202645,7.5,0.2504573036552935,0,0.0627288609542799
824766,643377,6,25,0.29515418502202645,8.5,0.13510834764898352,0,0.01825426560443859
822784,643377,5,22,0.2956521739130435,3.5,0.8927256716244443,1,0.011507781528426561
822784,643377,5,22,0.2956521739130435,4.5,0.7695684822902773,1,0.05309868435400625
822784,643377,5,22,0.2956521739130435,5.5,0.6036138867332403,0,0.36434972425720913
822784,643377,5,22,0.2956521739130435,6.5,0.42479915107830407,0,0.1804543187568478
822784,643377,5,22,0.2956521739130435,7.5,0.2662527765720161,0,0.07089054103230794
822784,643377,5,22,0.2956521739130435,8.5,0.14814310242668396,0,0.021946378796602977
822949,643377,10,24,0.27631578947368424,3.5,0.8531549958791284,1,0.02156345523525881
822949,643377,10,24,0.27631578947368424,4.5,0.7049754666033998,1,0.08703947530588166
822949,643377,10,24,0.27631578947368424,5.5,0.522555276011895,1,0.22795346446407777
822949,643377,10,24,0.27631578947368424,6.5,0.3433576968562326,1,0.4311791142779513
822949,643377,10,24,0.27631578947368424,7.5,0.19891893498303964,1,0.6417308727287075
822949,643377,10,24,0.27631578947368424,8.5,0.10144980635060306,1,0.8073924505073687
822943,643377,8,21,0.2813852813852814,3.5,0.8687062059994213,1,0.0172380603430664
822943,643377,8,21,0.2813852813852814,4.5,0.730634414425328,1,0.07255781869198596
822943,643377,8,21,0.2813852813852814,5.5,0.5550872701979006,1,0.1979473371399559
822943,643377,8,21,0.2813852813852814,6.5,0.3763018542339118,1,0.38899937703205656
822943,643377,8,21,0.2813852813852814,7.5,0.22624946972854068,1,0.5986898830953645
822943,643377,8,21,0.2813852813852814,8.5,0.12034448179795194,0,0.014482794299217587
822730,645261,5,27,0.20930232558139536,3.5,0.8478985048717984,1,0.023134864820234333
822730,645261,5,27,0.20930232558139536,4.5,0.7000675394419511,1,0.08995948089640556
822730,645261,5,27,0.20930232558139536,5.5,0.5204408071235088,0,0.2708586337193693
822730,645261,5,27,0.20930232558139536,6.5,0.3448169080098969,0,0.1188987000495057
822730,645261,5,27,0.20930232558139536,7.5,0.20276571797922538,0,0.041113936387630765
822730,645261,5,27,0.20930232558139536,8.5,0.10578123214209018,0,0.011189669073498772
823857,645261,7,25,0.20132013201320131,3.5,0.8286475283983332,1,0.02936166952400002
823857,645261,7,25,0.20132013201320131,4.5,0.6711991939218843,1,0.10810997007761863
823857,645261,7,25,0.20132013201320131,5.5,0.4869381383421306,1,0.2632324738878387
823857,645261,7,25,0.20132013201320131,6.5,0.3134892907520667,1,0.4712969539121003
823857,645261,7,25,0.20132013201320131,7.5,0.17850424804558906,0,0.03186376657032119
823857,645261,7,25,0.20132013201320131,8.5,0.0899090420648,0,0.008083635845009974
823370,645261,7,30,0.20469798657718122,3.5,0.8293134873095149,1,0.02913388561443912
823370,645261,7,30,0.20469798657718122,4.5,0.6716785890692916,1,0.10779494887553111
823370,645261,7,30,0.20469798657718122,5.5,0.48695786751182385,1,0.26321222970801533
823370,645261,7,30,0.20469798657718122,6.5,0.31308564771365416,1,0.4718513273769701
823370,645261,7,30,0.20469798657718122,7.5,0.177940195317563,0,0.03166271310965247
823370,645261,7,30,0.20469798657718122,8.5,0.08943290845229548,0,0.007998245114236665
823450,645261,6,28,0.20666666666666667,3.5,0.8384330824067315,1,0.026103868860590004
823450,645261,6,28,0.20666666666666667,4.5,0.6856963614497567,1,0.09878677720592202
823450,645261,6,28,0.20666666666666667,5.5,0.5036083045899316,1,0.24640471527208216
823450,645261,6,28,0.20666666666666667,6.5,0.3289874627075893,0,0.10823275061877745
823450,645261,6,28,0.20666666666666667,7.5,0.1904832979315025,0,0.03628388679086155
823450,645261,6,28,0.20666666666666667,8.5,0.09776199069771678,0,0.009557406825180463
823849,645261,4,27,0.21262458471760798,3.5,0.857057570251265,1,0.020432538222472024
823849,645261,4,27,0.21262458471760798,4.5,0.714111513111361,0,0.5099552531581976
823849,645261,4,27,0.21262458471760798,5.5,0.5370750933014918,0,0.28844965584480614
823849,645261,4,27,0.21262458471760798,6.5,0.36066328120525976,0,0.13007800240974426
823849,645261,4,27,0.21262458471760798,7.5,0.21524804505449718,0,0.04633172089978285
823849,645261,4,27,0.21262458471760798,8.5,0.11407618522810054,0,0.013013376036195902
824339,645261,3,27,0.2159468438538206,3.5,0.8657710273855248,0,0.7495594718601871
824339,645261,3,27,0.2159468438538206,4.5,0.7277279788057415,0,0.5295880111366897
824339,645261,3,27,0.2159468438538206,5.5,0.5535105059124736,0,0.3063738801554825
824339,645261,3,27,0.2159468438538206,6.5,0.3766175310404686,0,0.1418407646870183
824339,645261,3,27,0.2159468438538206,7.5,0.22805314355225156,0,0.05200823628406386
824339,645261,3,27,0.2159468438538206,8.5,0.12274615997766566,0,0.015066619789262692
824983,645261,8,31,0.20202020202020202,3.5,0.8195214975735157,1,0.03257248983810651
824983,645261,8,31,0.20202020202020202,4.5,0.6570945438343216,1,0.11758415186819196
824983,645261,8,31,0.20202020202020202,5.5,0.4701503841096918,1,0.28074061545910717
824983,645261,8,31,0.20202020202020202,6.5,0.29747946773994494,1,0.4935350982469511
824983,645261,8,31,0.20202020202020202,7.5,0.1659376160015393,1,0.6956600604011957
824983,645261,8,31,0.20202020202020202,8.5,0.08163282217361922,0,0.0066639176560297384
823845,645261,8,26,0.1986754966887417,3.5,0.8177255357221268,1,0.033223980327785674
823845,645261,8,26,0.1986754966887417,4.5,0.6555670184016098,1,0.118634078812757
823845,645261,8,26,0.1986754966887417,5.5,0.4696894172771143,1,0.2812293141478867
823845,645261,8,26,0.1986754966887417,6.5,0.2982146243083808,1,0.49250271353462716
823845,645261,8,26,0.1986754966887417,7.5,0.16734483333987246,1,0.6933146265658047
823845,645261,8,26,0.1986754966887417,8.5,0.0830467400014933,0,0.006896761024875627
823766,645261,7,25,0.20132013201320131,3.5,0.8286475283983332,1,0.02936166952400002
823766,645261,7,25,0.20132013201320131,4.5,0.6711991939218843,1,0.10810997007761863
823766,645261,7,25,0.20132013201320131,5.5,0.4869381383421306,1,0.2632324738878387
823766,645261,7,25,0.20132013201320131,6.5,0.3134892907520667,1,0.4712969539121003
823766,645261,7,25,0.20132013201320131,7.5,0.17850424804558906,0,0.03186376657032119
823766,645261,7,25,0.20132013201320131,8.5,0.0899090420648,0,0.008083635845009974
824166,645261,3,31,0.21885521885521886,3.5,0.8676821502417009,0,0.7528723138480616
824166,645261,3,31,0.21885521885521886,4.5,0.7297826817620309,0,0.5325827625997817
824166,645261,3,31,0.21885521885521886,5.5,0.5547253571490246,0,0.3077202218641129
824166,645261,3,31,0.21885521885521886,6.5,0.3764378677585704,0,0.14170546828261896
824166,645261,3,31,0.21885521885521886,7.5,0.22672480794785277,0,0.05140413853899072
824166,645261,3,31,0.21885521885521886,8.5,0.12099518973793143,0,0.014639835939718026
823838,645261,5,27,0.20930232558139536,3.5,0.8478985048717984,1,0.023134864820234333
823838,645261,5,27,0.20930232558139536,4.5,0.7000675394419511,1,0.08995948089640556
823838,645261,5,27,0.20930232558139536,5.5,0.5204408071235088,0,0.2708586337193693
823838,645261,5,27,0.20930232558139536,6.5,0.3448169080098969,0,0.1188987000495057
823838,645261,5,27,0.20930232558139536,7.5,0.20276571797922538,0,0.041113936387630765
823838,645261,5,27,0.20930232558139536,8.5,0.10578123214209018,0,0.011189669073498772
823592,645261,5,24,0.20723684210526316,3.5,0.8489785507194514,1,0.022807478142797318
823592,645261,5,24,0.20723684210526316,4.5,0.7011612607226491,1,0.08930459209287653
823592,645261,5,24,0.20723684210526316,5.5,0.5210087870840867,0,0.2714501562188312
823592,645261,5,24,0.20723684210526316,6.5,0.3446117155352278,0,0.11875723448413276
823592,645261,5,24,0.20723684210526316,7.5,0.2019815036459608,0,0.04079652781508327
823592,645261,5,24,0.20723684210526316,8.5,0.10483034720794374,0,0.010989401695738038
825079,647336,6,25,0.2653061224489796,3.5,0.9187478431040095,1,0.006601913000250661
825079,647336,6,25,0.2653061224489796,4.5,0.814091725111178,1,0.034561886672137804
825079,647336,6,25,0.2653061224489796,5.5,0.6613867204316679,1,0.11465895310002143
825079,647336,6,25,0.2653061224489796,6.5,0.48391575976416384,0,0.23417446254812793
825079,647336,6,25,0.2653061224489796,7.5,0.3152326270824899,0,0.09937160917732814
825079,647336,6,25,0.2653061224489796,8.5,0.18163016158437575,0,0.032989515597166445
825074,647336,6,26,0.2708333333333333,3.5,0.9211484233972087,1,0.006217571132745864
825074,647336,6,26,0.2708333333333333,4.5,0.8173770339613992,1,0.033351147724735956
825074,647336,6,26,0.2708333333333333,5.5,0.6642558361684554,1,0.11272414354694306
825074,647336,6,26,0.2708333333333333,6.5,0.48498319091313963,0,0.23520869546829085
825074,647336,6,26,0.2708333333333333,7.5,0.3140903585804521,0,0.09865275335319697
825074,647336,6,26,0.2708333333333333,8.5,0.1790419242111462,0,0.03205601062522982
824508,647336,7,23,0.23529411764705882,3.5,0.8823496345786216,1,0.013841608483783872
824508,647336,7,23,0.23529411764705882,4.5,0.750373242811493,1,0.06231351790444984
824508,647336,7,23,0.23529411764705882,5.5,0.575963646431251,1,0.17980682914788113
824508,647336,7,23,0.23529411764705882,6.5,0.3927322254194905,1,0.3687741500439645
824508,647336,7,23,0.23529411764705882,7.5,0.23568860094054622,0,0.05554911661331204
824508,647336,7,23,0.23529411764705882,8.5,0.12387748787617046,0,0.01534563200251076
823293,650633,4,23,0.1859504132231405,3.5,0.6751385344371355,1,0.10553497180765223
823293,650633,4,23,0.1859504132231405,4.5,0.4733589468044028,0,0.22406869251977346
823293,650633,4,23,0.1859504132231405,5.5,0.2894749786051435,0,0.08379576323844828
823293,650633,4,23,0.1859504132231405,6.5,0.15452677144207388,0,0.023878523092310942
823293,650633,4,23,0.1859504132231405,7.5,0.07236584306824993,0,0.005236815242978577
823293,650633,4,23,0.1859504132231405,8.5,0.02992650056944258,0,0.0008955954363328471
823287,650633,3,30,0.19574468085106383,3.5,0.697906097691072,0,0.48707292119438017
823287,650633,3,30,0.19574468085106383,4.5,0.49643055707105666,0,0.24644329799387965
823287,650633,3,30,0.19574468085106383,5.5,0.3066076677979245,0,0.09400826195248241
823287,650633,3,30,0.19574468085106383,6.5,0.16394082843982044,0,0.026876595229534637
823287,650633,3,30,0.19574468085106383,7.5,0.07601907741228332,0,0.005778900130614725
823287,650633,3,30,0.19574468085106383,8.5,0.03068891196156085,0,0.0009418093173844327
823045,650633,1,22,0.19753086419753085,3.5,0.7265176462103138,0,0.5278278902549747
823045,650633,1,22,0.19753086419753085,4.5,0.5339302611906355,0,0.2850815238151002
823045,650633,1,22,0.19753086419753085,5.5,0.34460723238157553,0,0.11875414460968921
823045,650633,1,22,0.19753086419753085,6.5,0.19494009374242788,0,0.03800164014830657
823045,650633,1,22,0.19753086419753085,7.5,0.09694721326652611,0,0.009398762160145296
823045,650633,1,22,0.19753086419753085,8.5,0.04261510493167682,0,0.001816047168337826
823288,650633,5,27,0.18487394957983194,3.5,0.657992499509093,1,0.11696913039203775
823288,650633,5,27,0.18487394957983194,4.5,0.4529169215234741,1,0.2992998947553526
823288,650633,5,27,0.18487394957983194,5.5,0.27076940888195233,0,0.07331607278628188
823288,650633,5,27,0.18487394957983194,6.5,0.14086233463361375,0,0.01984219731843218
823288,650633,5,27,0.18487394957983194,7.5,0.06418229530162542,0,0.0041193670301850486
823288,650633,5,27,0.18487394957983194,8.5,0.025831439378854938,0,0.0006672632603834576
823281,650633,5,22,0.18106995884773663,3.5,0.6572460582217319,1,0.11748026460454042
823281,650633,5,22,0.18106995884773663,4.5,0.45302015391284034,1,0.29918695202553286
823281,650633,5,22,0.18106995884773663,5.5,0.2715521276819811,0,0.07374055804861097
823281,650633,5,22,0.18106995884773663,6.5,0.1417554089046087,0,0.020094595953712813
823281,650633,5,22,0.18106995884773663,7.5,0.06478720018614141,0,0.004197381307959162
823281,650633,5,22,0.18106995884773663,8.5,0.026100225494681068,0,0.0006812217708731996
823933,650633,5,23,0.18181818181818182,3.5,0.6568944090344191,1,0.11772144655184051
823933,650633,5,23,0.18181818181818182,4.5,0.45284346925276586,1,0.29938026913934895
823933,650633,5,23,0.18181818181818182,5.5,0.27163685548948924,0,0.07378658126021766
823933,650633,5,23,0.18181818181818182,6.5,0.14201445749268793,0,0.020168106136942466
823933,650633,5,23,0.18181818181818182,7.5,0.0650704234799019,0,0.004234160011853769
823933,650633,5,23,0.18181818181818182,8.5,0.026311031474791996,0,0.0006922703772674951
823279,650633,4,23,0.1859504132231405,3.5,0.6751385344371355,1,0.10553497180765223
823279,650633,4,23,0.1859504132231405,4.5,0.4733589468044028,0,0.22406869251977346
823279,650633,4,23,0.1859504132231405,5.5,0.2894749786051435,0,0.08379576323844828
823279,650633,4,23,0.1859504132231405,6.5,0.15452677144207388,0,0.023878523092310942
823279,650633,4,23,0.1859504132231405,7.5,0.07236584306824993,0,0.005236815242978577
823279,650633,4,23,0.1859504132231405,8.5,0.02992650056944258,0,0.0008955954363328471
824090,650633,4,21,0.18442622950819673,3.5,0.6761059701596713,1,0.10490734256620772
824090,650633,4,21,0.18442622950819673,4.5,0.4737793902506877,0,0.22446691062631344
824090,650633,4,21,0.18442622950819673,5.5,0.2891652676473354,0,0.08361655201355513
824090,650633,4,21,0.18442622950819673,6.5,0.1537739068938484,0,0.023646414441397957
824090,650633,4,21,0.18442622950819673,7.5,0.07158591875933643,0,0.0051245437646183145
824090,650633,4,21,0.18442622950819673,8.5,0.029363143093471638,0,0.0008621941723276911
824896,650633,7,27,0.17647058823529413,3.5,0.6195087723491176,1,0.14477357431927562
824896,650633,7,27,0.17647058823529413,4.5,0.41132378411247583,1,0.34653968715165495
824896,650633,7,27,0.17647058823529413,5.5,0.2360969505841311,1,0.5835478689068635
824896,650633,7,27,0.17647058823529413,6.5,0.11759131481578515,1,0.7786450876885349
824896,650633,7,27,0.17647058823529413,7.5,0.05121048890319565,0,0.0026225141737043246
824896,650633,7,27,0.17647058823529413,8.5,0.01968006891941017,0,0.0003873051126727342
823275,650633,6,24,0.17842323651452283,3.5,0.637927041667477,1,0.1310968271556649
823275,650633,6,24,0.17842323651452283,4.5,0.4320580653833535,1,0.3225580410960992
823275,650633,6,24,0.17842323651452283,5.5,0.2540758921478725,1,0.5564027746749923
823275,650633,6,24,0.17842323651452283,6.5,0.13008671795814503,0,0.01692255418912197
823275,650633,6,24,0.17842323651452283,7.5,0.058361674613036756,0,0.003406085063637979
823275,650633,6,24,0.17842323651452283,8.5,0.023115984379249496,0,0.0005343487338217067
825095,650633,5,23,0.18181818181818182,3.5,0.6568944090344191,1,0.11772144655184051
825095,650633,5,23,0.18181818181818182,4.5,0.45284346925276586,1,0.29938026913934895
825095,650633,5,23,0.18181818181818182,5.5,0.27163685548948924,0,0.07378658126021766
825095,650633,5,23,0.18181818181818182,6.5,0.14201445749268793,0,0.020168106136942466
825095,650633,5,23,0.18181818181818182,7.5,0.0650704234799019,0,0.004234160011853769
825095,650633,5,23,0.18181818181818182,8.5,0.026311031474791996,0,0.0006922703772674951
824992,650644,2,20,0.2159090909090909,3.5,0.5303480463545946,0,0.2812690502721353
824992,650644,2,20,0.2159090909090909,4.5,0.3316448808418042,0,0.10998832698857451
824992,650644,2,20,0.2159090909090909,5.5,0.18077889705416056,0,0.03268100962011878
824992,650644,2,20,0.2159090909090909,6.5,0.08596579079423985,0,0.007390117186879014
824992,650644,2,20,0.2159090909090909,7.5,0.03559045805057603,0,0.001266680704249812
824992,650644,2,20,0.2159090909090909,8.5,0.012776397034255621,0,0.00016323632117693583
823210,650644,5,18,0.17777777777777778,3.5,0.3994498201136593,1,0.3606605185615161
823210,650644,5,18,0.17777777777777778,4.5,0.21843836026402316,1,0.6108385967067888
823210,650644,5,18,0.17777777777777778,5.5,0.1023680749964843,0,0.010479222778485835
823210,650644,5,18,0.17777777777777778,6.5,0.04112156101579981,0,0.0016909827803761465
823210,650644,5,18,0.17777777777777778,7.5,0.014134272093657578,0,0.00019977764761754737
823210,650644,5,18,0.17777777777777778,8.5,0.004146743447558013,0,1.7195481219865314e-05
824011,650644,2,22,0.22093023255813954,3.5,0.5337791019984871,0,0.2849201297303113
824011,650644,2,22,0.22093023255813954,4.5,0.3307943516373431,0,0.10942490307517021
824011,650644,2,22,0.22093023255813954,5.5,0.1769608854771866,0,0.031315154988869956
824011,650644,2,22,0.22093023255813954,6.5,0.08175779383644984,0,0.006684336853003434
824011,650644,2,22,0.22093023255813954,7.5,0.03257759469169019,0,0.001061299675896041
824011,650644,2,22,0.22093023255813954,8.5,0.011158129195534518,0,0.0001245038471442398
824983,650644,6,21,0.1724137931034483,3.5,0.35274360086703194,1,0.4189408462185761
824983,650644,6,21,0.1724137931034483,4.5,0.1805077123832812,1,0.671567609463283
824983,650644,6,21,0.1724137931034483,5.5,0.07867416496655108,1,0.8488412943000819
824983,650644,6,21,0.1724137931034483,6.5,0.029363460471055463,0,0.0008622128108352367
824983,650644,6,21,0.1724137931034483,7.5,0.0094061067596709,0,8.84748443743266e-05
824983,650644,6,21,0.1724137931034483,8.5,0.002586422828186981,0,6.689583046166741e-06
824575,650644,4,14,0.18085106382978725,3.5,0.4473742839444605,1,0.3053951820458977
824575,650644,4,14,0.18085106382978725,4.5,0.2530085728771281,0,0.06401333794932103
824575,650644,4,14,0.18085106382978725,5.5,0.1213686133179034,0,0.014730340298710757
824575,650644,4,14,0.18085106382978725,6.5,0.04941960192860473,0,0.002442297054781752
824575,650644,4,14,0.18085106382978725,7.5,0.017099576863643037,0,0.00029239552891563626
824575,650644,4,14,0.18085106382978725,8.5,0.005032295138952399,0,2.5323994365523947e-05
824652,650644,2,13,0.2,3.5,0.5373836738357969,0,0.2887812129052581
824652,650644,2,13,0.2,4.5,0.33098944984078293,0,0.10955401590590416
824652,650644,2,13,0.2,5.5,0.17412573331567072,0,0.03031977100272008
824652,650644,2,13,0.2,6.5,0.0782073333019668,0,0.006116386982204926
824652,650644,2,13,0.2,7.5,0.030003448612437554,0,0.000900206928639181
824652,650644,2,13,0.2,8.5,0.009834281367505795,0,9.671309001527165e-05
823456,650911,8,26,0.2559055118110236,3.5,0.9149832787771608,1,0.0072278428874819585
823456,650911,8,26,0.2559055118110236,4.5,0.8092581023477168,1,0.03638247151999409
823456,650911,8,26,0.2559055118110236,5.5,0.6574766430461698,1,0.11732225005892097
823456,650911,8,26,0.2559055118110236,6.5,0.48275549172470733,1,0.2675418813409493
823456,650911,8,26,0.2559055118110236,7.5,0.31713651985434077,1,0.4663025325166411
823456,650911,8,26,0.2559055118110236,8.5,0.1853923955098973,0,0.03437034031289819
822806,650911,10,26,0.24803149606299213,3.5,0.9011087800049624,1,0.00977947339210692
822806,650911,10,26,0.24803149606299213,4.5,0.7848543540790154,1,0.046287648958757685
822806,650911,10,26,0.24803149606299213,5.5,0.6244314080377915,1,0.14105176726847585
822806,650911,10,26,0.24803149606299213,6.5,0.44692766394257855,1,0.3058890089120133
822806,650911,10,26,0.24803149606299213,7.5,0.2851997157506066,1,0.5109394463630137
822806,650911,10,26,0.24803149606299213,8.5,0.16154198390100938,1,0.7030118447606553
823777,650911,3,25,0.27450980392156865,3.5,0.9425146644221015,0,0.8883338926507066
823777,650911,3,25,0.27450980392156865,4.5,0.8610870839299826,0,0.7414709661110408
823777,650911,3,25,0.27450980392156865,5.5,0.7326370920199986,0,0.5367571086035199
823777,650911,3,25,0.27450980392156865,6.5,0.5700675965075388,0,0.32497706458788206
823777,650911,3,25,0.27450980392156865,7.5,0.40055528565612075,0,0.1604445368670565
823777,650911,3,25,0.27450980392156865,8.5,0.2521734013693108,0,0.06359142435816753
823447,650911,5,24,0.265625,3.5,0.9326443902794317,1,0.004536778160829516
823447,650911,5,24,0.265625,4.5,0.8419923252823133,1,0.0249664252696903
823447,650911,5,24,0.265625,5.5,0.7041359660994201,0,0.4958074587547637
823447,650911,5,24,0.265625,6.5,0.5359351108902716,0,0.2872264430849677
823447,650911,5,24,0.265625,7.5,0.3668859987420148,0,0.13460533607292566
823447,650911,5,24,0.265625,8.5,0.22430631005592352,0,0.050313320730904096
822717,650911,6,25,0.2627450980392157,3.5,0.9270129081028086,1,0.005327115583609068
822717,650911,6,25,0.2627450980392157,4.5,0.831388908003728,1,0.028429700344175298
822717,650911,6,25,0.2627450980392157,5.5,0.6888046362774785,1,0.09684255440239248
822717,650911,6,25,0.2627450980392157,6.5,0.5182369300260424,0,0.2685695156428172
822717,650911,6,25,0.2627450980392157,7.5,0.3501421533319414,0,0.12259952753992874
822717,650911,6,25,0.2627450980392157,8.5,0.21108103819770635,0,0.044555204686621566
823445,650911,9,26,0.25196850393700787,3.5,0.9082647945934738,1,0.008415347910977563
823445,650911,9,26,0.25196850393700787,4.5,0.7973204148991573,1,0.041079014216649744
823445,650911,9,26,0.25196850393700787,5.5,0.6411483733126849,1,0.12877448997613214
823445,650911,9,26,0.25196850393700787,6.5,0.4648750957374665,1,0.2863586631619856
823445,650911,9,26,0.25196850393700787,7.5,0.30104006365341246,1,0.48854499261762563
823445,650911,9,26,0.25196850393700787,8.5,0.17325368882215883,1,0.6835094630461678
824089,650911,1,21,0.277992277992278,3.5,0.953527232107182,0,0.9092141823699839
824089,650911,1,21,0.277992277992278,4.5,0.8820472467794271,0,0.7780073455511677
824089,650911,1,21,0.277992277992278,5.5,0.7631788183090715,0,0.5824419087156308
824089,650911,1,21,0.277992277992278,6.5,0.6055101602663128,0,0.36664255418573577
824089,650911,1,21,0.277992277992278,7.5,0.4342009308892572,0,0.18853044838509753
824089,650911,1,21,0.277992277992278,8.5,0.278809242084374,0,0.07773459347166307
824249,650911,7,29,0.26294820717131473,3.5,0.9231705957825252,1,0.005902757352412127
824249,650911,7,29,0.26294820717131473,4.5,0.8233527481250562,1,0.031204251594969833
824249,650911,7,29,0.26294820717131473,5.5,0.6759200232196639,1,0.10502783134994316
824249,650911,7,29,0.26294820717131473,6.5,0.5017653919618488,1,0.2482377246469302
824249,650911,7,29,0.26294820717131473,7.5,0.33290195002791156,0,0.11082370833238613
824249,650911,7,29,0.26294820717131473,8.5,0.19602739852338028,0,0.038426740971844155
823436,650911,7,25,0.25882352941176473,3.5,0.921111048846169,1,0.006223466614151531
823436,650911,7,25,0.25882352941176473,4.5,0.820494399923619,1,0.03222226045878161
823436,650911,7,25,0.25882352941176473,5.5,0.6733154807216387,1,0.10672277513613401
823436,650911,7,25,0.25882352941176473,6.5,0.5005987025984793,1,0.24940165584632215
823436,650911,7,25,0.25882352941176473,7.5,0.3336251556037219,0,0.11130574445160765
823436,650911,7,25,0.25882352941176473,8.5,0.1981225367068964,0,0.03925253955117551
823433,650911,6,28,0.26587301587301587,3.5,0.9282263572442639,1,0.005151455794428023
823433,650911,6,28,0.26587301587301587,4.5,0.8330455559063561,1,0.02787378640261767
823433,650911,6,28,0.26587301587301587,5.5,0.6902660042127532,1,0.09593514814633422
823433,650911,6,28,0.26587301587301587,6.5,0.5188180179324307,0,0.2691721357313359
823433,650911,6,28,0.26587301587301587,7.5,0.34962226847125827,0,0.1222357306109886
823433,650911,6,28,0.26587301587301587,8.5,0.20981099551243854,0,0.044020653837920504
824808,650911,11,25,0.24313725490196078,3.5,0.8933255718641557,1,0.011379433618109404
824808,650911,11,25,0.24313725490196078,4.5,0.7717089282248989,1,0.05211681345222437
824808,650911,11,25,0.24313725490196078,5.5,0.6073133637488894,1,0.15420279429021203
824808,650911,11,25,0.24313725490196078,6.5,0.42904613718414614,1,0.3259883134643449
824808,650911,11,25,0.24313725490196078,7.5,0.26980801392136305,1,0.5331803365334644
824808,650911,11,25,0.24313725490196078,8.5,0.15041372566256841,1,0.7217968375425576
823292,656288,6,19,0.22535211267605634,3.5,0.5705078551103647,1,0.18446350252189947
823292,656288,6,19,0.22535211267605634,4.5,0.37620966516872845,1,0.3891143818289099
823292,656288,6,19,0.22535211267605634,5.5,0.21737747391865087,1,0.6124980183299519
823292,656288,6,19,0.22535211267605634,6.5,0.10980115872817597,0,0.012056294458050095
823292,656288,6,19,0.22535211267605634,7.5,0.04849481044555313,0,0.0023517466401501287
823292,656288,6,19,0.22535211267605634,8.5,0.018763137176767426,0,0.0003520553167141919
824826,656288,6,24,0.23357664233576642,3.5,0.5775810502030636,1,0.17843776914754667
824826,656288,6,24,0.23357664233576642,4.5,0.3770803363846321,1,0.38802890731868306
824826,656288,6,24,0.23357664233576642,5.5,0.21247976267500565,1,0.6201881241964153
824826,656288,6,24,0.23357664233576642,6.5,0.1026041307618351,0,0.010527607649391755
824826,656288,6,24,0.23357664233576642,7.5,0.04225127447357174,0,0.0017851701946410951
824826,656288,6,24,0.23357664233576642,8.5,0.01478191037967945,0,0.00021850487447287506
823044,656288,2,20,0.2553191489361702,3.5,0.6613475259419263,0,0.4373805500695068
823044,656288,2,20,0.2553191489361702,4.5,0.47382043141104596,0,0.2245058012225497
823044,656288,2,20,0.2553191489361702,5.5,0.30133835053289837,0,0.09080480150188792
823044,656288,2,20,0.2553191489361702,6.5,0.16927613252605997,0,0.02865440904298022
823044,656288,2,20,0.2553191489361702,7.5,0.08385272108894637,0,0.007031278834020631
823044,656288,2,20,0.2553191489361702,8.5,0.03666279205629321,0,0.0013441603213629966
824662,656288,3,20,0.24822695035460993,3.5,0.6400500693584605,0,0.40966409128577014
824662,656288,3,20,0.24822695035460993,4.5,0.44967948826025117,0,0.20221164216200138
824662,656288,3,20,0.24822695035460993,5.5,0.279487260135104,0,0.07811312857782729
824662,656288,3,20,0.24822695035460993,6.5,0.1530391552772909,0,0.023420983047986753
824662,656288,3,20,0.24822695035460993,7.5,0.07376118283114165,0,0.005440712092649106
824662,656288,3,20,0.24822695035460993,8.5,0.03133854110173313,0,0.000982104158385017
823932,656288,4,16,0.23448275862068965,3.5,0.6195505112998265,1,0.14474181345222342
823932,656288,4,16,0.23448275862068965,4.5,0.4278128285410418,0,0.18302381626428682
823932,656288,4,16,0.23448275862068965,5.5,0.2595606785374614,0,0.06737174584282737
823932,656288,4,16,0.23448275862068965,6.5,0.13747421994461131,0,0.018899161149379368
823932,656288,4,16,0.23448275862068965,7.5,0.06341242625763266,0,0.0040211358038797
823932,656288,4,16,0.23448275862068965,8.5,0.025499778345529387,0,0.0006502386956711295
823277,656288,5,20,0.23404255319148937,3.5,0.5947365114822709,1,0.16423849512555955
823277,656288,5,20,0.23404255319148937,4.5,0.40053094488362545,1,0.359363148042119
823277,656288,5,20,0.23404255319148937,5.5,0.2370109840435351,0,0.05617420655728485
823277,656288,5,20,0.23404255319148937,6.5,0.12294329157473265,0,0.015115052943229727
823277,656288,5,20,0.23404255319148937,7.5,0.055936199105065545,0,0.0031288583703215356
823277,656288,5,20,0.23404255319148937,8.5,0.0223780595625869,0,0.000500777549786687
824088,656288,4,18,0.23776223776223776,3.5,0.6175425335437104,1,0.1462737136481639
824088,656288,4,18,0.23776223776223776,4.5,0.42627065990521174,0,0.18170667549602468
824088,656288,4,18,0.23776223776223776,5.5,0.25950479521096176,0,0.0673427387374832
824088,656288,4,18,0.23776223776223776,6.5,0.13862078098409197,0,0.019215720920639594
824088,656288,4,18,0.23776223776223776,7.5,0.06483361265599379,0,0.004203397330027438
824088,656288,4,18,0.23776223776223776,8.5,0.026557270659571464,0,0.0007052886248857354
824893,656288,4,14,0.23129251700680273,3.5,0.6231587838088084,1,0.1420093022204564
824893,656288,4,14,0.23129251700680273,4.5,0.42856314520610417,0,0.18366636942894832
824893,656288,4,14,0.23129251700680273,5.5,0.25737833829205237,0,0.06624360902197815
824893,656288,4,14,0.23129251700680273,6.5,0.1342097246777706,0,0.018012250198082985
824893,656288,4,14,0.23129251700680273,7.5,0.06073248726541377,0,0.0036884350094436454
824893,656288,4,14,0.23129251700680273,8.5,0.023921695320420322,0,0.0005722475070030195
823273,656288,4,10,0.2251655629139073,3.5,0.6297970489165085,1,0.13705022499092603
823273,656288,4,10,0.2251655629139073,4.5,0.4229572568121302,0,0.17889284109004225
823273,656288,4,10,0.2251655629139073,5.5,0.24568912062815051,0,0.0603631439950339
823273,656288,4,10,0.2251655629139073,6.5,0.12348813280167313,0,0.01524931894284366
823273,656288,4,10,0.2251655629139073,7.5,0.05389002761227567,0,0.002904135076051834
823273,656288,4,10,0.2251655629139073,8.5,0.020512566644032188,0,0.00042076539032586194
822805,656302,11,22,0.35148514851485146,3.5,0.9888128488673935,1,0.00012515235046377861
822805,656302,11,22,0.35148514851485146,4.5,0.9644873416970878,1,0.0012611488997393966
822805,656302,11,22,0.35148514851485146,5.5,0.9118684039898047,1,0.007767178215304266
822805,656302,11,22,0.35148514851485146,6.5,0.8211293558153692,1,0.03199470735102481
822805,656302,11,22,0.35148514851485146,7.5,0.692851441494139,1,0.09434023699222831
822805,656302,11,22,0.35148514851485146,8.5,0.541032173799583,1,0.21065146548713617
824750,656302,7,23,0.373134328358209,3.5,0.9930255832158434,1,4.864248947912468e-05
824750,656302,7,23,0.373134328358209,4.5,0.9763565161675121,1,0.0005590143277371183
824750,656302,7,23,0.373134328358209,5.5,0.9374966363678828,1,0.003906670465328667
824750,656302,7,23,0.373134328358209,6.5,0.8653008718923535,1,0.018143855112960166
824750,656302,7,23,0.373134328358209,7.5,0.7553876361308821,0,0.5706104808194019
824750,656302,7,23,0.373134328358209,8.5,0.6153645217228578,0,0.37867349459520155
822800,656302,8,23,0.3681592039800995,3.5,0.9920834867544803,1,6.267118196648844e-05
822800,656302,8,23,0.3681592039800995,4.5,0.9736391835620407,1,0.0006948926432757847
822800,656302,8,23,0.3681592039800995,5.5,0.9314993779169083,1,0.004692335225770552
822800,656302,8,23,0.3681592039800995,6.5,0.8547535349834812,1,0.021096535599794828
822800,656302,8,23,0.3681592039800995,7.5,0.7401788440463918,1,0.0675070330810692
822800,656302,8,23,0.3681592039800995,8.5,0.5969877416113812,0,0.3563943636342573
822794,656302,10,23,0.3582089552238806,3.5,0.9898467713810699,1,0.00010308805138826098
822794,656302,10,23,0.3582089552238806,4.5,0.9673839953682066,1,0.0010638037581411667
822794,656302,10,23,0.3582089552238806,5.5,0.918107226804428,1,0.006706426301661392
822794,656302,10,23,0.3582089552238806,6.5,0.8318920486060977,1,0.02826028332185463
822794,656302,10,23,0.3582089552238806,7.5,0.7081574414070384,1,0.08517207900608623
822794,656302,10,23,0.3582089552238806,8.5,0.5593709951151122,1,0.19415391994584644
823120,656302,9,24,0.365,3.5,0.9909805756607867,1,8.135001541079368e-05
823120,656302,9,24,0.365,4.5,0.9704934436214148,1,0.0008706368693226291
823120,656302,9,24,0.365,5.5,0.9246519979972379,1,0.005677321405808249
823120,656302,9,24,0.365,6.5,0.8429198893424346,1,0.024674161164193003
823120,656302,9,24,0.365,7.5,0.7234943104613487,1,0.07645539634724502
823120,656302,9,24,0.365,8.5,0.5774054010063729,1,0.17858619509858445
823202,656302,11,28,0.3622448979591837,3.5,0.9894399235230803,1,0.00011151521519839278
823202,656302,11,28,0.3622448979591837,4.5,0.9658859082533113,1,0.001163771255701492
823202,656302,11,28,0.3622448979591837,5.5,0.9140680522979757,1,0.007384299635863436
823202,656302,11,28,0.3622448979591837,6.5,0.8234924521973858,1,0.03115491443129215
823202,656302,11,28,0.3622448979591837,7.5,0.6942253427842319,1,0.0934981409954205
823202,656302,11,28,0.3622448979591837,8.5,0.5405137593600764,1,0.2111276053374098
822788,656302,7,26,0.3787878787878788,3.5,0.9932339522139852,1,4.5779402642635104e-05
822788,656302,7,26,0.3787878787878788,4.5,0.9768081727116003,1,0.0005378608529749632
822788,656302,7,26,0.3787878787878788,5.5,0.938138620370395,1,0.003826830289678112
822788,656302,7,26,0.3787878787878788,6.5,0.8657841873552844,1,0.0180138843638814
822788,656302,7,26,0.3787878787878788,7.5,0.7551798507194254,0,0.5702966069326136
822788,656302,7,26,0.3787878787878788,8.5,0.6141636079130623,0,0.37719693728478976
824734,656302,12,31,0.3626943005181347,3.5,0.9893547051110716,1,0.00011332230327224518
824734,656302,12,31,0.3626943005181347,4.5,0.9654669975285585,1,0.0011925282596925869
824734,656302,12,31,0.3626943005181347,5.5,0.9126540152588717,1,0.00762932105039742
824734,656302,12,31,0.3626943005181347,6.5,0.8198980825666001,1,0.032436700663187185
824734,656302,12,31,0.3626943005181347,7.5,0.6869896438853775,1,0.09797548303500278
824734,656302,12,31,0.3626943005181347,8.5,0.5286068126005765,1,0.22221153712658798
822782,656302,7,24,0.375,3.5,0.9929897196624198,1,4.9144030411463863e-05
822782,656302,7,24,0.375,4.5,0.9762244586620935,1,0.0005652763659105004
822782,656302,7,24,0.375,5.5,0.9371551678125164,1,0.003949472932672975
822782,656302,7,24,0.375,6.5,0.8646492024981021,1,0.01831983838439978
822782,656302,7,24,0.375,7.5,0.7544532997596493,0,0.5691997815182231
822782,656302,7,24,0.375,8.5,0.6143763155341744,0,0.3774582570893474
822971,656427,6,22,0.2711864406779661,3.5,0.7917848408022945,1,0.04335355251972585
822971,656427,6,22,0.2711864406779661,4.5,0.6295795278466481,1,0.13721132619031218
822971,656427,6,22,0.2711864406779661,5.5,0.4505631327630099,1,0.3018808710791978
822971,656427,6,22,0.2711864406779661,6.5,0.28719546924093886,0,0.08248123755252305
822971,656427,6,22,0.2711864406779661,7.5,0.16180092509726432,0,0.02617953936233054
822971,656427,6,22,0.2711864406779661,8.5,0.08014057545204169,0,0.006422511833784387
824268,656427,7,22,0.2627118644067797,3.5,0.7707015856909116,1,0.052577762804662344
824268,656427,7,22,0.2627118644067797,4.5,0.6009751609945851,1,0.15922082214329725
824268,656427,7,22,0.2627118644067797,5.5,0.41978248219745173,1,0.3366523679649504
824268,656427,7,22,0.2627118644067797,6.5,0.26013280748463363,1,0.5474034625605702
824268,656427,7,22,0.2627118644067797,7.5,0.1420372604233347,0,0.020174583348566203
824268,656427,7,22,0.2627118644067797,8.5,0.06802578370386403,0,0.004627507248524893
824425,656427,1,13,0.29133858267716534,3.5,0.8969586739723427,0,0.8045348628142235
824425,656427,1,13,0.29133858267716534,4.5,0.7745036467213087,0,0.5998558987846057
824425,656427,1,13,0.29133858267716534,5.5,0.6064293968133664,0,0.3677566133194234
824425,656427,1,13,0.29133858267716534,6.5,0.42327558347750577,0,0.17916221956822295
824425,656427,1,13,0.29133858267716534,7.5,0.26061786819811716,0,0.06792167322413117
824425,656427,1,13,0.29133858267716534,8.5,0.14072323313406915,0,0.019803028343705578
824256,656427,9,20,0.24166666666666667,3.5,0.7221981404562258,1,0.07717387316597886
824256,656427,9,20,0.24166666666666667,4.5,0.5403463234764434,1,0.2112815023416224
824256,656427,9,20,0.24166666666666667,5.5,0.3591987092673073,1,0.41062629420468505
824256,656427,9,20,0.24166666666666667,6.5,0.21027808193614297,1,0.6236607078704574
824256,656427,9,20,0.24166666666666667,7.5,0.107723106283328,1,0.796158055060673
824256,656427,9,20,0.24166666666666667,8.5,0.048089184840042334,1,0.9061342000184951
822882,656427,5,21,0.2773109243697479,3.5,0.8098156411568654,1,0.03617009034857417
822882,656427,5,21,0.2773109243697479,4.5,0.6559986456525505,1,0.1183369317928795
822882,656427,5,21,0.2773109243697479,5.5,0.4811355172236971,0,0.2314913859341145
822882,656427,5,21,0.2773109243697479,6.5,0.3159226050370777,0,0.09980709237341338
822882,656427,5,21,0.2773109243697479,7.5,0.18406725833194143,0,0.03388075558983766
822882,656427,5,21,0.2773109243697479,8.5,0.09452347986818589,0,0.008934688246391343
824252,656427,6,24,0.27586206896551724,3.5,0.7968167903619291,1,0.04128341667882827
824252,656427,6,24,0.27586206896551724,4.5,0.6338573527115775,1,0.13406043816337415
824252,656427,6,24,0.27586206896551724,5.5,0.45198804347025834,1,0.30031710449955545
824252,656427,6,24,0.27586206896551724,6.5,0.2853174875883553,0,0.08140606872373128
824252,656427,6,24,0.27586206896551724,7.5,0.157896930786099,0,0.024931440751670142
824252,656427,6,24,0.27586206896551724,8.5,0.07603247340468819,0,0.005780937012034617
824654,656427,4,18,0.2786885245901639,3.5,0.8286299048869843,1,0.02936770949904405
824654,656427,4,18,0.2786885245901639,4.5,0.6845471984945701,0,0.4686048669667644
824654,656427,4,18,0.2786885245901639,5.5,0.514009061080159,0,0.2642053148725066
824654,656427,4,18,0.2786885245901639,6.5,0.34568115896386103,0,0.11949546366259817
824654,656427,4,18,0.2786885245901639,7.5,0.20573791305454728,0,0.04232808886804045
824654,656427,4,18,0.2786885245901639,8.5,0.10741955245043454,0,0.011538960248651657
825073,656492,4,17,0.20704845814977973,3.5,0.790604846686128,1,0.04384633023133998
825073,656492,4,17,0.20704845814977973,4.5,0.6170639352724109,0,0.3807679002138741
825073,656492,4,17,0.20704845814977973,5.5,0.4269446146467276,0,0.18228170397584273
825073,656492,4,17,0.20704845814977973,6.5,0.259619874602211,0,0.06740247928846775
825073,656492,4,17,0.20704845814977973,7.5,0.13826542861305655,0,0.019117328749552236
825073,656492,4,17,0.20704845814977973,8.5,0.06444365528205158,0,0.004152984706111894
823215,656492,5,24,0.20909090909090908,3.5,0.7661208063720568,1,0.05469947721205694
823215,656492,5,24,0.20909090909090908,4.5,0.5918837637258278,1,0.1665588623105959
823215,656492,5,24,0.20909090909090908,5.5,0.4077741222324256,0,0.16627973476242516
823215,656492,5,24,0.20909090909090908,6.5,0.24859843265456755,0,0.061801180718307556
823215,656492,5,24,0.20909090909090908,7.5,0.13355344139081377,0,0.017836521707329526
823215,656492,5,24,0.20909090909090908,8.5,0.06308880181566176,0,0.0039801969145358464
822723,656492,6,26,0.20642201834862386,3.5,0.7510477839780404,1,0.06197720586224444
822723,656492,6,26,0.20642201834862386,4.5,0.5716014315782035,1,0.18352533342584462
822723,656492,6,26,0.20642201834862386,5.5,0.3865815707262033,1,0.376282169372732
822723,656492,6,26,0.20642201834862386,6.5,0.23078591737185125,0,0.05326213965716695
822723,656492,6,26,0.20642201834862386,7.5,0.12123100873696897,0,0.014696957479383047
822723,656492,6,26,0.20642201834862386,8.5,0.055961309630831076,0,0.003131668175597747
822720,656492,9,27,0.1935483870967742,3.5,0.7003725313236904,1,0.08977661998537291
822720,656492,9,27,0.1935483870967742,4.5,0.5081870843074485,1,0.24187994404200874
822720,656492,9,27,0.1935483870967742,5.5,0.32445242479509834,1,0.4563645263652222
822720,656492,9,27,0.1935483870967742,6.5,0.18143412370270853,1,0.6700500938383527
822720,656492,9,27,0.1935483870967742,7.5,0.08873408856081942,1,0.8304055613510805
822720,656492,9,27,0.1935483870967742,8.5,0.03795636361365649,1,0.9255279583114591
824825,656492,9,26,0.1926605504587156,3.5,0.6997304382170303,1,0.09016180973333666
824825,656492,9,26,0.1926605504587156,4.5,0.5079439621046358,1,0.24211914442928412
824825,656492,9,26,0.1926605504587156,5.5,0.3246966580817682,1,0.45603460360593234
824825,656492,9,26,0.1926605504587156,6.5,0.18195673398853207,1,0.6691947850667093
824825,656492,9,26,0.1926605504587156,7.5,0.08926088415020957,1,0.8294457371388579
824825,656492,9,26,0.1926605504587156,8.5,0.03833285997459179,1,0.9248036882046481
822714,656492,2,20,0.21875,3.5,0.8118131810227013,0,0.6590406408821972
822714,656492,2,20,0.21875,4.5,0.6527139094719913,0,0.4260354476182108
822714,656492,2,20,0.21875,5.5,0.4708077939010593,0,0.22165997879798235
822714,656492,2,20,0.21875,6.5,0.30136060729286157,0,0.09081821562792233
822714,656492,2,20,0.21875,7.5,0.17010244914038977,0,0.02893484320355889
822714,656492,2,20,0.21875,8.5,0.08439077194116693,0,0.007121802388826047
822710,656492,9,25,0.1917808219178082,3.5,0.6994073700533656,1,0.09035592917823428
822710,656492,9,25,0.1917808219178082,4.5,0.5079224194822538,1,0.242140345248199
822710,656492,9,25,0.1917808219178082,5.5,0.32494453427004744,1,0.45569988181188315
822710,656492,9,25,0.1917808219178082,6.5,0.18229074033774356,1,0.6686484333373954
822710,656492,9,25,0.1917808219178082,7.5,0.08952868358129758,1,0.8289580180212048
822710,656492,9,25,0.1917808219178082,8.5,0.038488975780853994,1,0.9245034496949512
824978,656492,2,28,0.22685185185185186,3.5,0.810839050310999,0,0.6574599655092428
824978,656492,2,28,0.22685185185185186,4.5,0.6513127684698488,0,0.4242083223718588
824978,656492,2,28,0.22685185185185186,5.5,0.46987875992280476,0,0.2207860490265928
824978,656492,2,28,0.22685185185185186,6.5,0.30144497661380326,0,0.09086907392569639
824978,656492,2,28,0.22685185185185186,7.5,0.17095248754104705,0,0.02922475299647185
824978,656492,2,28,0.22685185185185186,8.5,0.08539562506419521,0,0.007292412780104605
822704,656492,2,26,0.22477064220183487,3.5,0.8088653835180633,0,0.6542632086538236
822704,656492,2,26,0.22477064220183487,4.5,0.6496541184053329,0,0.42205047356101033
822704,656492,2,26,0.22477064220183487,5.5,0.46935335442615195,0,0.22029257131108101
822704,656492,2,26,0.22477064220183487,6.5,0.3021940297212011,0,0.09132123159913816
822704,656492,2,26,0.22477064220183487,7.5,0.1724561442585258,0,0.02974112169251746
822704,656492,2,26,0.22477064220183487,8.5,0.08696146463021197,0,0.007562296330631607
824892,656492,3,25,0.2191780821917808,3.5,0.7950411542570396,0,0.6320904369623658
824892,656492,3,25,0.2191780821917808,4.5,0.6307326004887223,0,0.39782361331926613
824892,656492,3,25,0.2191780821917808,5.5,0.44892344391418165,0,0.2015322584957694
824892,656492,3,25,0.2191780821917808,6.5,0.28416306649581863,0,0.08074864836030704
824892,656492,3,25,0.2191780821917808,7.5,0.15916271559314366,0,0.025332770034983933
824892,656492,3,25,0.2191780821917808,8.5,0.07866043796558343,0,0.006187464500937399
824917,656550,4,25,0.1724137931034483,3.5,0.43142785277971174,1,0.32327428659468915
824917,656550,4,25,0.1724137931034483,4.5,0.24316126210831468,0,0.05912739939010851
824917,656550,4,25,0.1724137931034483,5.5,0.11699636573677176,0,0.01368814959561246
824917,656550,4,25,0.1724137931034483,6.5,0.048094435605562876,0,0.002313074736217634
824917,656550,4,25,0.1724137931034483,7.5,0.01691534672823056,0,0.00028612895493626035
824917,656550,4,25,0.1724137931034483,8.5,0.005099644015493663,0,2.6006369084760335e-05
824591,656550,2,18,0.17679558011049723,3.5,0.4805897652854158,0,0.23096652249709104
824591,656550,2,18,0.17679558011049723,4.5,0.28816110836024417,0,0.08303682437140437
824591,656550,2,18,0.17679558011049723,5.5,0.1488559124965261,0,0.022158082685173438
824591,656550,2,18,0.17679558011049723,6.5,0.06615371661541153,0,0.004376314222032176
824591,656550,2,18,0.17679558011049723,7.5,0.025302804723487303,0,0.0006402319268749314
824591,656550,2,18,0.17679558011049723,8.5,0.008344346361134222,0,6.962811619457393e-05
824912,656550,2,13,0.17204301075268819,3.5,0.48237810348653476,0,0.23268863472326604
824912,656550,2,13,0.17204301075268819,4.5,0.283737103961913,0,0.08050674416469342
824912,656550,2,13,0.17204301075268819,5.5,0.1424092226267479,0,0.020280386689154647
824912,656550,2,13,0.17204301075268819,6.5,0.06112182792317921,0,0.00373587784867073
824912,656550,2,13,0.17204301075268819,7.5,0.02251641565392842,0,0.0005069889739004727
824912,656550,2,13,0.17204301075268819,8.5,0.007148786726752733,0,5.110515166459606e-05
823288,656550,4,21,0.16853932584269662,3.5,0.4306060665296987,1,0.3242094514727819
823288,656550,4,21,0.16853932584269662,4.5,0.24503174022713745,0,0.06004055371873937
823288,656550,4,21,0.16853932584269662,5.5,0.11984938496725045,0,0.014363875077028198
823288,656550,4,21,0.16853932584269662,6.5,0.050448212115914576,0,0.00254502210569231
823288,656550,4,21,0.16853932584269662,7.5,0.018308246332149808,0,0.0003351918837586769
823288,656550,4,21,0.16853932584269662,8.5,0.005741856495521762,0,3.2968916015165446e-05
823207,656550,4,13,0.16129032258064516,3.5,0.43195795390608543,1,0.32267176613056103
823207,656550,4,13,0.16129032258064516,4.5,0.24044887453757122,0,0.05781566126638466
823207,656550,4,13,0.16129032258064516,5.5,0.11357114553929835,0,0.012898405099108489
823207,656550,4,13,0.16129032258064516,6.5,0.04569850996720366,0,0.0020883538132226123
823207,656550,4,13,0.16129032258064516,7.5,0.015742153864588514,0,0.0002478154082963791
823207,656550,4,13,0.16129032258064516,8.5,0.004665414619781788,0,2.1766093574473648e-05
824904,656550,2,22,0.1807909604519774,3.5,0.4793404591606119,0,0.22976727578830625
824904,656550,2,22,0.1807909604519774,4.5,0.28716282324905984,0,0.08246248705637078
824904,656550,2,22,0.1807909604519774,5.5,0.14873865412171233,0,0.022123187229938373
824904,656550,2,22,0.1807909604519774,6.5,0.06661938362108004,0,0.004438142274052628
824904,656550,2,22,0.1807909604519774,7.5,0.02582979552307633,0,0.0006671783367639341
824904,656550,2,22,0.1807909604519774,8.5,0.008685108862344462,0,7.543111595077431e-05
823360,656550,5,20,0.16201117318435754,3.5,0.405992979857912,1,0.3528443399780829
823360,656550,5,20,0.16201117318435754,4.5,0.22468025011208867,1,0.6011207145662534
823360,656550,5,20,0.16201117318435754,5.5,0.10647638438441889,0,0.011337220431578523
823360,656550,5,20,0.16201117318435754,6.5,0.043276633928658166,0,0.001872867044195087
823360,656550,5,20,0.16201117318435754,7.5,0.01511865414789057,0,0.00022857370324352874
823360,656550,5,20,0.16201117318435754,8.5,0.004551992667003931,0,2.0720637240457557e-05
824897,656550,2,24,0.18285714285714286,3.5,0.48009434731911343,0,0.2304905823277655
824897,656550,2,24,0.18285714285714286,4.5,0.2863709529050125,0,0.0820083226677249
824897,656550,2,24,0.18285714285714286,5.5,0.14719860827708833,0,0.021667430278711697
824897,656550,2,24,0.18285714285714286,6.5,0.06521669189191721,0,0.004253216901325261
824897,656550,2,24,0.18285714285714286,7.5,0.024940488096834298,0,0.0006220279465083333
824897,656550,2,24,0.18285714285714286,8.5,0.008252627557252734,0,6.810586159872722e-05
824812,656550,5,22,0.1638418079096045,3.5,0.4055664822779514,1,0.35335120699140904
824812,656550,5,22,0.1638418079096045,4.5,0.2240103437341342,1,0.6021599466316165
824812,656550,5,22,0.1638418079096045,5.5,0.1060337234000795,0,0.011243150498084565
824812,656550,5,22,0.1638418079096045,6.5,0.0431220991337017,0,0.001859515433696797
824812,656550,5,22,0.1638418079096045,7.5,0.01511159255323915,0,0.00022836022949511295
824812,656550,5,22,0.1638418079096045,8.5,0.0045778253761466,0,2.095648517449176e-05
824894,656550,4,21,0.16853932584269662,3.5,0.4306060665296987,1,0.3242094514727819
824894,656550,4,21,0.16853932584269662,4.5,0.24503174022713745,0,0.06004055371873937
824894,656550,4,21,0.16853932584269662,5.5,0.11984938496725045,0,0.014363875077028198
824894,656550,4,21,0.16853932584269662,6.5,0.050448212115914576,0,0.00254502210569231
824894,656550,4,21,0.16853932584269662,7.5,0.018308246332149808,0,0.0003351918837586769
824894,656550,4,21,0.16853932584269662,8.5,0.005741856495521762,0,3.2968916015165446e-05
824914,656605,4,25,0.1717171717171717,3.5,0.5285375858296624,1,0.22227680797532298
824914,656605,4,25,0.1717171717171717,4.5,0.3291944115130995,0,0.10836896057145591
824914,656605,4,25,0.1717171717171717,5.5,0.17726713279444806,0,0.03142363636916448
824914,656605,4,25,0.1717171717171717,6.5,0.08253270886136974,0,0.006811648031995619
824914,656605,4,25,0.1717171717171717,7.5,0.03325994927170258,0,0.0011062242255562291
824914,656605,4,25,0.1717171717171717,8.5,0.011619610612730548,0,0.00013501535079148038
823371,656605,3,24,0.17587939698492464,3.5,0.5513739894624591,0,0.3040132762557479
823371,656605,3,24,0.17587939698492464,4.5,0.3518068401491814,0,0.12376805277575167
823371,656605,3,24,0.17587939698492464,5.5,0.19480908090057752,0,0.037950578001327756
823371,656605,3,24,0.17587939698492464,6.5,0.09353848314243918,0,0.008749447828588379
823371,656605,3,24,0.17587939698492464,7.5,0.03895710516316761,0,0.0015176560426941005
823371,656605,3,24,0.17587939698492464,8.5,0.014086309858370494,0,0.0001984241254260258
824991,656605,7,24,0.15577889447236182,3.5,0.4558359939939521,1,0.2961144654325502
824991,656605,7,24,0.15577889447236182,4.5,0.2636421815491167,1,0.5422228367937438
824991,656605,7,24,0.15577889447236182,5.5,0.13079569140134514,1,0.7555161300864656
824991,656605,7,24,0.15577889447236182,6.5,0.05578569476699777,1,0.8915406542066411
824991,656605,7,24,0.15577889447236182,7.5,0.02050986335105888,0,0.0004206544946791082
824991,656605,7,24,0.15577889447236182,8.5,0.006517436449612692,0,4.24769778747401e-05
823365,656605,4,26,0.17258883248730963,3.5,0.5290659870377201,1,0.2217788445647568
823365,656605,4,26,0.17258883248730963,4.5,0.3290251637653564,0,0.1082575583908196
823365,656605,4,26,0.17258883248730963,5.5,0.17663376530363523,0,0.031199487045339692
823365,656605,4,26,0.17258883248730963,6.5,0.08184114847295136,0,0.006697973583371669
823365,656605,4,26,0.17258883248730963,7.5,0.032757820392834834,0,0.0010730747968892256
823365,656605,4,26,0.17258883248730963,8.5,0.011342011932959709,0,0.00012864123468740043
823362,656605,4,23,0.17,3.5,0.5282418093387086,1,0.2225557904560154
823362,656605,4,23,0.17,4.5,0.3296963050744134,0,0.10869965357972067
823362,656605,4,23,0.17,5.5,0.1780822678377979,0,0.03171329411825319
823362,656605,4,23,0.17,6.5,0.08320892296450608,0,0.0069237248609131065
823362,656605,4,23,0.17,7.5,0.033653425809560746,0,0.0011325530687196093
823362,656605,4,23,0.17,8.5,0.011794863171868673,0,0.00013911879724310392
822714,656605,1,26,0.18781725888324874,3.5,0.5969343232869838,0,0.3563305863180893
822714,656605,1,26,0.18781725888324874,4.5,0.39668369523048225,0,0.15735795406171013
822714,656605,1,26,0.18781725888324874,5.5,0.2296164841616997,0,0.05272372979878009
822714,656605,1,26,0.18781725888324874,6.5,0.11548585474403725,0,0.01333698264596087
822714,656605,1,26,0.18781725888324874,7.5,0.05042363323691969,0,0.0025425427888113917
822714,656605,1,26,0.18781725888324874,8.5,0.019112013473386043,0,0.00036526905900688964
823359,656605,3,15,0.16826923076923078,3.5,0.5556833843034141,0,0.30878402359089585
823359,656605,3,15,0.16826923076923078,4.5,0.3497678456220242,0,0.12233754583107213
823359,656605,3,15,0.16826923076923078,5.5,0.18893763472286093,0,0.035697429814669224
823359,656605,3,15,0.16826923076923078,6.5,0.08763032132860028,0,0.007679073216153738
823359,656605,3,15,0.16826923076923078,7.5,0.034982746645841875,0,0.001223792562887161
823359,656605,3,15,0.16826923076923078,8.5,0.012056422158531347,0,0.00014535731526472566
823518,656605,6,21,0.15841584158415842,3.5,0.4809755081267852,1,0.26938642316424877
823518,656605,6,21,0.15841584158415842,4.5,0.2858196440435509,1,0.5100535808340803
823518,656605,6,21,0.15841584158415842,5.5,0.14590079809842507,1,0.7294854466889072
823518,656605,6,21,0.15841584158415842,6.5,0.06401273449888309,0,0.004097630178024498
823518,656605,6,21,0.15841584158415842,7.5,0.024176831113314298,0,0.0005845191626817223
823518,656605,6,21,0.15841584158415842,8.5,0.007876767713482467,0,6.204346961215982e-05
823353,656605,4,23,0.17,3.5,0.5282418093387086,1,0.2225557904560154
823353,656605,4,23,0.17,4.5,0.3296963050744134,0,0.10869965357972067
823353,656605,4,23,0.17,5.5,0.1780822678377979,0,0.03171329411825319
823353,656605,4,23,0.17,6.5,0.08320892296450608,0,0.0069237248609131065
823353,656605,4,23,0.17,7.5,0.033653425809560746,0,0.0011325530687196093
823353,656605,4,23,0.17,8.5,0.011794863171868673,0,0.00013911879724310392
824483,656605,2,16,0.17391304347826086,3.5,0.5782057595648071,0,0.33432190039391557
824483,656605,2,16,0.17391304347826086,4.5,0.3738665995452964,0,0.13977623425556301
824483,656605,2,16,0.17391304347826086,5.5,0.2084098574601695,0,0.043434668686568166
824483,656605,2,16,0.17391304347826086,6.5,0.10003226319576701,0,0.010006453680067202
824483,656605,2,16,0.17391304347826086,7.5,0.041390903497527984,0,0.0017132068923416742
824483,656605,2,16,0.17391304347826086,8.5,0.014797394747761455,0,0.00021896289132107831
823618,656849,1,20,0.16766467065868262,3.5,0.4699114986934128,0,0.2208168166042893
823618,656849,1,20,0.16766467065868262,4.5,0.2736431917004636,0,0.07488059636401666
823618,656849,1,20,0.16766467065868262,5.5,0.13592859616958614,0,0.018476583256634427
823618,656849,1,20,0.16766467065868262,6.5,0.0577189168681039,0,0.0033314733644270894
823618,656849,1,20,0.16766467065868262,7.5,0.0210276004226449,0,0.00044215997953441595
823618,656849,1,20,0.16766467065868262,8.5,0.006598967034640373,0,4.3546365924270356e-05
824505,656849,1,13,0.16091954022988506,3.5,0.4707635172651917,0,0.22161828918789447
824505,656849,1,13,0.16091954022988506,4.5,0.2668710972041113,0,0.07122018252292621
824505,656849,1,13,0.16091954022988506,5.5,0.1275010086253546,0,0.01625650720048275
824505,656849,1,13,0.16091954022988506,6.5,0.051637481492419715,0,0.0026664294948799887
824505,656849,1,13,0.16091954022988506,7.5,0.017852025081566,0,0.0003186947995128616
824505,656849,1,13,0.16091954022988506,8.5,0.005303006712296047,0,2.8121880190656926e-05
823449,656849,5,20,0.1437125748502994,3.5,0.3550181518173607,1,0.4160015844850931
823449,656849,5,20,0.1437125748502994,4.5,0.1807890510938959,1,0.6711065788076396
823449,656849,5,20,0.1437125748502994,5.5,0.07756573171304341,0,0.006016442736179829
823449,656849,5,20,0.1437125748502994,6.5,0.02821144329750017,0,0.0007958855329280672
823449,656849,5,20,0.1437125748502994,7.5,0.008753731931582588,0,7.662782273000863e-05
823449,656849,5,20,0.1437125748502994,8.5,0.0023306661304713415,0,5.432004611726257e-06
823770,656849,2,20,0.16167664670658682,3.5,0.44163770455557194,0,0.19504386208511465
823770,656849,2,20,0.16167664670658682,4.5,0.24933278427545089,0,0.06216683731454853
823770,656849,2,20,0.16167664670658682,5.5,0.11969144788269102,0,0.014326042696254941
823770,656849,2,20,0.16167664670658682,6.5,0.04900995024279078,0,0.002401975222800828
823770,656849,2,20,0.16167664670658682,7.5,0.017192067232514253,0,0.0002955671757272903
823770,656849,2,20,0.16167664670658682,8.5,0.005189707394132185,0,2.6933062836710276e-05
824659,656849,3,23,0.15853658536585366,3.5,0.41258633692917224,0,0.17022748542063243
824659,656849,3,23,0.15853658536585366,4.5,0.22492410953324898,0,0.050590855049324986
824659,656849,3,23,0.15853658536585366,5.5,0.10396354159707849,0,0.01080841798140747
824659,656849,3,23,0.15853658536585366,6.5,0.04095553768700431,0,0.0016773560672316303
824659,656849,3,23,0.15853658536585366,7.5,0.01383445361990045,0,0.00019139210696117668
824659,656849,3,23,0.15853658536585366,8.5,0.004030838478104036,0,1.624765883656406e-05
824816,656849,2,20,0.16167664670658682,3.5,0.44163770455557194,0,0.19504386208511465
824816,656849,2,20,0.16167664670658682,4.5,0.24933278427545089,0,0.06216683731454853
824816,656849,2,20,0.16167664670658682,5.5,0.11969144788269102,0,0.014326042696254941
824816,656849,2,20,0.16167664670658682,6.5,0.04900995024279078,0,0.002401975222800828
824816,656849,2,20,0.16167664670658682,7.5,0.017192067232514253,0,0.0002955671757272903
824816,656849,2,20,0.16167664670658682,8.5,0.005189707394132185,0,2.6933062836710276e-05
824652,656849,4,24,0.15337423312883436,3.5,0.3836840408000023,1,0.37984536156461324
824652,656849,4,24,0.15337423312883436,4.5,0.20155112918632764,0,0.040622857676283736
824652,656849,4,24,0.15337423312883436,5.5,0.08932012115825635,0,0.007978084043725594
824652,656849,4,24,0.15337423312883436,6.5,0.03359668205924982,0,0.001128737045390319
824652,656849,4,24,0.15337423312883436,7.5,0.010798100214873405,0,0.00011659896825044908
824652,656849,4,24,0.15337423312883436,8.5,0.002985017315827575,0,8.91032837579046e-06
823025,656849,3,22,0.15757575757575756,3.5,0.4125993245987158,0,0.17023820265931644
823025,656849,3,22,0.15757575757575756,4.5,0.22532470216919062,0,0.05077122140763446
823025,656849,3,22,0.15757575757575756,5.5,0.10441757215799566,0,0.01090302937537023
823025,656849,3,22,0.15757575757575756,6.5,0.04126334487374053,0,0.0017026636301692491
823025,656849,3,22,0.15757575757575756,7.5,0.013984100824238479,0,0.0001955550758624673
823025,656849,3,22,0.15757575757575756,8.5,0.004086224314971513,0,1.6697229152264407e-05
824649,656849,8,25,0.12962962962962962,3.5,0.26791988964980007,1,0.5359412879703609
824649,656849,8,25,0.12962962962962962,4.5,0.11958717922728455,1,0.7751267349809695
824649,656849,8,25,0.12962962962962962,5.5,0.04435824201999798,1,0.9132511695951089
824649,656849,8,25,0.12962962962962962,6.5,0.013796916134961945,1,0.9725965226249114
824649,656849,8,25,0.12962962962962962,7.5,0.003627674482373547,1,0.9927578110574029
824649,656849,8,25,0.12962962962962962,8.5,0.0008118977535772392,0,6.591779622637675e-07
823860,656876,9,22,0.2857142857142857,3.5,0.8983805313189734,1,0.010326516415014139
823860,656876,9,22,0.2857142857142857,4.5,0.792045501296554,1,0.04324507353100151
823860,656876,9,22,0.2857142857142857,5.5,0.6462661129588299,1,0.12512766284125532
823860,656876,9,22,0.2857142857142857,6.5,0.47967801208141053,1,0.2707349711115527
823860,656876,9,22,0.2857142857142857,7.5,0.3193340795028395,1,0.4633060953262469
823860,656876,9,22,0.2857142857142857,8.5,0.18871054041462829,1,0.6581905872343244
822970,656876,13,24,0.26865671641791045,3.5,0.8655845250219183,1,0.01806751991358331
822970,656876,13,24,0.26865671641791045,4.5,0.7370623129398335,1,0.06913622727655006
822970,656876,13,24,0.26865671641791045,5.5,0.5732171886005138,1,0.18214356810604937
822970,656876,13,24,0.26865671641791045,6.5,0.4007915968430829,1,0.35905071041386255
822970,656876,13,24,0.26865671641791045,7.5,0.24902925391317304,1,0.5639570614782055
822970,656876,13,24,0.26865671641791045,8.5,0.136440744018958,1,0.7457345885905308
823939,656876,7,26,0.3015075376884422,3.5,0.9149573388900383,1,0.007232254208663797
823939,656876,7,26,0.3015075376884422,4.5,0.8192594988354823,1,0.032667128761201016
823939,656876,7,26,0.3015075376884422,5.5,0.6821803377412321,1,0.10100933771827729
823939,656876,7,26,0.3015075376884422,6.5,0.5186949473793822,1,0.23165455367813573
823939,656876,7,26,0.3015075376884422,7.5,0.35455347309622265,0,0.1257081652845939
823939,656876,7,26,0.3015075376884422,8.5,0.21522871436124377,0,0.04632339948559386
822964,656876,5,24,0.30845771144278605,3.5,0.9249421976975665,1,0.005633673686471196
822964,656876,5,24,0.30845771144278605,4.5,0.8382526786168008,1,0.026162195974639944
822964,656876,5,24,0.30845771144278605,5.5,0.7111207887876113,0,0.5056927762459145
822964,656876,5,24,0.30845771144278605,6.5,0.5548514429417646,0,0.30786012373455823
822964,656876,5,24,0.30845771144278605,7.5,0.39207130677879165,0,0.15371990959922935
822964,656876,5,24,0.30845771144278605,8.5,0.24786200315152662,0,0.061435572606287396
822959,656876,5,24,0.30845771144278605,3.5,0.9249421976975665,1,0.005633673686471196
822959,656876,5,24,0.30845771144278605,4.5,0.8382526786168008,1,0.026162195974639944
822959,656876,5,24,0.30845771144278605,5.5,0.7111207887876113,0,0.5056927762459145
822959,656876,5,24,0.30845771144278605,6.5,0.5548514429417646,0,0.30786012373455823
822959,656876,5,24,0.30845771144278605,7.5,0.39207130677879165,0,0.15371990959922935
822959,656876,5,24,0.30845771144278605,8.5,0.24786200315152662,0,0.061435572606287396
824171,656876,2,22,0.32019704433497537,3.5,0.9391958157969242,0,0.88208878041045
824171,656876,2,22,0.32019704433497537,4.5,0.8657259032915434,0,0.7494813396299588
824171,656876,2,22,0.32019704433497537,5.5,0.7535749153534763,0,0.567875153049999
824171,656876,2,22,0.32019704433497537,6.5,0.6086769106858345,0,0.37048758160205136
824171,656876,2,22,0.32019704433497537,7.5,0.4487200543423413,0,0.20134968716899374
824171,656876,2,22,0.32019704433497537,8.5,0.2977394664552367,0,0.08864878988504901
822954,656876,2,14,0.3080568720379147,3.5,0.9573177307650624,0,0.9164572376371686
822954,656876,2,14,0.3080568720379147,4.5,0.8887226450097327,0,0.7898279397530954
822954,656876,2,14,0.3080568720379147,5.5,0.7716515405366919,0,0.59544610001265
822954,656876,2,14,0.3080568720379147,6.5,0.6132075598716408,0,0.3760235114837319
822954,656876,2,14,0.3080568720379147,7.5,0.43868936549859006,0,0.19244835940155552
822954,656876,2,14,0.3080568720379147,8.5,0.27937511275446875,0,0.07805045362657212
822787,656876,5,23,0.3069306930693069,3.5,0.924349062954098,1,0.005723064275923024
822787,656876,5,23,0.3069306930693069,4.5,0.837608214117438,1,0.026371092122127855
822787,656876,5,23,0.3069306930693069,5.5,0.7107083297822165,0,0.5051063300218278
822787,656876,5,23,0.3069306930693069,6.5,0.5548492734319393,0,0.307857716227951
822787,656876,5,23,0.3069306930693069,7.5,0.3924438184772615,0,0.15401215066101379
822787,656876,5,23,0.3069306930693069,8.5,0.2484150824816354,0,0.061710053204357726
822950,656876,9,24,0.2885572139303483,3.5,0.8991866528429979,1,0.010163330964998218
822950,656876,9,24,0.2885572139303483,4.5,0.7925969909376872,1,0.043016008168101805
822950,656876,9,24,0.2885572139303483,5.5,0.6462426483598127,1,0.12514426383947913
822950,656876,9,24,0.2885572139303483,6.5,0.47914120230342894,1,0.2712938871379175
822950,656876,9,24,0.2885572139303483,7.5,0.31861514016099357,1,0.46428532721782245
822950,656876,9,24,0.2885572139303483,8.5,0.1881206198788618,1,0.6591481278658835
822944,656876,10,22,0.28078817733990147,3.5,0.8907990587012105,1,0.01192484558054168
822944,656876,10,22,0.28078817733990147,4.5,0.7791668530267133,1,0.048767278802125245
822944,656876,10,22,0.28078817733990147,5.5,0.6287778265664471,1,0.13780590204873083
822944,656876,10,22,0.28078817733990147,6.5,0.46024727875720495,1,0.2913330000890024
822944,656876,10,22,0.28078817733990147,7.5,0.3014443258211405,1,0.48798002992748085
822944,656876,10,22,0.28078817733990147,8.5,0.1749399622840248,1,0.6807240658358863
823780,657277,4,23,0.19230769230769232,3.5,0.7534386803353869,1,0.060792484354755545
823780,657277,4,23,0.19230769230769232,4.5,0.5708633669018195,0,0.32588498367048135
823780,657277,4,23,0.19230769230769232,5.5,0.38339957817181064,0,0.14699523654232233
823780,657277,4,23,0.19230769230769232,6.5,0.22742677855612364,0,0.0517229396044161
823780,657277,4,23,0.19230769230769232,7.5,0.11925030209247325,0,0.01422063454914613
823780,657277,4,23,0.19230769230769232,8.5,0.05542221944095294,0,0.003071622407761142
823218,657277,7,27,0.18359375,3.5,0.7062153560966176,1,0.08630941699343722
823218,657277,7,27,0.18359375,4.5,0.5124199148229761,1,0.23773433946123387
823218,657277,7,27,0.18359375,5.5,0.3273424500714445,1,0.452468179475887
823218,657277,7,27,0.18359375,6.5,0.18401296023086935,1,0.6658348490711888
823218,657277,7,27,0.18359375,7.5,0.09132645065309092,0,0.00834052058889145
823218,657277,7,27,0.18359375,8.5,0.04019789691814049,0,0.0016158709166414489
823212,657277,7,30,0.1857707509881423,3.5,0.7084281915359872,1,0.08501411949097494
823212,657277,7,30,0.1857707509881423,4.5,0.5135605386022781,1,0.23662334960490575
823212,657277,7,30,0.1857707509881423,5.5,0.3268626501062437,1,0.4531138918219893
823212,657277,7,30,0.1857707509881423,6.5,0.1824192516796678,1,0.6684382800240344
823212,657277,7,30,0.1857707509881423,7.5,0.08953709211608676,0,0.008016890864604607
823212,657277,7,30,0.1857707509881423,8.5,0.03883279091097134,0,0.0015079856499352182
823852,657277,5,30,0.19367588932806323,3.5,0.7403306273616612,1,0.06742818308638844
823852,657277,5,30,0.19367588932806323,4.5,0.5526921044249344,1,0.20008435344379374
823852,657277,5,30,0.19367588932806323,5.5,0.36407382182500325,0,0.13254974773826422
823852,657277,5,30,0.19367588932806323,6.5,0.21101354396162927,0,0.04452671573524645
823852,657277,5,30,0.19367588932806323,7.5,0.10781132766944053,0,0.011623282373847472
823852,657277,5,30,0.19367588932806323,8.5,0.04875142280713797,0,0.0023767012257203323
823207,657277,6,24,0.18532818532818532,3.5,0.7224389863666979,1,0.07704011628914612
823207,657277,6,24,0.18532818532818532,4.5,0.5323208022471724,1,0.21872383201072845
823207,657277,6,24,0.18532818532818532,5.5,0.3461602186866259,1,0.42750645962792083
823207,657277,6,24,0.18532818532818532,6.5,0.19828699043058837,0,0.03931773057402024
823207,657277,6,24,0.18532818532818532,7.5,0.10025185644870976,0,0.01005043472141271
823207,657277,6,24,0.18532818532818532,8.5,0.04488986420374876,0,0.0020150999082310045
824336,657277,2,21,0.1984732824427481,3.5,0.7834743031434246,0,0.6138319836860747
824336,657277,2,21,0.1984732824427481,4.5,0.6089059406819894,0,0.37076644459781843
824336,657277,2,21,0.1984732824427481,5.5,0.42079812040282455,0,0.17707105813455
824336,657277,2,21,0.1984732824427481,6.5,0.25719158055841185,0,0.06614750911013405
824336,657277,2,21,0.1984732824427481,7.5,0.13900079795491244,0,0.01932122183210239
824336,657277,2,21,0.1984732824427481,8.5,0.06658480230308278,0,0.004433535897740618
823202,657277,2,30,0.20553359683794467,3.5,0.7834502224609675,0,0.6137942510741395
823202,657277,2,30,0.20553359683794467,4.5,0.6087639260131866,0,0.37059351761498854
823202,657277,2,30,0.20553359683794467,5.5,0.4205890768624104,0,0.1768951715759746
823202,657277,2,30,0.20553359683794467,6.5,0.2570357447581083,0,0.0660673740833554
823202,657277,2,30,0.20553359683794467,7.5,0.13897687425549765,0,0.019314571577828406
823202,657277,2,30,0.20553359683794467,8.5,0.06667556851708213,0,0.004445631437076114
823116,657277,5,26,0.19066147859922178,3.5,0.7376841206583186,1,0.06880962055479957
823116,657277,5,26,0.19066147859922178,4.5,0.55115348580486,1,0.201463193305128
823116,657277,5,26,0.19066147859922178,5.5,0.3644260053557668,0,0.13280631337956136
823116,657277,5,26,0.19066147859922178,6.5,0.21279358907246743,0,0.04528111155034213
823116,657277,5,26,0.19066147859922178,7.5,0.10995234538547453,0,0.012089518255766683
823116,657277,5,26,0.19066147859922178,8.5,0.05045346408404597,0,0.0025455520380801163
823196,657277,4,25,0.1937984496124031,3.5,0.7525950665036747,1,0.06120920111832115
823196,657277,4,25,0.1937984496124031,4.5,0.5701529596047576,0,0.3250743973460644
823196,657277,4,25,0.1937984496124031,5.5,0.383209486014351,0,0.1468495101713831
823196,657277,4,25,0.1937984496124031,6.5,0.22780369959054322,0,0.05189452554713846
823196,657277,4,25,0.1937984496124031,7.5,0.11992370315279857,0,0.01438169457788055
823196,657277,4,25,0.1937984496124031,8.5,0.05607227062005378,0,0.0031440995324885463
823192,657277,4,23,0.19230769230769232,3.5,0.7534386803353869,1,0.060792484354755545
823192,657277,4,23,0.19230769230769232,4.5,0.5708633669018195,0,0.32588498367048135
823192,657277,4,23,0.19230769230769232,5.5,0.38339957817181064,0,0.14699523654232233
823192,657277,4,23,0.19230769230769232,6.5,0.22742677855612364,0,0.0517229396044161
823192,657277,4,23,0.19230769230769232,7.5,0.11925030209247325,0,0.01422063454914613
823192,657277,4,23,0.19230769230769232,8.5,0.05542221944095294,0,0.003071622407761142
822867,657277,8,24,0.1776061776061776,3.5,0.6895033883915833,1,0.09640814582030796
822867,657277,8,24,0.1776061776061776,4.5,0.49296553027109347,1,0.25708395349327345
822867,657277,8,24,0.1776061776061776,5.5,0.30952715884803356,1,0.47675274436846876
822867,657277,8,24,0.1776061776061776,6.5,0.17061123350476126,1,0.6878857259884936
822867,657277,8,24,0.1776061776061776,7.5,0.08280242835020377,1,0.841251385440283
822867,657277,8,24,0.1776061776061776,8.5,0.0355264794400052,0,0.0012621307414011121
823702,657746,9,27,0.25806451612903225,3.5,0.8940257594837282,1,0.011230539653000624
823702,657746,9,27,0.25806451612903225,4.5,0.7734226161058806,1,0.05133731089230316
823702,657746,9,27,0.25806451612903225,5.5,0.610376377171462,1,0.15180656746603485
823702,657746,9,27,0.25806451612903225,6.5,0.4331810438963579,1,0.3212837289984225
823702,657746,9,27,0.25806451612903225,7.5,0.2741422477922379,1,0.5268694764401048
823702,657746,9,27,0.25806451612903225,8.5,0.1540116717014523,1,0.7156962516173713
823697,657746,5,26,0.27522935779816515,3.5,0.9233361663908602,1,0.005877343383649866
823697,657746,5,26,0.27522935779816515,4.5,0.8253581453915887,1,0.030499777381065473
823697,657746,5,26,0.27522935779816515,5.5,0.6815328158662175,0,0.4644869791025355
823697,657746,5,26,0.27522935779816515,6.5,0.5116234570583404,0,0.26175856181232754
823697,657746,5,26,0.27522935779816515,7.5,0.34559080743792137,0,0.11943300618559445
823697,657746,5,26,0.27522935779816515,8.5,0.20877277895392196,0,0.04358607323214316
823695,657746,8,24,0.2590909090909091,3.5,0.9006822738251619,1,0.009864010732540129
823695,657746,8,24,0.2590909090909091,4.5,0.785740501288325,1,0.04590713278817828
823695,657746,8,24,0.2590909090909091,5.5,0.6278926581243447,1,0.13846387387776582
823695,657746,8,24,0.2590909090909091,6.5,0.453067787379427,1,0.2991348452020357
823695,657746,8,24,0.2590909090909091,7.5,0.2926310596286093,1,0.5003708178021442
823695,657746,8,24,0.2590909090909091,8.5,0.16833703027859442,0,0.028337355763016416
822889,657746,7,20,0.25892857142857145,3.5,0.9117016330846749,1,0.0077966015999133805
822889,657746,7,20,0.25892857142857145,4.5,0.8033316110938382,1,0.038678455194945296
822889,657746,7,20,0.25892857142857145,5.5,0.6491975416947208,1,0.12306236475302718
822889,657746,7,20,0.25892857142857145,6.5,0.47340069847717037,1,0.277306824364332
822889,657746,7,20,0.25892857142857145,7.5,0.3083087762711399,0,0.0950543015258078
822889,657746,7,20,0.25892857142857145,8.5,0.1782698540703668,0,0.031780140870269875
823691,657746,9,27,0.25806451612903225,3.5,0.8940257594837282,1,0.011230539653000624
823691,657746,9,27,0.25806451612903225,4.5,0.7734226161058806,1,0.05133731089230316
823691,657746,9,27,0.25806451612903225,5.5,0.610376377171462,1,0.15180656746603485
823691,657746,9,27,0.25806451612903225,6.5,0.4331810438963579,1,0.3212837289984225
823691,657746,9,27,0.25806451612903225,7.5,0.2741422477922379,1,0.5268694764401048
823691,657746,9,27,0.25806451612903225,8.5,0.1540116717014523,1,0.7156962516173713
824175,657746,5,21,0.26905829596412556,3.5,0.9241264237041547,1,0.005756799579921465
824175,657746,5,21,0.26905829596412556,4.5,0.8267846253016797,1,0.03000356603187949
824175,657746,5,21,0.26905829596412556,5.5,0.6832141115640826,0,0.46678152224029873
824175,657746,5,21,0.26905829596412556,6.5,0.512795880813615,0,0.26295961537941126
824175,657746,5,21,0.26905829596412556,7.5,0.34568059985844635,0,0.1194950771184953
824175,657746,5,21,0.26905829596412556,8.5,0.20782952014088224,0,0.043193109441989376
823525,657746,9,25,0.2557077625570776,3.5,0.8925775608865173,1,0.011539580425089898
823525,657746,9,25,0.2557077625570776,4.5,0.771743089904954,1,0.052101217006137915
823525,657746,9,25,0.2557077625570776,5.5,0.6092420566753262,1,0.15269177027132902
823525,657746,9,25,0.2557077625570776,6.5,0.433134688169666,1,0.32133628175650175
823525,657746,9,25,0.2557077625570776,7.5,0.2750972884959535,1,0.5254839411459189
823525,657746,9,25,0.2557077625570776,8.5,0.1554169623285451,1,0.7133205075223422
823682,657746,6,26,0.2706422018348624,3.5,0.916563834274632,1,0.006961593750951082
823682,657746,6,26,0.2706422018348624,4.5,0.8130622367589525,1,0.03494572732556593
823682,657746,6,26,0.2706422018348624,5.5,0.6642840473688915,1,0.11270520085101271
823682,657746,6,26,0.2706422018348624,6.5,0.49216401267320037,0,0.24222541537058614
823682,657746,6,26,0.2706422018348624,7.5,0.32745561230705433,0,0.10722717803138787
823682,657746,6,26,0.2706422018348624,8.5,0.19455014557586137,0,0.03784975914358885
824410,657746,3,22,0.27927927927927926,3.5,0.9352639494083919,0,0.874718655062983
824410,657746,3,22,0.27927927927927926,4.5,0.8481490972237626,0,0.7193568911214836
824410,657746,3,22,0.27927927927927926,5.5,0.7149680698752501,0,0.5111793409411405
824410,657746,3,22,0.27927927927927926,6.5,0.550776290190914,0,0.30335452183646594
824410,657746,3,22,0.27927927927927926,7.5,0.3831485062491484,0,0.14680277784095372
824410,657746,3,22,0.27927927927927926,8.5,0.2388237744447162,0,0.05703679524002068
823677,657746,4,26,0.2798165137614679,3.5,0.9296360276864747,1,0.004951088599738557
823677,657746,4,26,0.2798165137614679,4.5,0.8370373157582096,0,0.7006314679717087
823677,657746,4,26,0.2798165137614679,5.5,0.6982607107846999,0,0.4875680202255543
823677,657746,4,26,0.2798165137614679,6.5,0.5308918545764129,0,0.2818461612555831
823677,657746,4,26,0.2798165137614679,7.5,0.36392655223264914,0,0.1324425354199431
823677,657746,4,26,0.2798165137614679,8.5,0.2234577840863661,0,0.04993338126878901
825077,660271,6,20,0.2616822429906542,3.5,0.9427806554086228,1,0.0032740533954667707
825077,660271,6,20,0.2616822429906542,4.5,0.8614052666426513,1,0.019208500114394594
825077,660271,6,20,0.2616822429906542,5.5,0.7328631839218525,1,0.07136207850437003
825077,660271,6,20,0.2616822429906542,6.5,0.5701002952883187,0,0.3250143466878282
825077,660271,6,20,0.2616822429906542,7.5,0.4004106268663718,0,0.16032867010752083
825077,660271,6,20,0.2616822429906542,8.5,0.25194631686401975,0,0.06347694658134505
823372,660271,6,29,0.2857142857142857,3.5,0.9376271757258416,1,0.003890369207935038
823372,660271,6,29,0.2857142857142857,4.5,0.8539383427084445,1,0.021334007730755812
823372,660271,6,29,0.2857142857142857,5.5,0.7257828015072963,1,0.07519507194918683
823372,660271,6,29,0.2857142857142857,6.5,0.5667294992892536,0,0.32118232536464814
823372,660271,6,29,0.2857142857142857,7.5,0.40219152277669035,0,0.16175802099343303
823372,660271,6,29,0.2857142857142857,8.5,0.25755192315315706,0,0.06633299311988972
823940,660271,5,27,0.29,3.5,0.9449765072745142,1,0.0030275847517115878
823940,660271,5,27,0.29,4.5,0.8695441597706729,1,0.01701872624993972
823940,660271,5,27,0.29,5.5,0.7518119072821999,0,0.5652211439312992
823940,660271,5,27,0.29,6.5,0.6021508368491595,0,0.3625856303181431
823940,660271,5,27,0.29,7.5,0.4424764613107712,0,0.19578541881410239
823940,660271,5,27,0.29,8.5,0.2964460530474094,0,0.08788026236738747
823691,660271,8,24,0.2524271844660194,3.5,0.9032569181172135,1,0.009359223892179526
823691,660271,8,24,0.2524271844660194,4.5,0.7954871428223964,1,0.041825508750946885
823691,660271,8,24,0.2524271844660194,5.5,0.6479574587656002,1,0.12393395083877409
823691,660271,8,24,0.2524271844660194,6.5,0.4820427787304279,1,0.2682796830652965
823691,660271,8,24,0.2524271844660194,7.5,0.3247063934189448,1,0.45602145508924896
823691,660271,8,24,0.2524271844660194,8.5,0.19683407548855478,0,0.038743653273434084
823933,660271,9,27,0.25,3.5,0.8869300308831576,1,0.012784817916083697
823933,660271,9,27,0.25,4.5,0.7662173452597205,1,0.05465432965741272
823933,660271,9,27,0.25,5.5,0.6075087344625872,1,0.15404939352315986
823933,660271,9,27,0.25,6.5,0.43728304906541454,1,0.31665036686911674
823933,660271,9,27,0.25,7.5,0.28403033831048036,1,0.5126125564598053
823933,660271,9,27,0.25,8.5,0.16593807165516872,1,0.6956593003142985
822720,660604,4,21,0.22666666666666666,3.5,0.6311884185495991,1,0.13602198261194573
822720,660604,4,21,0.22666666666666666,4.5,0.4215125895278595,0,0.1776728631304818
822720,660604,4,21,0.22666666666666666,5.5,0.2429142664048871,0,0.059007340823024466
822720,660604,4,21,0.22666666666666666,6.5,0.12123990092624765,0,0.014699113576606344
822720,660604,4,21,0.22666666666666666,7.5,0.05277498914234099,0,0.002785199478974209
822720,660604,4,21,0.22666666666666666,8.5,0.02017211124135631,0,0.0004069140719336536
823609,660604,4,18,0.21794871794871795,3.5,0.6302388578745522,1,0.13672330222591558
823609,660604,4,18,0.21794871794871795,4.5,0.4227827194190448,0,0.17874522783936272
823609,660604,4,18,0.21794871794871795,5.5,0.245209742829783,0,0.060127817978648315
823609,660604,4,18,0.21794871794871795,6.5,0.12299617409365121,0,0.015128058841675757
823609,660604,4,18,0.21794871794871795,7.5,0.05347877691789305,0,0.0028599795806337706
823609,660604,4,18,0.21794871794871795,8.5,0.020195169294302897,0,0.0004078448628255546
823442,660604,4,18,0.21794871794871795,3.5,0.6302388578745522,1,0.13672330222591558
823442,660604,4,18,0.21794871794871795,4.5,0.4227827194190448,0,0.17874522783936272
823442,660604,4,18,0.21794871794871795,5.5,0.245209742829783,0,0.060127817978648315
823442,660604,4,18,0.21794871794871795,6.5,0.12299617409365121,0,0.015128058841675757
823442,660604,4,18,0.21794871794871795,7.5,0.05347877691789305,0,0.0028599795806337706
823442,660604,4,18,0.21794871794871795,8.5,0.020195169294302897,0,0.0004078448628255546
824496,660604,5,16,0.2,3.5,0.5827604096425588,1,0.17408887576164533
824496,660604,5,16,0.2,4.5,0.3701425438946398,1,0.39672041501151584
824496,660604,5,16,0.2,5.5,0.2004624248360357,0,0.04018518377114327
824496,660604,5,16,0.2,6.5,0.09272185112078069,0,0.00859734167526422
824496,660604,5,16,0.2,7.5,0.03677968747670605,0,0.0013527454108841677
824496,660604,5,16,0.2,8.5,0.012565076135849134,0,0.00015788113829968539
823439,660604,4,23,0.2328767123287671,3.5,0.6381356152892704,1,0.1309458329220749
823439,660604,4,23,0.2328767123287671,4.5,0.4240267142551224,0,0.17979865440199522
823439,660604,4,23,0.2328767123287671,5.5,0.23993923789360388,0,0.05757083788096344
823439,660604,4,23,0.2328767123287671,6.5,0.11534876527036757,0,0.013305337649398355
823439,660604,4,23,0.2328767123287671,7.5,0.04718749310667052,0,0.0022266595056920774
823439,660604,4,23,0.2328767123287671,8.5,0.016473739201479563,0,0.0002713840832783645
823276,663362,3,12,0.1111111111111111,3.5,0.012106352485658023,0,0.0001465637705069982
823276,663362,3,12,0.1111111111111111,4.5,0.0014492806032259168,0,2.100414266886877e-06
823276,663362,3,12,0.1111111111111111,5.5,0.00011714661792190338,0,1.3723330090540413e-08
823276,663362,3,12,0.1111111111111111,6.5,6.135452479902264e-06,0,3.764377713313884e-11
823276,663362,3,12,0.1111111111111111,7.5,1.8842575979506318e-07,0,3.550426695434685e-14
823276,663362,3,12,0.1111111111111111,8.5,2.5811747917131962e-09,0,6.662463305375662e-18
824088,663362,2,9,0.14285714285714285,3.5,0.05425217742362486,0,0.0029432987552044714
824088,663362,2,9,0.14285714285714285,4.5,0.012078603859034254,0,0.00014589267118347716
824088,663362,2,9,0.14285714285714285,5.5,0.0020463057076045422,0,4.187367048974926e-06
824088,663362,2,9,0.14285714285714285,6.5,0.00026419052989058755,0,6.979663608386943e-08
824088,663362,2,9,0.14285714285714285,7.5,2.5660691440196333e-05,0,6.584710851889654e-10
824088,663362,2,9,0.14285714285714285,8.5,1.8174610232914273e-06,0,3.303164571183522e-12
824893,663362,0,9,0.23809523809523808,3.5,0.22944694581377756,0,0.052645900943270575
824893,663362,0,9,0.23809523809523808,4.5,0.08714576264170518,0,0.007594383946404417
824893,663362,0,9,0.23809523809523808,5.5,0.02574165786888204,0,0.0006626329498385766
824893,663362,0,9,0.23809523809523808,6.5,0.005892892278064528,0,3.472617940087255e-05
824893,663362,0,9,0.23809523809523808,7.5,0.0010294992818826248,0,1.0598687713968401e-06
824893,663362,0,9,0.23809523809523808,8.5,0.00013273197530986534,0,1.7617777269658704e-08
824350,663372,4,22,0.16666666666666666,3.5,0.5330308798448097,1,0.21806015917851257
824350,663372,4,22,0.16666666666666666,4.5,0.3247321053447298,0,0.10545094024162069
824350,663372,4,22,0.16666666666666666,5.5,0.16852748338772117,0,0.028401512656998633
824350,663372,4,22,0.16666666666666666,6.5,0.07471812312952669,0,0.005582797923999112
824350,663372,4,22,0.16666666666666666,7.5,0.02842853782714963,0,0.0008081817629896775
824350,663372,4,22,0.16666666666666666,8.5,0.009324677464430324,0,8.694960981565473e-05
824346,663372,3,20,0.16990291262135923,3.5,0.5578542987660375,0,0.3112014186517475
824346,663372,3,20,0.16990291262135923,4.5,0.34779754170828114,0,0.12096313001832357
824346,663372,3,20,0.16990291262135923,5.5,0.1849198698014429,0,0.034195358247382596
824346,663372,3,20,0.16990291262135923,6.5,0.08398195372573468,0,0.007052968551591441
824346,663372,3,20,0.16990291262135923,7.5,0.03270168480680465,0,0.0010694001892035982
824346,663372,3,20,0.16990291262135923,8.5,0.01096344888037353,0,0.00012019721135256361
824667,663372,7,23,0.15270935960591134,3.5,0.45733925572397066,1,0.29448068337821415
824667,663372,7,23,0.15270935960591134,4.5,0.25733135549313135,1,0.5515567155336696
824667,663372,7,23,0.15270935960591134,5.5,0.12238252480808096,1,0.7702124327622386
824667,663372,7,23,0.15270935960591134,6.5,0.049477735612992395,1,0.9034925750954044
824667,663372,7,23,0.15270935960591134,7.5,0.017114312482847404,0,0.00029289969176054647
824667,663372,7,23,0.15270935960591134,8.5,0.005094577225725315,0,2.5954717108879042e-05
824344,663372,2,25,0.1791044776119403,3.5,0.5815929691875807,0,0.33825038180842626
824344,663372,2,25,0.1791044776119403,4.5,0.37088718676371113,0,0.13755730530549995
824344,663372,2,25,0.1791044776119403,5.5,0.20224950664352878,0,0.040904862937550794
824344,663372,2,25,0.1791044776119403,6.5,0.09440995214924582,0,0.008913239064822885
824344,663372,2,25,0.1791044776119403,7.5,0.03786127076800724,0,0.0014334758241683592
824344,663372,2,25,0.1791044776119403,8.5,0.013099416512872494,0,0.00017159471297771656
823686,663372,0,22,0.18627450980392157,3.5,0.6261441246893173,0,0.39205646488295137
823686,663372,0,22,0.18627450980392157,4.5,0.4178548223870599,0,0.17460265259212138
823686,663372,0,22,0.18627450980392157,5.5,0.2402394316244175,0,0.05771498450722317
823686,663372,0,22,0.18627450980392157,6.5,0.11890203749922211,0,0.014137694521466421
823686,663372,0,22,0.18627450980392157,7.5,0.050767989205841704,0,0.00257738872800446
823686,663372,0,22,0.18627450980392157,8.5,0.018756473643101644,0,0.0003518053035243667
824336,663372,9,24,0.14356435643564355,3.5,0.4052246874131895,1,0.35375767246273815
824336,663372,9,24,0.14356435643564355,4.5,0.2147766748181696,1,0.6165756704096105
824336,663372,9,24,0.14356435643564355,5.5,0.09568554274841556,1,0.8177846375942277
824336,663372,9,24,0.14356435643564355,6.5,0.03610535632164563,1,0.9290928841118219
824336,663372,9,24,0.14356435643564355,7.5,0.011628062685206428,1,0.9768790864713982
824336,663372,9,24,0.14356435643564355,8.5,0.0032180688228799588,1,0.9935742183211888
823201,663372,3,23,0.1724137931034483,3.5,0.5572243977638756,0,0.3104990294633138
823201,663372,3,23,0.1724137931034483,4.5,0.34771839627511447,0,0.12090808310813754
823201,663372,3,23,0.1724137931034483,5.5,0.18536131031798933,0,0.034358815362801935
823201,663372,3,23,0.1724137931034483,6.5,0.08459461399499742,0,0.007156248716962613
823201,663372,3,23,0.1724137931034483,7.5,0.03319059183818275,0,0.0011016153865688434
823201,663372,3,23,0.1724137931034483,8.5,0.011244892375400635,0,0.00012644760453434334
824330,663372,3,18,0.16826923076923078,3.5,0.5588522460727724,0,0.31231583294058257
824330,663372,3,18,0.16826923076923078,4.5,0.34711907478032694,0,0.12049165207635021
824330,663372,3,18,0.16826923076923078,5.5,0.18333071020851158,0,0.03361014930555725
824330,663372,3,18,0.16826923076923078,6.5,0.08248681575056718,0,0.006804074772668018
824330,663372,3,18,0.16826923076923078,7.5,0.03175355128245374,0,0.0010082880190474194
824330,663372,3,18,0.16826923076923078,8.5,0.010508429147157265,0,0.00011042708314082436
823758,663372,4,23,0.16748768472906403,3.5,0.5329911686131201,1,0.2180972485933392
823758,663372,4,23,0.16748768472906403,4.5,0.3246302789948992,0,0.1053848180403061
823758,663372,4,23,0.16748768472906403,5.5,0.16844775136763962,0,0.028374644940814136
823758,663372,4,23,0.16748768472906403,6.5,0.07469299435365537,0,0.005579043405515192
823758,663372,4,23,0.16748768472906403,7.5,0.028438126708105884,0,0.0008087270506662852
823758,663372,4,23,0.16748768472906403,8.5,0.009341327068881316,0,8.726039140781478e-05
824326,663372,3,26,0.175,3.5,0.558580857571312,0,0.3120125744451024
824326,663372,3,26,0.175,4.5,0.3475476709704331,0,0.12078938359697243
824326,663372,3,26,0.175,5.5,0.1840348788159828,0,0.03386883662081347
824326,663372,3,26,0.175,6.5,0.0830405150304678,0,0.006895727136525349
824326,663372,3,26,0.175,7.5,0.03203722148867536,0,0.0010263835607144424
824326,663372,3,26,0.175,8.5,0.01060682981247067,0,0.00011250483867071659
823700,663436,2,25,0.165,3.5,0.5085463367735679,0,0.2586193766458151
823700,663436,2,25,0.165,4.5,0.3012401000458245,0,0.09074559787561837
823700,663436,2,25,0.165,5.5,0.15137751575479358,0,0.022915152276092778
823700,663436,2,25,0.165,6.5,0.06480508405836977,0,0.004199698919812371
823700,663436,2,25,0.165,7.5,0.023767052936034,0,0.0005648728052642424
823700,663436,2,25,0.165,8.5,0.0075063114140804625,0,5.6344711045154635e-05
824590,663436,6,25,0.145,3.5,0.40515853209316427,1,0.35383637194155904
824590,663436,6,25,0.145,4.5,0.2142908026077742,1,0.6173389428667356
824590,663436,6,25,0.145,5.5,0.095178369125779,1,0.8187021836978849
824590,663436,6,25,0.145,6.5,0.03577557491584608,0,0.001279891760559315
824590,663436,6,25,0.145,7.5,0.011467974751256325,0,0.00013151444489545257
824590,663436,6,25,0.145,8.5,0.003155441799621096,0,9.956812950796022e-06
823535,663436,4,21,0.15196078431372548,3.5,0.45734166218836464,1,0.29447807159648703
823535,663436,4,21,0.15196078431372548,4.5,0.25721466251638553,0,0.0661593826134181
823535,663436,4,21,0.15196078431372548,5.5,0.12224473074639043,0,0.014943774195257494
823535,663436,4,21,0.15196078431372548,6.5,0.04937250580211324,0,0.0024376443291797057
823535,663436,4,21,0.15196078431372548,7.5,0.017049785105565686,0,0.0002906951721459695
823535,663436,4,21,0.15196078431372548,8.5,0.005060894530162186,0,2.561265344542553e-05
824260,663436,4,24,0.15422885572139303,3.5,0.4572333168846687,1,0.29459567230001843
824260,663436,4,24,0.15422885572139303,4.5,0.2569388184981721,0,0.06601755645123661
824260,663436,4,24,0.15422885572139303,5.5,0.12202539170331109,0,0.014890196220346503
824260,663436,4,24,0.15422885572139303,6.5,0.049282206931961496,0,0.002428735920084674
824260,663436,4,24,0.15422885572139303,7.5,0.017040484597243038,0,0.00029037811530887724
824260,663436,4,24,0.15422885572139303,8.5,0.005074377302832792,0,2.5749305011504606e-05
824581,663436,3,20,0.15609756097560976,3.5,0.4832141854311515,0,0.2334959490018913
824581,663436,3,20,0.15609756097560976,4.5,0.27906873189610215,0,0.07787935712209854
824581,663436,3,20,0.15609756097560976,5.5,0.13640574471504796,0,0.018606527191266833
824581,663436,3,20,0.15609756097560976,6.5,0.056691809128178186,0,0.0032139612222257877
824581,663436,3,20,0.15609756097560976,7.5,0.02014659466543835,0,0.000405885276613469
824581,663436,3,20,0.15609756097560976,8.5,0.006152771684019516,0,3.785659939567235e-05
824416,663436,0,19,0.16990291262135923,3.5,0.5581315662468569,0,0.3115108452411696
824416,663436,0,19,0.16990291262135923,4.5,0.34736047095226324,0,0.12065929678017812
824416,663436,0,19,0.16990291262135923,5.5,0.18420681290752028,0,0.03393214992154618
824416,663436,0,19,0.16990291262135923,6.5,0.08339995016603295,0,0.00695555168769678
824416,663436,0,19,0.16990291262135923,7.5,0.03236862280631592,0,0.0010477277423775553
824416,663436,0,19,0.16990291262135923,8.5,0.010814889157115275,0,0.00011696182748068954
824578,663436,2,20,0.16097560975609757,3.5,0.5085221929217653,0,0.25859482069396106
824578,663436,2,20,0.16097560975609757,4.5,0.301570589580467,0,0.09094482049991047
824578,663436,2,20,0.16097560975609757,5.5,0.15176457276234961,0,0.023032485545738512
824578,663436,2,20,0.16097560975609757,6.5,0.06505551259932497,0,0.0042322197195609305
824578,663436,2,20,0.16097560975609757,7.5,0.023873601916517655,0,0.0005699488684683554
824578,663436,2,20,0.16097560975609757,8.5,0.007535576218717054,0,5.678490894809401e-05
822790,663436,5,23,0.1485148514851485,3.5,0.4312137450688798,1,0.3235178037985693
822790,663436,5,23,0.1485148514851485,4.5,0.2356737383475014,1,0.5841946342516838
822790,663436,5,23,0.1485148514851485,5.5,0.10865059745055781,0,0.011804952326363161
822790,663436,5,23,0.1485148514851485,6.5,0.04254651427502621,0,0.001810205876955009
822790,663436,5,23,0.1485148514851485,7.5,0.014251715331165109,0,0.00020311138988056662
822790,663436,5,23,0.1485148514851485,8.5,0.004107823508328087,0,1.6874213975572874e-05
824573,663436,3,23,0.15841584158415842,3.5,0.48280291623899646,0,0.23309865592887943
824573,663436,3,23,0.15841584158415842,4.5,0.27913838830720267,0,0.07791823982674266
824573,663436,3,23,0.15841584158415842,5.5,0.13682691699695304,0,0.018721605214891076
824573,663436,3,23,0.15841584158415842,6.5,0.05715992019638305,0,0.003267256476856879
824573,663436,3,23,0.15841584158415842,7.5,0.020473619426092073,0,0.0004191690924044547
824573,663436,3,23,0.15841584158415842,8.5,0.006320931596173349,0,3.995417624350256e-05
824567,663436,6,25,0.145,3.5,0.40515853209316427,1,0.35383637194155904
824567,663436,6,25,0.145,4.5,0.2142908026077742,1,0.6173389428667356
824567,663436,6,25,0.145,5.5,0.095178369125779,1,0.8187021836978849
824567,663436,6,25,0.145,6.5,0.03577557491584608,0,0.001279891760559315
824567,663436,6,25,0.145,7.5,0.011467974751256325,0,0.00013151444489545257
824567,663436,6,25,0.145,8.5,0.003155441799621096,0,9.956812950796022e-06
824178,663554,3,21,0.24444444444444444,3.5,0.8133819710385346,0,0.6615902308105316
824178,663554,3,21,0.24444444444444444,4.5,0.6568176909880813,0,0.4314094791949146
824178,663554,3,21,0.24444444444444444,5.5,0.478560133648588,0,0.22901980151775442
824178,663554,3,21,0.24444444444444444,6.5,0.3118917533184393,0,0.0972764657880502
824178,663554,3,21,0.24444444444444444,7.5,0.18090874750151986,0,0.03272797492256867
824178,663554,3,21,0.24444444444444444,8.5,0.09312176000270196,0,0.008671662186000823
824262,663554,6,25,0.22900763358778625,3.5,0.7512741006562847,1,0.06186457300433997
824262,663554,6,25,0.22900763358778625,4.5,0.5703109649758066,1,0.18463266682002252
824262,663554,6,25,0.22900763358778625,5.5,0.384622563492731,1,0.378689389362258
824262,663554,6,25,0.22900763358778625,6.5,0.22941612587244353,0,0.05263175881032085
824262,663554,6,25,0.22900763358778625,7.5,0.12096237148972243,0,0.014631895316417613
824262,663554,6,25,0.22900763358778625,8.5,0.05645856836616892,0,0.00318756994195737
823529,663554,10,22,0.19402985074626866,3.5,0.639484029003775,1,0.12997176534335095
823529,663554,10,22,0.19402985074626866,4.5,0.4400981037217706,1,0.31349013345595717
823529,663554,10,22,0.19402985074626866,5.5,0.26522965876083043,1,0.5398874543647256
823529,663554,10,22,0.19402985074626866,6.5,0.13985098329150814,1,0.7398563309445855
823529,663554,10,22,0.19402985074626866,7.5,0.06459144022034313,1,0.8749891737090519
823529,663554,10,22,0.19402985074626866,8.5,0.02617604305471985,1,0.9483330991205627
822879,663554,4,27,0.24806201550387597,3.5,0.8011846874284339,1,0.03952752851292955
822879,663554,4,27,0.24806201550387597,4.5,0.6346263339987723,0,0.40275058380472134
822879,663554,4,27,0.24806201550387597,5.5,0.4486650139940872,0,0.20130029478231445
822879,663554,4,27,0.24806201550387597,6.5,0.2804759314139572,0,0.07866674810252683
822879,663554,4,27,0.24806201550387597,7.5,0.1542658094789354,0,0.023797939974191194
822879,663554,4,27,0.24806201550387597,8.5,0.07445686393551727,0,0.0055438245871121325
824249,663554,5,24,0.23484848484848486,3.5,0.7729510749834683,1,0.05155121435116265
824249,663554,5,24,0.23484848484848486,4.5,0.5996611051638591,1,0.1602712307186227
824249,663554,5,24,0.23484848484848486,5.5,0.4157409950244428,0,0.17284057494391375
824249,663554,5,24,0.23484848484848486,6.5,0.2562171809373687,0,0.06564724380749234
824249,663554,5,24,0.23484848484848486,7.5,0.1401580436205202,0,0.019644277191531643
824249,663554,5,24,0.23484848484848486,8.5,0.06807402566172706,0,0.004634072969793474
824007,663554,5,16,0.22142857142857142,3.5,0.7847249776837846,1,0.046343335233247046
824007,663554,5,16,0.22142857142857142,4.5,0.6070885186825755,1,0.15437943215105282
824007,663554,5,16,0.22142857142857142,5.5,0.415009797635656,0,0.17223313213358812
824007,663554,5,16,0.22142857142857142,6.5,0.248892847436864,0,0.06194764950523005
824007,663554,5,16,0.22142857142857142,7.5,0.13075080376377657,0,0.017095772684873608
824007,663554,5,16,0.22142857142857142,8.5,0.06024932863970262,0,0.0036299816015348905
824244,663554,3,21,0.24444444444444444,3.5,0.8133819710385346,0,0.6615902308105316
824244,663554,3,21,0.24444444444444444,4.5,0.6568176909880813,0,0.4314094791949146
824244,663554,3,21,0.24444444444444444,5.5,0.478560133648588,0,0.22901980151775442
824244,663554,3,21,0.24444444444444444,6.5,0.3118917533184393,0,0.0972764657880502
824244,663554,3,21,0.24444444444444444,7.5,0.18090874750151986,0,0.03272797492256867
824244,663554,3,21,0.24444444444444444,8.5,0.09312176000270196,0,0.008671662186000823
823859,663556,6,25,0.19753086419753085,3.5,0.575517198261572,1,0.18018564897170558
823859,663556,6,25,0.19753086419753085,4.5,0.375673442539174,1,0.3897836503508861
823859,663556,6,25,0.19753086419753085,5.5,0.21265961216482757,1,0.6199048863164398
823859,663556,6,25,0.19753086419753085,6.5,0.10419870376484805,0,0.01085736986627456
823859,663556,6,25,0.19753086419753085,7.5,0.044244477949698026,0,0.001957573829041315
823859,663556,6,25,0.19753086419753085,8.5,0.016325960102670036,0,0.00026653697327397384
824020,663556,7,21,0.18674698795180722,3.5,0.5484697517075274,1,0.20387956512306193
824020,663556,7,21,0.18674698795180722,4.5,0.35115691492900797,1,0.4209973490444427
824020,663556,7,21,0.18674698795180722,5.5,0.19516649884359705,1,0.6477569645836737
824020,663556,7,21,0.18674698795180722,6.5,0.09404833169581739,1,0.8207484253031317
824020,663556,7,21,0.18674698795180722,7.5,0.03934016347409783,0,0.0015476484621687408
824020,663556,7,21,0.18674698795180722,8.5,0.014313878256671523,0,0.0002048871107468138
823940,663556,3,19,0.20833333333333334,3.5,0.6447751545219119,0,0.4157349998887554
823940,663556,3,19,0.20833333333333334,4.5,0.4524286070650643,0,0.20469164449083438
823940,663556,3,19,0.20833333333333334,5.5,0.27883480165562247,0,0.07774884661433032
823940,663556,3,19,0.20833333333333334,6.5,0.1500473666243309,0,0.022514212230896374
823940,663556,3,19,0.20833333333333334,7.5,0.07034854005376132,0,0.00494891708769566
823940,663556,3,19,0.20833333333333334,8.5,0.028740322183703038,0,0.000826006119223053
822963,663556,4,25,0.20987654320987653,3.5,0.6237310121541862,1,0.14157835121451315
822963,663556,4,25,0.20987654320987653,4.5,0.42648338526354324,0,0.18188807790585185
822963,663556,4,25,0.20987654320987653,5.5,0.2546534303365204,0,0.06484836958215703
822963,663556,4,25,0.20987654320987653,6.5,0.13226366713748544,0,0.017493677644655547
822963,663556,4,25,0.20987654320987653,7.5,0.05973451145671111,0,0.003568211858971951
822963,663556,4,25,0.20987654320987653,8.5,0.023499514802306252,0,0.0005522271959438106
824094,663556,4,20,0.20359281437125748,3.5,0.6215179264829646,1,0.14324867997375462
824094,663556,4,20,0.20359281437125748,4.5,0.4270109427500469,0,0.18233834522828385
824094,663556,4,20,0.20359281437125748,5.5,0.2571189517763072,0,0.066110155362547
824094,663556,4,20,0.20359281437125748,6.5,0.13507011345431835,0,0.01824393554856243
824094,663556,4,20,0.20359281437125748,7.5,0.06182136399179142,0,0.0038218810458055643
824094,663556,4,20,0.20359281437125748,8.5,0.024665433403454597,0,0.0006083836049802538
822957,663556,5,22,0.2,3.5,0.5976974905692731,1,0.1618473090942601
822957,663556,5,22,0.2,4.5,0.401137076907283,1,0.3586368006551534
822957,663556,5,22,0.2,5.5,0.2353443706597243,0,0.0553869728012217
822957,663556,5,22,0.2,6.5,0.12039581431857872,0,0.014495152105433685
822957,663556,5,22,0.2,7.5,0.05371875183203176,0,0.0028857042983914155
822957,663556,5,22,0.2,8.5,0.02093709096890837,0,0.00043836177824034436
824739,663556,3,24,0.2147239263803681,3.5,0.645024470334378,0,0.41605656733014496
824739,663556,3,24,0.2147239263803681,4.5,0.45107707634528943,0,0.20347052880421407
824739,663556,3,24,0.2147239263803681,5.5,0.2770462515306636,0,0.07675462548719172
824739,663556,3,24,0.2147239263803681,6.5,0.14882387955339932,0,0.022148547125324707
824739,663556,3,24,0.2147239263803681,7.5,0.06988622663140126,0,0.004884084672775579
824739,663556,3,24,0.2147239263803681,8.5,0.028735219262144868,0,0.0008257128260435414
822952,663556,3,19,0.20833333333333334,3.5,0.6447751545219119,0,0.4157349998887554
822952,663556,3,19,0.20833333333333334,4.5,0.4524286070650643,0,0.20469164449083438
822952,663556,3,19,0.20833333333333334,5.5,0.27883480165562247,0,0.07774884661433032
822952,663556,3,19,0.20833333333333334,6.5,0.1500473666243309,0,0.022514212230896374
822952,663556,3,19,0.20833333333333334,7.5,0.07034854005376132,0,0.00494891708769566
822952,663556,3,19,0.20833333333333334,8.5,0.028740322183703038,0,0.000826006119223053
822946,663556,3,12,0.2,3.5,0.6555134351234266,0,0.4296978636273149
822946,663556,3,12,0.2,4.5,0.44920740028206446,0,0.2017872884681709
822946,663556,3,12,0.2,5.5,0.2663389130530708,0,0.0709364166062912
822946,663556,3,12,0.2,6.5,0.13652677121007548,0,0.018639559257048292
822946,663556,3,12,0.2,7.5,0.06066417113390004,0,0.003680141659363111
822946,663556,3,12,0.2,8.5,0.023447028245638324,0,0.0005497631335517613
824186,663567,4,24,0.25957446808510637,3.5,0.8891323648258957,1,0.012291632529098278
824186,663567,4,24,0.25957446808510637,4.5,0.7626544224398866,0,0.581641768067117
824186,663567,4,24,0.25957446808510637,5.5,0.5929069394010393,0,0.3515386387899077
824186,663567,4,24,0.25957446808510637,6.5,0.41123097533178,0,0.16911091507232703
824186,663567,4,24,0.25957446808510637,7.5,0.2520793555758209,0,0.06354400150752114
824186,663567,4,24,0.25957446808510637,8.5,0.13587097897301595,0,0.018460922927085743
824022,663567,6,24,0.251063829787234,3.5,0.8715101237267189,1,0.016509648304723092
824022,663567,6,24,0.251063829787234,4.5,0.733723708355224,1,0.07090306349209378
824022,663567,6,24,0.251063829787234,5.5,0.5565409197373017,1,0.1966559558674383
824022,663567,6,24,0.251063829787234,6.5,0.37484997804283804,0,0.14051250603871615
824022,663567,6,24,0.251063829787234,7.5,0.2223582714071268,0,0.04944320086316546
824022,663567,6,24,0.251063829787234,8.5,0.1156874883587386,0,0.013383594962753279
824178,663567,5,24,0.2553191489361702,3.5,0.8805832179728011,1,0.014260367829731523
824178,663567,5,24,0.2553191489361702,4.5,0.7484646029601776,1,0.06327005596398111
824178,663567,5,24,0.2553191489361702,5.5,0.5748758481839592,0,0.33048224082522654
824178,663567,5,24,0.2553191489361702,6.5,0.39299772707495867,0,0.1544472134860837
824178,663567,5,24,0.2553191489361702,7.5,0.23702459475164328,0,0.05618065851718072
824178,663567,5,24,0.2553191489361702,8.5,0.12553900720055547,0,0.015760042328901117
822799,663567,6,23,0.25,3.5,0.8713515775065108,1,0.016550416610063293
822799,663567,6,23,0.25,4.5,0.7336091186636533,1,0.07096410165915555
822799,663567,6,23,0.25,5.5,0.5565446048121558,1,0.19665268752120704
822799,663567,6,23,0.25,6.5,0.37496231765526983,0,0.14059673966141148
822799,663567,6,23,0.25,7.5,0.22250453052161945,0,0.04950826610264628
822799,663567,6,23,0.25,8.5,0.11579954560235871,0,0.013409534761712754
824176,663567,4,25,0.2606837606837607,3.5,0.8896325410918953,1,0.012180975985832187
824176,663567,4,25,0.2606837606837607,4.5,0.7632180370622965,0,0.582501772097225
824176,663567,4,25,0.2606837606837607,5.5,0.5932596909166313,0,0.3519570608664969
824176,663567,4,25,0.2606837606837607,6.5,0.411198580188238,0,0.1690842723488228
824176,663567,4,25,0.2606837606837607,7.5,0.251717101534757,0,0.06336149920505917
824176,663567,4,25,0.2606837606837607,8.5,0.1353853312476785,0,0.01832918791704363
824172,663567,6,21,0.24789915966386555,3.5,0.8722258816267165,1,0.01632622532606985
824172,663567,6,21,0.24789915966386555,4.5,0.7345795899668548,1,0.07044799406216293
824172,663567,6,21,0.24789915966386555,5.5,0.5571240776050933,1,0.19613908263713942
824172,663567,6,21,0.24789915966386555,6.5,0.3748604157245185,0,0.14052033127715885
824172,663567,6,21,0.24789915966386555,7.5,0.22184513359101718,0,0.04921526329801626
824172,663567,6,21,0.24789915966386555,8.5,0.11495768704882757,0,0.013215269811616179
822875,663567,7,23,0.2457627118644068,3.5,0.8617387695217882,1,0.019116167853349207
822875,663567,7,23,0.2457627118644068,4.5,0.7183307211591757,1,0.07933758264271001
822875,663567,7,23,0.2457627118644068,5.5,0.5379466092402796,1,0.21349333591255487
822875,663567,7,23,0.2457627118644068,6.5,0.3569419710356744,1,0.4135236286154835
822875,663567,7,23,0.2457627118644068,7.5,0.20824611252031258,0,0.04336644337982269
822875,663567,7,23,0.2457627118644068,8.5,0.10642292684442824,0,0.011325839358134525
824170,663567,10,25,0.23504273504273504,3.5,0.830106932478955,1,0.02886365439171037
824170,663567,10,25,0.23504273504273504,4.5,0.6697831647217036,1,0.10904315830121351
824170,663567,10,25,0.23504273504273504,5.5,0.4809199417789763,1,0.26944410684274145
824170,663567,10,25,0.23504273504273504,6.5,0.30366305879179534,1,0.4848851356911987
824170,663567,10,25,0.23504273504273504,7.5,0.167633113657192,1,0.6928346334800211
824170,663567,10,25,0.23504273504273504,8.5,0.08071667722802084,1,0.8450818275266909
824166,663567,3,26,0.26609442060085836,3.5,0.898452788557746,0,0.8072174132671899
824166,663567,3,26,0.26609442060085836,4.5,0.7778667890146856,0,0.6050767414520175
824166,663567,3,26,0.26609442060085836,5.5,0.6117816262670138,0,0.3742767582379122
824166,663567,3,26,0.26609442060085836,6.5,0.42971219609108746,0,0.1846525714694252
824166,663567,3,26,0.26609442060085836,7.5,0.26670753494050353,0,0.07113290919403992
824166,663567,3,26,0.26609442060085836,8.5,0.14537703824811152,0,0.02113448324979288
824003,663567,6,24,0.251063829787234,3.5,0.8715101237267189,1,0.016509648304723092
824003,663567,6,24,0.251063829787234,4.5,0.733723708355224,1,0.07090306349209378
824003,663567,6,24,0.251063829787234,5.5,0.5565409197373017,1,0.1966559558674383
824003,663567,6,24,0.251063829787234,6.5,0.37484997804283804,0,0.14051250603871615
824003,663567,6,24,0.251063829787234,7.5,0.2223582714071268,0,0.04944320086316546
824003,663567,6,24,0.251063829787234,8.5,0.1156874883587386,0,0.013383594962753279
824163,663567,8,20,0.2384937238493724,3.5,0.8535275694823481,1,0.021454172901748367
824163,663567,8,20,0.2384937238493724,4.5,0.7043264866849548,1,0.08742282647606221
824163,663567,8,20,0.2384937238493724,5.5,0.5197951229667719,1,0.23059672392649774
824163,663567,8,20,0.2384937238493724,6.5,0.3383631576418373,1,0.4377633111656802
824163,663567,8,20,0.2384937238493724,7.5,0.19284156657088586,1,0.6515047366557418
824163,663567,8,20,0.2384937238493724,8.5,0.09589138962199073,0,0.009195158603636431
824509,663568,8,28,0.09333333333333334,3.5,0.1104718919077995,1,0.7912602550860895
824509,663568,8,28,0.09333333333333334,4.5,0.03954384243522274,1,0.9224760306040961
824509,663568,8,28,0.09333333333333334,5.5,0.011999910999966175,1,0.9761441758640746
824509,663568,8,28,0.09333333333333334,6.5,0.0030953008339734346,1,0.9938189792193058
824509,663568,8,28,0.09333333333333334,7.5,0.0006811602086193332,1,0.9986381435619912
824509,663568,8,28,0.09333333333333334,8.5,0.00012845613204064246,0,1.650097785884297e-08
824105,663568,3,23,0.15,3.5,0.3577630117206273,0,0.1279943725554137
824105,663568,3,23,0.15,4.5,0.2100474772594563,0,0.04411994270306181
824105,663568,3,23,0.15,5.5,0.10996191343046878,0,0.01209162240528991
824105,663568,3,23,0.15,6.5,0.05062251368960371,0,0.0025626388922541147
824105,663568,3,23,0.15,7.5,0.020324889705988457,0,0.0004131011415605956
824105,663568,3,23,0.15,8.5,0.0070975945345784506,0,5.0375848177277895e-05
824099,663568,4,26,0.14285714285714285,3.5,0.30460385676944385,1,0.4835757960199322
824099,663568,4,26,0.14285714285714285,4.5,0.16482897887094516,0,0.027168592275638486
824099,663568,4,26,0.14285714285714285,5.5,0.07914264302248872,0,0.006263557944585082
824099,663568,4,26,0.14285714285714285,6.5,0.033473966271881615,0,0.001120506417971068
824099,663568,4,26,0.14285714285714285,7.5,0.012416340495998593,0,0.00015416551131257458
824099,663568,4,26,0.14285714285714285,8.5,0.004035004493908993,0,1.6281261265865766e-05
824095,663568,0,15,0.17045454545454544,3.5,0.5166173242297348,0,0.26689345969429096
824095,663568,0,15,0.17045454545454544,4.5,0.3437188491611161,0,0.11814264726864208
824095,663568,0,15,0.17045454545454544,5.5,0.20161388709053749,0,0.040648159467756
824095,663568,0,15,0.17045454545454544,6.5,0.10320898052004408,0,0.010652093659986839
824095,663568,0,15,0.17045454545454544,7.5,0.04597848183182517,0,0.0021140207915594776
824095,663568,0,15,0.17045454545454544,8.5,0.017849205178286007,0,0.000318594125496552
824093,663568,0,11,0.16304347826086957,3.5,0.5182908501891224,0,0.26862540538976326
824093,663568,0,11,0.16304347826086957,4.5,0.32794691127570363,0,0.10754917661527423
824093,663568,0,11,0.16304347826086957,5.5,0.181664949593252,0,0.03300215391071879
824093,663568,0,11,0.16304347826086957,6.5,0.08790582386054022,0,0.007727433868600322
824093,663568,0,11,0.16304347826086957,7.5,0.03712894795163235,0,0.0013785587759950243
824093,663568,0,11,0.16304347826086957,8.5,0.01369791196109268,0,0.00018763279209384589
824577,663776,5,19,0.22388059701492538,3.5,0.7697800846470713,1,0.05300120942510968
824577,663776,5,19,0.22388059701492538,4.5,0.5817843406391127,1,0.17490433773466174
824577,663776,5,19,0.22388059701492538,5.5,0.38309147416653166,0,0.1467590775790864
824577,663776,5,19,0.22388059701492538,6.5,0.21753173610763163,0,0.04732005621400029
824577,663776,5,19,0.22388059701492538,7.5,0.10602266961623465,0,0.011240806472553246
824577,663776,5,19,0.22388059701492538,8.5,0.04427150647054972,0,0.0019599662851719256
824738,663776,5,23,0.23809523809523808,3.5,0.7686410966603909,1,0.053526942154506575
824738,663776,5,23,0.23809523809523808,4.5,0.5810592916307461,1,0.17551131712893225
824738,663776,5,23,0.23809523809523808,5.5,0.3832055594268019,0,0.1468465007756082
824738,663776,5,23,0.23809523809523808,6.5,0.2183161599137313,0,0.047661945679477895
824738,663776,5,23,0.23809523809523808,7.5,0.10697151274346067,0,0.01144290453862437
824738,663776,5,23,0.23809523809523808,8.5,0.04499751789399949,0,0.0020247766166208046
824733,663776,3,22,0.265625,3.5,0.851494720210409,0,0.7250432585462027
824733,663776,3,22,0.265625,4.5,0.7003230660779974,0,0.49045239688088715
824733,663776,3,22,0.265625,5.5,0.5140677091609311,0,0.2642656096019677
824733,663776,3,22,0.265625,6.5,0.3320380653311377,0,0.11024927682884489
824733,663776,3,22,0.265625,7.5,0.18723369804489276,0,0.03505645768356608
824733,663776,3,22,0.265625,8.5,0.09179150514280973,0,0.008425680416382465
824973,663776,7,22,0.203125,3.5,0.6518342333020332,1,0.12121940110038308
824973,663776,7,22,0.203125,4.5,0.4419445226435569,1,0.3114259158075276
824973,663776,7,22,0.203125,5.5,0.25707341241230686,1,0.5519399145446943
824973,663776,7,22,0.203125,6.5,0.12790124300055586,1,0.7605562419599756
824973,663776,7,22,0.203125,7.5,0.05445385376210852,0,0.0029652221895451
824973,663776,7,22,0.203125,8.5,0.019870021528807506,0,0.0003948177555552738
823049,663903,6,20,0.22171945701357465,3.5,0.8204089312039842,1,0.03225295199129529
823049,663903,6,20,0.22171945701357465,4.5,0.6573489047077812,1,0.11740977310495722
823049,663903,6,20,0.22171945701357465,5.5,0.46912344218611784,1,0.2818299196363161
823049,663903,6,20,0.22171945701357465,6.5,0.29521737430232187,0,0.08715329808995721
823049,663903,6,20,0.22171945701357465,7.5,0.16313502613958214,0,0.026613036753562146
823049,663903,6,20,0.22171945701357465,8.5,0.07909405754683226,0,0.006255869939221613
823287,663903,5,24,0.2304147465437788,3.5,0.8304530936783302,1,0.028746153443249073
823287,663903,5,24,0.2304147465437788,4.5,0.6736483167588174,1,0.10650542115435317
823287,663903,5,24,0.2304147465437788,5.5,0.4894163035144623,0,0.23952831814576028
823287,663903,5,24,0.2304147465437788,6.5,0.31534534959978827,0,0.09944268951421269
823287,663903,5,24,0.2304147465437788,7.5,0.17944575699668522,0,0.032200779704113405
823287,663903,5,24,0.2304147465437788,8.5,0.09008544118784066,0,0.008115386714007898
824504,663903,5,22,0.228310502283105,3.5,0.83102727081443,1,0.028551783208419997
824504,663903,5,22,0.228310502283105,4.5,0.6743566222869619,1,0.10604360944835639
824504,663903,5,22,0.228310502283105,5.5,0.4899035526777669,0,0.24000549092629755
824504,663903,5,22,0.228310502283105,6.5,0.31535398557307964,0,0.09944813621682612
824504,663903,5,22,0.228310502283105,7.5,0.17902310840453092,0,0.03204927334282043
824504,663903,5,22,0.228310502283105,8.5,0.0894933570843433,0,0.00800906096222578
824502,663903,7,25,0.2222222222222222,3.5,0.8041945272353808,1,0.03833978316457604
824502,663903,7,25,0.2222222222222222,4.5,0.6357429851534114,1,0.13268317286494785
824502,663903,7,25,0.2222222222222222,5.5,0.4472224076527467,1,0.3055630666012262
824502,663903,7,25,0.2222222222222222,6.5,0.2776704154100246,1,0.5217600287739265
824502,663903,7,25,0.2222222222222222,7.5,0.15173888358106338,0,0.023024688790427506
824502,663903,7,25,0.2222222222222222,8.5,0.07298998341388,0,0.005327537678758477
823362,663903,6,24,0.22580645161290322,3.5,0.8175448010131421,1,0.03328989963733392
823362,663903,6,24,0.22580645161290322,4.5,0.6549207081552424,1,0.1190797176600794
823362,663903,6,24,0.22580645161290322,5.5,0.46843900122226323,1,0.2825570954215851
823362,663903,6,24,0.22580645161290322,6.5,0.2964683992554802,0,0.0878935117571068
823362,663903,6,24,0.22580645161290322,7.5,0.16543038821507858,0,0.02736721334499161
823362,663903,6,24,0.22580645161290322,8.5,0.08133864926224643,0,0.006615975863806742
824498,663903,6,21,0.22272727272727272,3.5,0.8190546637073733,1,0.03274121472605175
824498,663903,6,21,0.22272727272727272,4.5,0.6563745798547769,1,0.11807842936998111
824498,663903,6,21,0.22272727272727272,5.5,0.4690605921419815,1,0.28189665481662335
824498,663903,6,21,0.22272727272727272,6.5,0.29598839751324396,0,0.08760913146245812
824498,663903,6,21,0.22272727272727272,7.5,0.1642342839852523,0,0.026972900036148502
824498,663903,6,21,0.22272727272727272,8.5,0.08004838095323934,0,0.00640774329323493
824494,663903,5,28,0.2347417840375587,3.5,0.8338112166488902,1,0.027618711711722095
824494,663903,5,28,0.2347417840375587,4.5,0.6767994928915074,1,0.10445856779518675
824494,663903,5,28,0.2347417840375587,5.5,0.4907433665816971,0,0.24082905184393794
824494,663903,5,28,0.2347417840375587,6.5,0.31432087340140885,0,0.0987976114558245
824494,663903,5,28,0.2347417840375587,7.5,0.17687652948791766,0,0.0312853066836902
824494,663903,5,28,0.2347417840375587,8.5,0.0872641707276377,0,0.007615035492782301
824332,663903,6,26,0.22790697674418606,3.5,0.8185348940349797,1,0.03292958468289604
824332,663903,6,26,0.22790697674418606,4.5,0.6556358790616273,1,0.11858664778965815
824332,663903,6,26,0.22790697674418606,5.5,0.46847513614903014,1,0.28251868089179205
824332,663903,6,26,0.22790697674418606,6.5,0.29588055892590376,0,0.0875453051503052
824332,663903,6,26,0.22790697674418606,7.5,0.1646053853232638,0,0.02709493287742015
824332,663903,6,26,0.22790697674418606,8.5,0.0806382825439188,0,0.00650253261163288
823110,663903,6,26,0.22790697674418606,3.5,0.8185348940349797,1,0.03292958468289604
823110,663903,6,26,0.22790697674418606,4.5,0.6556358790616273,1,0.11858664778965815
823110,663903,6,26,0.22790697674418606,5.5,0.46847513614903014,1,0.28251868089179205
823110,663903,6,26,0.22790697674418606,6.5,0.29588055892590376,0,0.0875453051503052
823110,663903,6,26,0.22790697674418606,7.5,0.1646053853232638,0,0.02709493287742015
823110,663903,6,26,0.22790697674418606,8.5,0.0806382825439188,0,0.00650253261163288
824487,663903,3,25,0.24074074074074073,3.5,0.8544665236559021,0,0.7301130400486023
824487,663903,3,25,0.24074074074074073,4.5,0.7094878904990789,0,0.503373066764833
824487,663903,3,25,0.24074074074074073,5.5,0.5307372319025383,0,0.2816820093275687
824487,663903,3,25,0.24074074074074073,6.5,0.35366247557215275,0,0.12507714662782354
824487,663903,3,25,0.24074074074074073,7.5,0.20881382489728464,0,0.04360321346823385
824487,663903,3,25,0.24074074074074073,8.5,0.109050354591349,0,0.011891979836498952
823860,663969,3,24,0.15343915343915343,3.5,0.4038136658637341,0,0.16306547673830746
823860,663969,3,24,0.15343915343915343,4.5,0.21485482573501044,0,0.04616259614162171
823860,663969,3,24,0.15343915343915343,5.5,0.09692301702002451,0,0.00939407122826396
823860,663969,3,24,0.15343915343915343,6.5,0.03753568405225842,0,0.001408927577270967
823860,663969,3,24,0.15343915343915343,7.5,0.01263799765971584,0,0.00015971898484698306
823860,663969,3,24,0.15343915343915343,8.5,0.0037401888288963645,0,1.3989012475801158e-05
823855,663969,5,18,0.13846153846153847,3.5,0.352000800209131,1,0.4199029629296065
823855,663969,5,18,0.13846153846153847,4.5,0.17581772977863744,1,0.6792764145472392
823855,663969,5,18,0.13846153846153847,5.5,0.07398171083556349,0,0.005473293538156932
823855,663969,5,18,0.13846153846153847,6.5,0.02654727573253749,0,0.000704757848819374
823855,663969,5,18,0.13846153846153847,7.5,0.008217067116202624,0,6.752019199217851e-05
823855,663969,5,18,0.13846153846153847,8.5,0.002215134084631677,0,4.906819012897018e-06
823451,663969,4,21,0.14583333333333334,3.5,0.3778800848043143,1,0.38703318888308724
823451,663969,4,21,0.14583333333333334,4.5,0.19577033924517792,0,0.03832602572817205
823451,663969,4,21,0.14583333333333334,5.5,0.08595374462772072,0,0.007388046215527429
823451,663969,4,21,0.14583333333333334,6.5,0.03236349960528624,0,0.0010473961067013627
823451,663969,4,21,0.14583333333333334,7.5,0.010565137347694594,0,0.00011162212717565116
823451,663969,4,21,0.14583333333333334,8.5,0.003016852233264609,0,9.10139739735366e-06
823851,663969,4,24,0.14814814814814814,3.5,0.37771352471481634,1,0.3872404573228575
823851,663969,4,24,0.14814814814814814,4.5,0.1948779863395582,0,0.03797742955976103
823851,663969,4,24,0.14814814814814814,5.5,0.08507554828476031,0,0.007237848915952584
823851,663969,4,24,0.14814814814814814,6.5,0.03184683093457284,0,0.0010142206405752657
823851,663969,4,24,0.14814814814814814,7.5,0.010356430374911742,0,0.00010725565011039457
823851,663969,4,24,0.14814814814814814,8.5,0.0029584837237604366,0,8.75262594375542e-06
823037,663969,1,27,0.16666666666666666,3.5,0.45767135405835946,0,0.20946306832561223
823037,663969,1,27,0.16666666666666666,4.5,0.25586034321051015,0,0.06546451522780004
823037,663969,1,27,0.16666666666666666,5.5,0.12045390899751252,0,0.014509144192781027
823037,663969,1,27,0.16666666666666666,6.5,0.048065649630054656,0,0.0023103066743591734
823037,663969,1,27,0.16666666666666666,7.5,0.0163786706548815,0,0.0002682608524210764
823037,663969,1,27,0.16666666666666666,8.5,0.004798499079633268,0,2.302559341724132e-05
824982,663969,2,18,0.15384615384615385,3.5,0.4302798734498865,0,0.18514076949605035
824982,663969,2,18,0.15384615384615385,4.5,0.23583970840513677,0,0.055620368060619936
824982,663969,2,18,0.15384615384615385,5.5,0.10961391613216248,0,0.01201521060982875
824982,663969,2,18,0.15384615384615385,6.5,0.043623369519987326,0,0.0019029983682773593
824982,663969,2,18,0.15384615384615385,7.5,0.015016022344265337,0,0.00022548092704347588
824982,663969,2,18,0.15384615384615385,8.5,0.004510808386933697,0,2.034739230363138e-05
823848,663969,3,21,0.15104166666666666,3.5,0.40387099753435657,0,0.16311178264939624
823848,663969,3,21,0.15104166666666666,4.5,0.2157428181586383,0,0.04654496358703127
823848,663969,3,21,0.15104166666666666,5.5,0.09787708034790378,0,0.009579922857430012
823848,663969,3,21,0.15104166666666666,6.5,0.038132125761743664,0,0.0014540590151094347
823848,663969,3,21,0.15104166666666666,7.5,0.012892855654910568,0,0.00016622572693835943
823848,663969,3,21,0.15104166666666666,8.5,0.0038159462603643175,0,1.4561445861988419e-05
824165,663969,2,19,0.15463917525773196,3.5,0.4301142231597493,0,0.1849982449643146
824165,663969,2,19,0.15463917525773196,4.5,0.23623815929255373,0,0.055808467905933995
824165,663969,2,19,0.15463917525773196,5.5,0.11019929554691928,0,0.012143884739037263
824165,663969,2,19,0.15463917525773196,6.5,0.044082760821091055,0,0.0019432898016095205
824165,663969,2,19,0.15463917525773196,7.5,0.015271693200675214,0,0.00023322461321554955
824165,663969,2,19,0.15463917525773196,8.5,0.004621093160927262,0,2.135450200196871e-05
823839,663969,5,20,0.13989637305699482,3.5,0.35198627127746634,1,0.4199217926128814
823839,663969,5,20,0.13989637305699482,4.5,0.17651098466509738,1,0.6781341583772474
823839,663969,5,20,0.13989637305699482,5.5,0.07478559516326216,0,0.005592885243923341
823839,663969,5,20,0.13989637305699482,6.5,0.02710008413640414,0,0.0007344145602001834
823839,663969,5,20,0.13989637305699482,7.5,0.00849276711346433,0,7.212709324354125e-05
823839,663969,5,20,0.13989637305699482,8.5,0.002322503374542443,0,5.394021924761036e-06
823594,663969,3,21,0.15104166666666666,3.5,0.40387099753435657,0,0.16311178264939624
823594,663969,3,21,0.15104166666666666,4.5,0.2157428181586383,0,0.04654496358703127
823594,663969,3,21,0.15104166666666666,5.5,0.09787708034790378,0,0.009579922857430012
823594,663969,3,21,0.15104166666666666,6.5,0.038132125761743664,0,0.0014540590151094347
823594,663969,3,21,0.15104166666666666,7.5,0.012892855654910568,0,0.00016622572693835943
823594,663969,3,21,0.15104166666666666,8.5,0.0038159462603643175,0,1.4561445861988419e-05
823047,663978,2,9,0.07894736842105263,3.5,0.057795468786213375,0,0.0033403162122181643
823047,663978,2,9,0.07894736842105263,4.5,0.013942286240011202,0,0.00019438734559840568
823047,663978,2,9,0.07894736842105263,5.5,0.0026657535852735014,0,7.106242177398527e-06
823047,663978,2,9,0.07894736842105263,6.5,0.0004104470543259615,0,1.684667844048588e-07
823047,663978,2,9,0.07894736842105263,7.5,5.1439075930231e-05,0,2.6459785325560703e-09
823047,663978,2,9,0.07894736842105263,8.5,5.280907279351329e-06,0,2.7887981693105858e-11
824503,663978,2,19,0.10714285714285714,3.5,0.07475159324218618,0,0.005587800692245255
824503,663978,2,19,0.10714285714285714,4.5,0.02338160263693137,0,0.000546699341871356
824503,663978,2,19,0.10714285714285714,5.5,0.00601902057211596,0,3.622860864755513e-05
824503,663978,2,19,0.10714285714285714,6.5,0.0012705590492752695,0,1.6143202976952768e-06
824503,663978,2,19,0.10714285714285714,7.5,0.00022008326683472455,0,4.843664434064457e-08
824503,663978,2,19,0.10714285714285714,8.5,3.134650134323326e-05,0,9.826031464613245e-10
824420,663978,1,19,0.14285714285714285,3.5,0.15616331004870382,0,0.0243869794053676
824420,663978,1,19,0.14285714285714285,4.5,0.06408423415394274,0,0.004106789067097361
824420,663978,1,19,0.14285714285714285,5.5,0.022091323314765935,0,0.000488026565797521
824420,663978,1,19,0.14285714285714285,6.5,0.006322778420114381,0,3.997752694986411e-05
824420,663978,1,19,0.14285714285714285,7.5,0.0014955651472751865,0,2.2367151097442503e-06
824420,663978,1,19,0.14285714285714285,8.5,0.0002921072549154246,0,8.532664837422485e-08
824988,664129,1,13,0.07692307692307693,3.5,0.015722979076193678,0,0.0002472120710304242
824988,664129,1,13,0.07692307692307693,4.5,0.002516939336377146,0,6.334983623002627e-06
824988,664129,1,13,0.07692307692307693,5.5,0.00031576208006037275,0,9.970569120405325e-08
824988,664129,1,13,0.07692307692307693,6.5,3.142510286656908e-05,0,9.875370901744484e-10
824988,664129,1,13,0.07692307692307693,7.5,2.4877186089133227e-06,0,6.188743877133638e-12
824988,664129,1,13,0.07692307692307693,8.5,1.5581637235096063e-07,0,2.427874189261321e-14
824984,664129,1,15,0.08333333333333333,3.5,0.014271196480320308,0,0.00020366704897990673
824984,664129,1,15,0.08333333333333333,4.5,0.002064986956402709,0,4.264171130113324e-06
824984,664129,1,15,0.08333333333333333,5.5,0.00022497156168674057,0,5.061220356777092e-08
824984,664129,1,15,0.08333333333333333,6.5,1.862955049283793e-05,0,3.4706015156519796e-10
824984,664129,1,15,0.08333333333333333,7.5,1.171717620346401e-06,0,1.3729221818302327e-12
824984,664129,1,15,0.08333333333333333,8.5,5.5304684807185126e-08,0,3.0586081616220934e-15
823678,664129,1,11,0.07142857142857142,3.5,0.014893001901275318,0,0.00022180150563139023
823678,664129,1,11,0.07142857142857142,4.5,0.0022541203044656524,0,5.081058347004326e-06
823678,664129,1,11,0.07142857142857142,5.5,0.00026219916332805975,0,6.874840124993455e-08
823678,664129,1,11,0.07142857142857142,6.5,2.3782332712523223e-05,0,5.655993492491522e-10
823678,664129,1,11,0.07142857142857142,7.5,1.693430753493403e-06,0,2.867707716877235e-12
823678,664129,1,11,0.07142857142857142,8.5,9.462571912136999e-08,0,8.954026719236406e-15
823779,664141,1,10,0.1111111111111111,3.5,0.033359584933437283,0,0.0011128619069312158
823779,664141,1,10,0.1111111111111111,4.5,0.006997685050459941,0,4.896759606543055e-05
823779,664141,1,10,0.1111111111111111,5.5,0.0011925216120922035,0,1.422107795306988e-06
823779,664141,1,10,0.1111111111111111,6.5,0.0001668177677958991,0,2.7828167652406514e-08
823779,664141,1,10,0.1111111111111111,7.5,1.906714975560631e-05,0,3.635561998027178e-10
823779,664141,1,10,0.1111111111111111,8.5,1.7548800053899444e-06,0,3.0796038333174114e-12
823854,664141,2,9,0.08695652173913043,3.5,0.01571719443134138,0,0.0002470302007925885
823854,664141,2,9,0.08695652173913043,4.5,0.0025710948582453805,0,6.610528770095833e-06
823854,664141,2,9,0.08695652173913043,5.5,0.000338034496403659,0,1.1426732075887533e-07
823854,664141,2,9,0.08695652173913043,6.5,3.625146056442809e-05,0,1.3141683930542849e-09
823854,664141,2,9,0.08695652173913043,7.5,3.1688876154618493e-06,0,1.0041848719427485e-11
823854,664141,2,9,0.08695652173913043,8.5,2.2300156404469235e-07,0,4.9729697566379023e-14
825065,664141,0,11,0.13636363636363635,3.5,0.0588438166413283,0,0.0034625947569182657
825065,664141,0,11,0.13636363636363635,4.5,0.015021934075273994,0,0.00022565850336187795
825065,664141,0,11,0.13636363636363635,5.5,0.0031698157057525205,0,1.004773160843535e-05
825065,664141,0,11,0.13636363636363635,6.5,0.0005568841091125982,0,3.101199109821322e-07
825065,664141,0,11,0.13636363636363635,7.5,8.056948542524853e-05,0,6.491441981689336e-09
825065,664141,0,11,0.13636363636363635,8.5,9.403016841190907e-06,0,8.841672571571981e-11
824087,664141,2,10,0.08888888888888889,3.5,0.016163853256678896,0,0.00026127015210344895
824087,664141,2,10,0.08888888888888889,4.5,0.00271838016397009,0,7.389590715866053e-06
824087,664141,2,10,0.08888888888888889,5.5,0.0003695002984992666,0,1.365304705910471e-07
824087,664141,2,10,0.08888888888888889,6.5,4.1013004138392986e-05,0,1.6820665084558403e-09
824087,664141,2,10,0.08888888888888889,7.5,3.701941976916063e-06,0,1.370437440045321e-11
824087,664141,2,10,0.08888888888888889,8.5,2.6806619755407836e-07,0,7.185948627110216e-14
823193,664141,1,15,0.125,3.5,0.028039288939908133,0,0.0007862017242556545
823193,664141,1,15,0.125,4.5,0.00468051159987226,0,2.1907188836538788e-05
823193,664141,1,15,0.125,5.5,0.0005628630751743913,0,3.1681484139477244e-07
823193,664141,1,15,0.125,6.5,4.8419053200632334e-05,0,2.3444047128456642e-09
823193,664141,1,15,0.125,7.5,2.906890586018563e-06,0,8.450012879083345e-12
823193,664141,1,15,0.125,8.5,1.1562951840460293e-07,0,1.3370185526480406e-14
824271,664285,5,22,0.18055555555555555,3.5,0.6356448876141243,1,0.13275464792172412
824271,664285,5,22,0.18055555555555555,4.5,0.4517850119905874,1,0.3005396730781604
824271,664285,5,22,0.18055555555555555,5.5,0.28193925339165943,0,0.07948974260304634
824271,664285,5,22,0.18055555555555555,6.5,0.15347989257511652,0,0.023556077424869305
824271,664285,5,22,0.18055555555555555,7.5,0.07288047989577176,0,0.005311564349837991
824271,664285,5,22,0.18055555555555555,8.5,0.030286720113104675,0,0.0009172854152095393
824266,664285,2,23,0.19534883720930232,3.5,0.687869968664176,0,0.47316509379005456
824266,664285,2,23,0.19534883720930232,4.5,0.5148918836994408,0,0.2651136518995585
824266,664285,2,23,0.19534883720930232,5.5,0.3422439700818559,0,0.11713093505739029
824266,664285,2,23,0.19534883720930232,6.5,0.20007983739322185,0,0.0400319413312981
824266,664285,2,23,0.19534883720930232,7.5,0.10262896554413287,0,0.010532704568658811
824266,664285,2,23,0.19534883720930232,8.5,0.04626277534245135,0,0.002140244382386125
824182,664285,6,27,0.18009478672985782,3.5,0.6155049329581311,1,0.14783645657953123
824182,664285,6,27,0.18009478672985782,4.5,0.4286950523989232,1,0.32638934315346907
824182,664285,6,27,0.18009478672985782,5.5,0.26162859272774097,1,0.5451923350772162
824182,664285,6,27,0.18009478672985782,6.5,0.13924271678334937,0,0.019388534177208046
824182,664285,6,27,0.18009478672985782,7.5,0.06471821177479259,0,0.004188446935326902
824182,664285,6,27,0.18009478672985782,8.5,0.026387545849370028,0,0.0006963025759526054
824261,664285,8,24,0.16822429906542055,3.5,0.5745843218069492,1,0.18097849925245338
824261,664285,8,24,0.16822429906542055,4.5,0.3849484579753775,1,0.37828839934686603
824261,664285,8,24,0.16822429906542055,5.5,0.2246376034821857,1,0.6011868459338482
824261,664285,8,24,0.16822429906542055,6.5,0.11384999472478168,1,0.7852618318492696
824261,664285,8,24,0.16822429906542055,7.5,0.05023328548082465,1,0.9020568120085488
824261,664285,8,24,0.16822429906542055,8.5,0.01938591620443214,0,0.00037581374708526465
824257,664285,2,26,0.19811320754716982,3.5,0.6874434113942343,0,0.4725784438693424
824257,664285,2,26,0.19811320754716982,4.5,0.513987503987166,0,0.264183154254957
824257,664285,2,26,0.19811320754716982,5.5,0.3414637807235986,0,0.11659751354605384
824257,664285,2,26,0.19811320754716982,6.5,0.1997570053719595,0,0.039902861195173056
824257,664285,2,26,0.19811320754716982,7.5,0.10271437702614028,0,0.010550243247868095
824257,664285,2,26,0.19811320754716982,8.5,0.04652628377542928,0,0.002164695081951774
822884,664285,1,26,0.2028301886792453,3.5,0.7035762052589543,0,0.4950194766065901
822884,664285,1,26,0.2028301886792453,4.5,0.5342919394515465,0,0.2854678765628951
822884,664285,1,26,0.2028301886792453,5.5,0.36174643715627824,0,0.13086048479526116
822884,664285,1,26,0.2028301886792453,6.5,0.21618657523851517,0,0.04673663531335818
822884,664285,1,26,0.2028301886792453,7.5,0.11373811097676487,0,0.01293635788856288
822884,664285,1,26,0.2028301886792453,8.5,0.05276782254095614,0,0.002784443095713839
824251,664285,9,26,0.1650943396226415,3.5,0.5529487000975727,1,0.19985486474445
824251,664285,9,26,0.1650943396226415,4.5,0.3621977050312678,1,0.40679176746738166
824251,664285,9,26,0.1650943396226415,5.5,0.20604581013401704,1,0.6303632556057494
824251,664285,9,26,0.1650943396226415,6.5,0.10165218716566915,1,0.8070287928242259
824251,664285,9,26,0.1650943396226415,7.5,0.043647085548351214,1,0.9146108969801627
824251,664285,9,26,0.1650943396226415,8.5,0.016402991291767265,1,0.9674630755397833
824652,664285,1,10,0.18859649122807018,3.5,0.7245681335628064,0,0.5249989801746888
824652,664285,1,10,0.18859649122807018,4.5,0.5309826079733005,0,0.28194252997012775
824652,664285,1,10,0.18859649122807018,5.5,0.34090414518643697,0,0.11621563620529529
824652,664285,1,10,0.18859649122807018,6.5,0.19108789186950983,0,0.03651458241913348
824652,664285,1,10,0.18859649122807018,7.5,0.09363716777471656,0,0.008767919188870418
824652,664285,1,10,0.18859649122807018,8.5,0.04025662460968174,0,0.0016205958249648335
824246,664285,4,24,0.18691588785046728,3.5,0.6528826069435893,1,0.12049048456227869
824246,664285,4,24,0.18691588785046728,4.5,0.47251420325278415,0,0.22326967227561342
824246,664285,4,24,0.18691588785046728,5.5,0.3018024850273264,0,0.09108473996866956
824246,664285,4,24,0.18691588785046728,6.5,0.16889563400846236,0,0.02852573518712047
824246,664285,4,24,0.18691588785046728,7.5,0.0827589021108103,0,0.0068490358785866816
824246,664285,4,24,0.18691588785046728,8.5,0.03560422969237044,0,0.0012676611719870728
824972,664285,6,30,0.18269230769230768,3.5,0.6183093283547265,1,0.14568776882101997
824972,664285,6,30,0.18269230769230768,4.5,0.4297548475667553,1,0.3251795338736145
824972,664285,6,30,0.18269230769230768,5.5,0.2605396357129823,1,0.5468016303514889
824972,664285,6,30,0.18269230769230768,6.5,0.1368160044432821,0,0.018718619071824188
824972,664285,6,30,0.18269230769230768,7.5,0.06216856572356119,0,0.0038649305641247477
824972,664285,6,30,0.18269230769230768,8.5,0.024488989814531233,0,0.0005997106221362144
824171,664299,4,9,0.22413793103448276,3.5,0.6386758252108017,1,0.13055515928709513
824171,664299,4,9,0.22413793103448276,4.5,0.436249271717161,0,0.19031342707375337
824171,664299,4,9,0.22413793103448276,5.5,0.26156651366376904,0,0.06841704107021868
824171,664299,4,9,0.22413793103448276,6.5,0.13844859743333102,0,0.01916801413125655
824171,664299,4,9,0.22413793103448276,7.5,0.06506524463944566,0,0.004233486059990912
824171,664299,4,9,0.22413793103448276,8.5,0.027210937983574147,0,0.0007404351459459182
822876,664299,4,16,0.2549019607843137,3.5,0.5935617971439859,1,0.16519201274082643
822876,664299,4,16,0.2549019607843137,4.5,0.4412524697892784,0,0.19470374209513805
822876,664299,4,16,0.2549019607843137,5.5,0.30335658549405536,0,0.09202521796261212
822876,664299,4,16,0.2549019607843137,6.5,0.18882182555961768,0,0.03565368180766669
822876,664299,4,16,0.2549019607843137,7.5,0.10496827863642921,0,0.011018339519895042
822876,664299,4,16,0.2549019607843137,8.5,0.05178625534367551,0,0.00268181624252036
824001,664299,7,18,0.20408163265306123,3.5,0.4203799844237227,1,0.33595936245664393
824001,664299,7,18,0.20408163265306123,4.5,0.26514782731152653,1,0.5400077157049701
824001,664299,7,18,0.20408163265306123,5.5,0.15173834645194134,1,0.7195478328800868
824001,664299,7,18,0.20408163265306123,6.5,0.07778759780270643,1,0.8504757147665029
824001,664299,7,18,0.20408163265306123,7.5,0.03535481122366442,0,0.0012499626766609476
824001,664299,7,18,0.20408163265306123,8.5,0.014136194459618499,0,0.00019983199380014876
824160,664299,2,24,0.3488372093023256,3.5,0.724170217485782,0,0.5244225038934048
824160,664299,2,24,0.3488372093023256,4.5,0.5619378118352537,0,0.315774104370193
824160,664299,2,24,0.3488372093023256,5.5,0.39998531091578987,0,0.15998824894840108
824160,664299,2,24,0.3488372093023256,6.5,0.2553340854907401,0,0.06519549521339257
824160,664299,2,24,0.3488372093023256,7.5,0.14217626008467144,0,0.020214088931664136
824160,664299,2,24,0.3488372093023256,8.5,0.06750779090936808,0,0.00455730183346296
824818,665152,4,22,0.20224719101123595,3.5,0.668869922973401,1,0.1096471279116414
824818,665152,4,22,0.20224719101123595,4.5,0.4724894237581012,0,0.22324625556326255
824818,665152,4,22,0.20224719101123595,5.5,0.29377115748958427,0,0.08630149297277012
824818,665152,4,22,0.20224719101123595,6.5,0.16067661348775789,0,0.025816974121894338
824818,665152,4,22,0.20224719101123595,7.5,0.07742826798161966,0,0.005995136682633508
824818,665152,4,22,0.20224719101123595,8.5,0.032939306068999856,0,0.0010849978843072508
824815,665152,4,22,0.20224719101123595,3.5,0.668869922973401,1,0.1096471279116414
824815,665152,4,22,0.20224719101123595,4.5,0.4724894237581012,0,0.22324625556326255
824815,665152,4,22,0.20224719101123595,5.5,0.29377115748958427,0,0.08630149297277012
824815,665152,4,22,0.20224719101123595,6.5,0.16067661348775789,0,0.025816974121894338
824815,665152,4,22,0.20224719101123595,7.5,0.07742826798161966,0,0.005995136682633508
824815,665152,4,22,0.20224719101123595,8.5,0.032939306068999856,0,0.0010849978843072508
824170,665152,5,17,0.18085106382978725,3.5,0.6319922180702399,1,0.13542972756086188
824170,665152,5,17,0.18085106382978725,4.5,0.42286702923621383,1,0.3330824659426333
824170,665152,5,17,0.18085106382978725,5.5,0.2437520059871259,0,0.05941504042274786
824170,665152,5,17,0.18085106382978725,6.5,0.12113727979751532,0,0.014674240556741512
824170,665152,5,17,0.18085106382978725,7.5,0.05213462531511129,0,0.0027180191567470428
824170,665152,5,17,0.18085106382978725,8.5,0.019543533647070968,0,0.00038194970741419506
824735,665152,5,27,0.20238095238095238,3.5,0.6324960353581007,1,0.13505916402751436
824735,665152,5,27,0.20238095238095238,4.5,0.424377627629151,1,0.3313411155738444
824735,665152,5,27,0.20238095238095238,5.5,0.24510306253076988,0,0.06007551126196249
824735,665152,5,27,0.20238095238095238,6.5,0.12152291671420669,0,0.014767819286728016
824735,665152,5,27,0.20238095238095238,7.5,0.05170914045904598,0,0.002673835207013346
824735,665152,5,27,0.20238095238095238,8.5,0.0188874936937182,0,0.00035673741803024473
824243,665152,4,23,0.20454545454545456,3.5,0.669001607989016,1,0.10955993551385705
824243,665152,4,23,0.20454545454545456,4.5,0.47197010179730164,0,0.22275577699055527
824243,665152,4,23,0.20454545454545456,5.5,0.29302183702855905,0,0.08586179697559142
824243,665152,4,23,0.20454545454545456,6.5,0.16018294390342874,0,0.025658575517569
824243,665152,4,23,0.20454545454545456,7.5,0.07731797087114968,0,0.00597806861963195
824243,665152,4,23,0.20454545454545456,8.5,0.033053814360806455,0,0.001092554643798655
824673,665795,6,20,0.1935483870967742,3.5,0.5837312447350675,1,0.17327967660981622
824673,665795,6,20,0.1935483870967742,4.5,0.37082614131561364,1,0.39585974445180017
824673,665795,6,20,0.1935483870967742,5.5,0.20040171622553,1,0.6393574154150777
824673,665795,6,20,0.1935483870967742,6.5,0.09208743435229486,0,0.008480095565588215
824673,665795,6,20,0.1935483870967742,7.5,0.03604529984278119,0,0.0012992636407560016
824673,665795,6,20,0.1935483870967742,8.5,0.012041694213155202,0,0.00014500239952313547
824346,665795,5,22,0.21666666666666667,3.5,0.6535768926248112,1,0.12000896932348157
824346,665795,5,22,0.21666666666666667,4.5,0.44215539257239905,1,0.31119060603605414
824346,665795,5,22,0.21666666666666667,5.5,0.2558388182793953,0,0.06545350093859746
824346,665795,5,22,0.21666666666666667,6.5,0.12617625272977273,0,0.015920446752927482
824346,665795,5,22,0.21666666666666667,7.5,0.05306183192521081,0,0.002815558007259321
824346,665795,5,22,0.21666666666666667,8.5,0.019058933499105018,0,0.0003632429461233074
824667,665795,3,18,0.234375,3.5,0.7702950983275287,0,0.5933545385074172
824667,665795,3,18,0.234375,4.5,0.5821204136076498,0,0.33886417593874124
824667,665795,3,18,0.234375,5.5,0.3830624529682634,0,0.14673684287406302
824667,665795,3,18,0.234375,6.5,0.21720052590046632,0,0.04717606845143914
824667,665795,3,18,0.234375,7.5,0.10559986786359918,0,0.011151332092809607
824667,665795,3,18,0.234375,8.5,0.04392961842754736,0,0.0019298113751899087
823614,665795,4,22,0.23333333333333334,3.5,0.7150036560448579,1,0.08122291606779763
823614,665795,4,22,0.23333333333333334,4.5,0.5129984482802928,0,0.26316740793798826
823614,665795,4,22,0.23333333333333334,5.5,0.31781628503631,0,0.10100719103428103
823614,665795,4,22,0.23333333333333334,6.5,0.16891626235229654,0,0.028532703687069873
823614,665795,4,22,0.23333333333333334,7.5,0.07689001870023351,0,0.00591207497572226
823614,665795,4,22,0.23333333333333334,8.5,0.029985152106471975,0,0.0008991093468482607
824670,665871,5,21,0.18493150684931506,3.5,0.44171362394381053,1,0.31168367768995303
824670,665871,5,21,0.18493150684931506,4.5,0.252039093964396,1,0.5594455169576017
824670,665871,5,21,0.18493150684931506,5.5,0.12260768739857963,0,0.015032645009227824
824670,665871,5,21,0.18493150684931506,6.5,0.05077467752388056,0,0.0025780678776540617
824670,665871,5,21,0.18493150684931506,7.5,0.017887708250019434,0,0.00031997010643781336
824670,665871,5,21,0.18493150684931506,8.5,0.005359096740228411,0,2.8719917871126785e-05
823211,665871,5,21,0.18493150684931506,3.5,0.44171362394381053,1,0.31168367768995303
823211,665871,5,21,0.18493150684931506,4.5,0.252039093964396,1,0.5594455169576017
823211,665871,5,21,0.18493150684931506,5.5,0.12260768739857963,0,0.015032645009227824
823211,665871,5,21,0.18493150684931506,6.5,0.05077467752388056,0,0.0025780678776540617
823211,665871,5,21,0.18493150684931506,7.5,0.017887708250019434,0,0.00031997010643781336
823211,665871,5,21,0.18493150684931506,8.5,0.005359096740228411,0,2.8719917871126785e-05
824668,665871,1,22,0.21379310344827587,3.5,0.5504388513335391,0,0.30298292905738594
824668,665871,1,22,0.21379310344827587,4.5,0.3511099300004442,0,0.12327818294491684
824668,665871,1,22,0.21379310344827587,5.5,0.19336240821840317,0,0.03738902091202039
824668,665871,1,22,0.21379310344827587,6.5,0.09142314093809802,0,0.008358190698987333
824668,665871,1,22,0.21379310344827587,7.5,0.036956581390420636,0,0.001365788908066785
824668,665871,1,22,0.21379310344827587,8.5,0.012732109366587792,0,0.00016210660892275258
823613,665871,5,21,0.18493150684931506,3.5,0.44171362394381053,1,0.31168367768995303
823613,665871,5,21,0.18493150684931506,4.5,0.252039093964396,1,0.5594455169576017
823613,665871,5,21,0.18493150684931506,5.5,0.12260768739857963,0,0.015032645009227824
823613,665871,5,21,0.18493150684931506,6.5,0.05077467752388056,0,0.0025780678776540617
823613,665871,5,21,0.18493150684931506,7.5,0.017887708250019434,0,0.00031997010643781336
823613,665871,5,21,0.18493150684931506,8.5,0.005359096740228411,0,2.8719917871126785e-05
824661,665871,1,14,0.20261437908496732,3.5,0.5537610773821979,0,0.3066513308234926
824661,665871,1,14,0.20261437908496732,4.5,0.35183433516865764,0,0.12378739940357132
824661,665871,1,14,0.20261437908496732,5.5,0.19143482228259856,0,0.0366472911823701
824661,665871,1,14,0.20261437908496732,6.5,0.0887154870814201,0,0.007870437648093618
824661,665871,1,14,0.20261437908496732,7.5,0.034937148683963436,0,0.001220604358165368
824661,665871,1,14,0.20261437908496732,8.5,0.011684243800384846,0,0.0001365215531868317
824656,665871,2,17,0.2,3.5,0.5246102623821857,0,0.2752159273967057
824656,665871,2,17,0.2,4.5,0.3275057010503711,0,0.10725998422049503
824656,665871,2,17,0.2,5.5,0.17582087375245425,0,0.03091297964707646
824656,665871,2,17,0.2,6.5,0.08068105649882072,0,0.0065094328777659015
824656,665871,2,17,0.2,7.5,0.03152753056638466,0,0.000993985183614319
824656,665871,2,17,0.2,8.5,0.010468503398433962,0,0.00010958956340302341
824492,665871,4,20,0.19047619047619047,3.5,0.46947550917419506,1,0.2814562353659795
824492,665871,4,20,0.19047619047619047,4.5,0.27679089328755463,0,0.07661319860692245
824492,665871,4,20,0.19047619047619047,5.5,0.1397622274120997,0,0.019533480211191473
824492,665871,4,20,0.19047619047619047,6.5,0.060272122648110944,0,0.0036327287685089284
824492,665871,4,20,0.19047619047619047,7.5,0.02215969063682041,0,0.0004910518891195862
824492,665871,4,20,0.19047619047619047,8.5,0.006937800766333681,0,4.81330794733402e-05
823355,665871,3,11,0.1858974358974359,3.5,0.5000392469616984,0,0.2500392485020224
823355,665871,3,11,0.1858974358974359,4.5,0.2943899150064229,0,0.08666542205748891
823355,665871,3,11,0.1858974358974359,5.5,0.14654401580111182,0,0.02147514856711651
823355,665871,3,11,0.1858974358974359,6.5,0.06171214009580162,0,0.003808388235203846
823355,665871,3,11,0.1858974358974359,7.5,0.02201788262817126,0,0.00048478715542792577
823355,665871,3,11,0.1858974358974359,8.5,0.006663311464816751,0,4.4399719677158355e-05
823023,665871,6,20,0.17687074829931973,3.5,0.4134784514812203,1,0.34400752687686725
823023,665871,6,20,0.17687074829931973,4.5,0.22893380592143533,1,0.5945430756508028
823023,665871,6,20,0.17687074829931973,5.5,0.10777027205631762,1,0.7960738874264575
823023,665871,6,20,0.17687074829931973,6.5,0.043098061703431424,0,0.0018574429225927823
823023,665871,6,20,0.17687074829931973,7.5,0.014637972888301766,0,0.00021427025027865755
823023,665871,6,20,0.17687074829931973,8.5,0.00422227961964135,0,1.7827645186438706e-05
823048,666157,3,25,0.1865671641791045,3.5,0.605688769328063,0,0.36685888529014354
823048,666157,3,25,0.1865671641791045,4.5,0.4077187659124218,0,0.1662345920771482
823048,666157,3,25,0.1865671641791045,5.5,0.24029545810808892,0,0.05774190718737632
823048,666157,3,25,0.1865671641791045,6.5,0.12374421708528711,0,0.015312631262050663
823048,666157,3,25,0.1865671641791045,7.5,0.05564960804819445,0,0.0030968788759176686
823048,666157,3,25,0.1865671641791045,8.5,0.021858156419514368,0,0.0004777790020599572
824507,666157,5,26,0.17293233082706766,3.5,0.5400623757213571,1,0.21154261822708212
824507,666157,5,26,0.17293233082706766,4.5,0.34034187578288333,1,0.4351488408456449
824507,666157,5,26,0.17293233082706766,5.5,0.18578394703373177,0,0.03451567497543245
824507,666157,5,26,0.17293233082706766,6.5,0.08785502856252286,0,0.0077185060437217085
824507,666157,5,26,0.17293233082706766,7.5,0.036033337156000676,0,0.0012984013865980188
824507,666157,5,26,0.17293233082706766,8.5,0.012837151476962929,0,0.0001647924580424915
824503,666157,2,25,0.19402985074626866,3.5,0.6365726450840347,0,0.40522473246928437
824503,666157,2,25,0.19402985074626866,4.5,0.441047265017638,0,0.19452268997953862
824503,666157,2,25,0.19402985074626866,5.5,0.2687419868130162,0,0.07222225547620738
824503,666157,2,25,0.19402985074626866,6.5,0.14357135167044724,0,0.020612733020479234
824503,666157,2,25,0.19402985074626866,7.5,0.06715606561139638,0,0.004509937148402175
824503,666157,2,25,0.19402985074626866,8.5,0.02748931397545459,0,0.000755662382841123
824501,666157,6,15,0.1527777777777778,3.5,0.508034520215426,1,0.24203003329966605
824501,666157,6,15,0.1527777777777778,4.5,0.30203959736235736,1,0.4871487236501003
824501,666157,6,15,0.1527777777777778,5.5,0.15269687994751235,1,0.7179225772506803
824501,666157,6,15,0.1527777777777778,6.5,0.0658953343710252,0,0.004342195091869215
824501,666157,6,15,0.1527777777777778,7.5,0.02439649369055067,0,0.0005951889043930786
824501,666157,6,15,0.1527777777777778,8.5,0.007785758258003892,0,6.06180316520758e-05
823771,666157,4,20,0.17266187050359713,3.5,0.5750546572694477,1,0.18057854430838655
823771,666157,4,20,0.17266187050359713,4.5,0.37573676700343067,0,0.14117811807819033
823771,666157,4,20,0.17266187050359713,5.5,0.2131398569015508,0,0.04542859860001355
823771,666157,4,20,0.17266187050359713,6.5,0.10465875994891398,0,0.010953456034044401
823771,666157,4,20,0.17266187050359713,7.5,0.04445672459679959,0,0.001976400361875686
823771,666157,4,20,0.17266187050359713,8.5,0.01634755091375225,0,0.000267242420877722
824497,666157,4,26,0.18045112781954886,3.5,0.5741141815919524,1,0.1813787303210925
824497,666157,4,26,0.18045112781954886,4.5,0.37404115990870523,0,0.1399067893058496
824497,666157,4,26,0.18045112781954886,5.5,0.21201910277659788,0,0.044952099942193575
824497,666157,4,26,0.18045112781954886,6.5,0.10445184377390178,0,0.010910187667767584
824497,666157,4,26,0.18045112781954886,7.5,0.044738930230473296,0,0.002001571878167157
824497,666157,4,26,0.18045112781954886,8.5,0.016674569105774067,0,0.000278041254863235
824492,666157,4,22,0.17518248175182483,3.5,0.5733099861102923,1,0.18206436795319897
824492,666157,4,22,0.17518248175182483,4.5,0.37525960850974865,0,0.14081977377888982
824492,666157,4,22,0.17518248175182483,5.5,0.2140639729543266,0,0.045823384516990674
824492,666157,4,22,0.17518248175182483,6.5,0.10615798905893534,0,0.011269518641037035
824492,666157,4,22,0.17518248175182483,7.5,0.045725543138809464,0,0.0020908252953391253
824492,666157,4,22,0.17518248175182483,8.5,0.01710632043150603,0,0.00029262619870536064
823455,666200,2,27,0.3392070484581498,3.5,0.9829924739474587,0,0.9662742038373453
823455,666200,2,27,0.3392070484581498,4.5,0.9506647483391377,0,0.903763463734716
823455,666200,2,27,0.3392070484581498,5.5,0.8867622380656792,0,0.7863472668592524
823455,666200,2,27,0.3392070484581498,6.5,0.7846677887693502,0,0.6157035387321815
823455,666200,2,27,0.3392070484581498,7.5,0.6489822848920342,0,0.4211780061036855
823455,666200,2,27,0.3392070484581498,8.5,0.49585308903912023,0,0.2458702859096377
822804,666200,8,25,0.31004366812227074,3.5,0.9691517651166207,1,0.0009516135954201388
822804,666200,8,25,0.31004366812227074,4.5,0.918747774156142,1,0.006601924204581314
822804,666200,8,25,0.31004366812227074,5.5,0.8295041624200247,1,0.029068830632097326
822804,666200,8,25,0.31004366812227074,6.5,0.7013563322712512,1,0.08918804027447934
822804,666200,8,25,0.31004366812227074,7.5,0.547846235201413,1,0.20444302702153597
822804,666200,8,25,0.31004366812227074,8.5,0.39138834828482966,0,0.1531848391731271
823451,666200,9,28,0.30973451327433627,3.5,0.9673375881536169,1,0.0010668331476227455
823451,666200,9,28,0.30973451327433627,4.5,0.9141710936525768,1,0.007366601164794749
823451,666200,9,28,0.30973451327433627,5.5,0.8206314022157988,1,0.032173093871070556
823451,666200,9,28,0.30973451327433627,6.5,0.6876199080564179,1,0.09758132184268078
823451,666200,9,28,0.30973451327433627,7.5,0.5304233373796121,1,0.22050224207770158
823451,666200,9,28,0.30973451327433627,8.5,0.37295583810507876,1,0.3931843809665041
822718,666200,13,28,0.2920353982300885,3.5,0.9529763209038467,1,0.0022112263957380094
822718,666200,13,28,0.2920353982300885,4.5,0.8837771896217732,1,0.013507741652213261
822718,666200,13,28,0.2920353982300885,5.5,0.7706917056513471,1,0.052582293857088416
822718,666200,13,28,0.2920353982300885,6.5,0.6212889528126749,1,0.14342205726172036
822718,666200,13,28,0.2920353982300885,7.5,0.45725289913170597,1,0.29457441550093816
822718,666200,13,28,0.2920353982300885,8.5,0.30465992459387614,1,0.48349782046579404
823608,666200,6,22,0.3146551724137931,3.5,0.9750999335584796,1,0.0006200133087921318
823608,666200,6,22,0.3146551724137931,4.5,0.9321673866497523,1,0.004601263433924203
823608,666200,6,22,0.3146551724137931,5.5,0.8527974216249918,1,0.02166859908025042
823608,666200,6,22,0.3146551724137931,6.5,0.733721299012029,0,0.5383469446238992
823608,666200,6,22,0.3146551724137931,7.5,0.5848249591221105,0,0.34202023281217825
823608,666200,6,22,0.3146551724137931,8.5,0.4268041358648639,0,0.18216177039135317
824092,666200,9,23,0.30303030303030304,3.5,0.9664585115222487,1,0.0011250314493031226
824092,666200,9,23,0.30303030303030304,4.5,0.9129600921559791,1,0.007575945557495657
824092,666200,9,23,0.30303030303030304,5.5,0.819637850333687,1,0.0325305050322535
824092,666200,9,23,0.30303030303030304,6.5,0.6874364569057212,1,0.09769596847164909
824092,666200,9,23,0.30303030303030304,7.5,0.5311751843257195,1,0.21979670779202307
824092,666200,9,23,0.30303030303030304,8.5,0.374205309012129,1,0.39161899526860494
824494,666200,11,26,0.2982456140350877,3.5,0.9597341584209232,1,0.0016213379980713064
824494,666200,11,26,0.2982456140350877,4.5,0.898261189578911,1,0.01035078554589829
824494,666200,11,26,0.2982456140350877,5.5,0.7948469574635381,1,0.04208777086196736
824494,666200,11,26,0.2982456140350877,6.5,0.6538908544351032,1,0.11979154064366293
824494,666200,11,26,0.2982456140350877,7.5,0.4937941206264114,1,0.25624439231238816
824494,666200,11,26,0.2982456140350877,8.5,0.33926991963073905,1,0.43656423910477005
823441,666200,7,20,0.3076923076923077,3.5,0.9749833236257374,1,0.0006258340968145903
823441,666200,7,20,0.3076923076923077,4.5,0.9305564599233975,1,0.004822405258370694
823441,666200,7,20,0.3076923076923077,5.5,0.8475457439961873,1,0.023242300173676057
823441,666200,7,20,0.3076923076923077,6.5,0.7228925326536927,1,0.07678854845908477
823441,666200,7,20,0.3076923076923077,7.5,0.5683344645931264,0,0.3230040636443557
823441,666200,7,20,0.3076923076923077,8.5,0.40704535226612926,0,0.16568591880145725
823434,666200,9,27,0.30837004405286345,3.5,0.9668105210218705,1,0.0011015415148397012
823434,666200,9,27,0.30837004405286345,4.5,0.9132185632223611,1,0.007531017769191345
823434,666200,9,27,0.30837004405286345,5.5,0.8194047523593222,1,0.03261464347039774
823434,666200,9,27,0.30837004405286345,6.5,0.6865347185133542,1,0.09826048269750207
823434,666200,9,27,0.30837004405286345,7.5,0.5299258512303152,1,0.22096970534154375
823434,666200,9,27,0.30837004405286345,8.5,0.3732284098067189,1,0.3928426262734143
823837,666200,5,28,0.3274336283185841,3.5,0.9776549949275846,1,0.0004992992516862716
823837,666200,5,28,0.3274336283185841,4.5,0.9376434038044793,1,0.0038883450890912262
823837,666200,5,28,0.3274336283185841,5.5,0.8620739201393235,0,0.7431714437843807
823837,666200,5,28,0.3274336283185841,6.5,0.7467664167805255,0,0.5576600812312255
823837,666200,5,28,0.3274336283185841,7.5,0.600552132982589,0,0.3606628644299373
823837,666200,5,28,0.3274336283185841,8.5,0.4433571952364871,0,0.19656560256796454
824027,667755,7,25,0.2131979695431472,3.5,0.7026394307753432,1,0.08842330812961191
824027,667755,7,25,0.2131979695431472,4.5,0.5070226506287693,1,0.24302666699308448
824027,667755,7,25,0.2131979695431472,5.5,0.321114982262225,1,0.46088486730881906
824027,667755,7,25,0.2131979695431472,6.5,0.1782343839497635,1,0.6752987277224246
824027,667755,7,25,0.2131979695431472,7.5,0.08687996027924424,0,0.0075481274981230575
824027,667755,7,25,0.2131979695431472,8.5,0.03730787426437728,0,0.0013918774821265847
823941,667755,2,27,0.24102564102564103,3.5,0.789374309486542,0,0.6231118004773549
823941,667755,2,27,0.24102564102564103,4.5,0.615604611949155,0,0.37896903825306966
823941,667755,2,27,0.24102564102564103,5.5,0.4261489078738744,0,0.18160289168209587
823941,667755,2,27,0.24102564102564103,6.5,0.2599256844821525,0,0.06756136145351548
823941,667755,2,27,0.24102564102564103,7.5,0.13932666310695296,0,0.019411919052518368
823941,667755,2,27,0.24102564102564103,8.5,0.06560084141018631,0,0.004303470393724414
824019,667755,5,19,0.21674876847290642,3.5,0.7385134153065875,1,0.06837523397462517
824019,667755,5,19,0.21674876847290642,4.5,0.5514555152472068,1,0.20119215480214872
824019,667755,5,19,0.21674876847290642,5.5,0.3633738484569089,0,0.1320405537423846
824019,667755,5,19,0.21674876847290642,6.5,0.210333162978779,0,0.044240039448657606
824019,667755,5,19,0.21674876847290642,7.5,0.10687413849999255,0,0.01142208148011559
824019,667755,5,19,0.21674876847290642,8.5,0.04771343203955273,0,0.002276571596993017
824990,667755,6,24,0.21717171717171718,3.5,0.7199104720031919,1,0.07845014369347474
824990,667755,6,24,0.21717171717171718,4.5,0.5285058315478613,1,0.2223067508843737
824990,667755,6,24,0.21717171717171718,5.5,0.34189477967120274,1,0.4331024810240148
824990,667755,6,24,0.21717171717171718,6.5,0.19448854492862513,0,0.03782579410845384
824990,667755,6,24,0.21717171717171718,7.5,0.09742724666308207,0,0.009492068392349036
824990,667755,6,24,0.21717171717171718,8.5,0.04308282002404368,0,0.0018561293812241388
824018,667755,4,17,0.21951219512195122,3.5,0.758504365969064,1,0.05832014125600377
824018,667755,4,17,0.21951219512195122,4.5,0.5741454593123964,0,0.3296430084490426
824018,667755,4,17,0.21951219512195122,5.5,0.38327734258813106,0,0.1469015213414196
824018,667755,4,17,0.21951219512195122,6.5,0.22444852613591368,0,0.05037714088458393
824018,667755,4,17,0.21951219512195122,7.5,0.11523293061183858,0,0.013278628297392804
824018,667755,4,17,0.21951219512195122,8.5,0.05194454955488009,0,0.0026982362284593935
823122,667755,9,22,0.2,3.5,0.6624970918054361,1,0.1139082130397882
823122,667755,9,22,0.2,4.5,0.46213488243203965,1,0.28929888469639575
823122,667755,9,22,0.2,5.5,0.2819703198951263,1,0.5155666215115073
823122,667755,9,22,0.2,6.5,0.15043884190235152,1,0.7217541613482178
823122,667755,9,22,0.2,7.5,0.07033114965746312,1,0.8642841712972142
823122,667755,9,22,0.2,8.5,0.028880203933059546,1,0.943073658313096
822881,667755,4,23,0.22613065326633167,3.5,0.753326754202321,1,0.06084769019236217
822881,667755,4,23,0.22613065326633167,4.5,0.5708283737400178,0,0.3258450322666735
822881,667755,4,23,0.22613065326633167,5.5,0.38357182918906957,0,0.14712734814744877
822881,667755,4,23,0.22613065326633167,6.5,0.2277031082473083,0,0.0518487055054854
822881,667755,4,23,0.22613065326633167,7.5,0.1194217089779317,0,0.014261544575209811
822881,667755,4,23,0.22613065326633167,8.5,0.05540116600719442,0,0.0030692891949567146
823681,667755,0,20,0.24257425742574257,3.5,0.8127159332184332,0,0.6605071881071087
823681,667755,0,20,0.24257425742574257,4.5,0.6511178897256198,0,0.4239545063207444
823681,667755,0,20,0.24257425742574257,5.5,0.46772956207294425,0,0.2187709432369482
823681,667755,0,20,0.24257425742574257,6.5,0.2988886840844783,0,0.08933444547375105
823681,667755,0,20,0.24257425742574257,7.5,0.16932683224411435,0,0.028671576117826444
823681,667755,0,20,0.24257425742574257,8.5,0.08493734069819692,0,0.007214351844881579
824006,667755,7,25,0.2131979695431472,3.5,0.7026394307753432,1,0.08842330812961191
824006,667755,7,25,0.2131979695431472,4.5,0.5070226506287693,1,0.24302666699308448
824006,667755,7,25,0.2131979695431472,5.5,0.321114982262225,1,0.46088486730881906
824006,667755,7,25,0.2131979695431472,6.5,0.1782343839497635,1,0.6752987277224246
824006,667755,7,25,0.2131979695431472,7.5,0.08687996027924424,0,0.0075481274981230575
824006,667755,7,25,0.2131979695431472,8.5,0.03730787426437728,0,0.0013918774821265847
823194,667755,5,20,0.21782178217821782,3.5,0.7374414591528681,1,0.06893698737177505
823194,667755,5,20,0.21782178217821782,4.5,0.5508012781594336,1,0.20177949170319856
823194,667755,5,20,0.21782178217821782,5.5,0.3634951031415648,0,0.13212869000789684
823194,667755,5,20,0.21782178217821782,6.5,0.21105406958186665,0,0.04454382028706741
823194,667755,5,20,0.21782178217821782,7.5,0.10774429461040119,0,0.011608833021092927
823194,667755,5,20,0.21782178217821782,8.5,0.04839490550144338,0,0.002342066878493635
825077,668678,1,25,0.11688311688311688,3.5,0.35248982901391385,0,0.12424907955825822
825077,668678,1,25,0.11688311688311688,4.5,0.17416729068036937,0,0.03033424514294028
825077,668678,1,25,0.11688311688311688,5.5,0.07171459530092089,0,0.0051429831791748645
825077,668678,1,25,0.11688311688311688,6.5,0.02483193456880777,0,0.0006166249744295504
825077,668678,1,25,0.11688311688311688,7.5,0.007293359505271936,0,5.3193092873140504e-05
825077,668678,1,25,0.11688311688311688,8.5,0.0018304846129122952,0,3.350673918108675e-06
823858,668678,3,26,0.10457516339869281,3.5,0.27432721881133026,0,0.07525542298075948
823858,668678,3,26,0.10457516339869281,4.5,0.12145321717954029,0,0.01475088396326058
823858,668678,3,26,0.10457516339869281,5.5,0.044496392274968384,0,0.001979928925487866
823858,668678,3,26,0.10457516339869281,6.5,0.013647516498824569,0,0.0001862547065856888
823858,668678,3,26,0.10457516339869281,7.5,0.0035400119572670304,0,1.2531684657593551e-05
823858,668678,3,26,0.10457516339869281,8.5,0.0007830635192973012,0,6.131884752542748e-07
824506,668678,4,25,0.09740259740259741,3.5,0.2368018046992739,1,0.5824714853102853
824506,668678,4,25,0.09740259740259741,4.5,0.09868646340601465,0,0.00973901805958667
824506,668678,4,25,0.09740259740259741,5.5,0.03393067758064168,0,0.0011512908810814599
824506,668678,4,25,0.09740259740259741,6.5,0.009748545469831947,0,9.503413877738097e-05
824506,668678,4,25,0.09740259740259741,7.5,0.00236591164701078,0,5.597537921461262e-06
824506,668678,4,25,0.09740259740259741,8.5,0.0004892741326695598,0,2.3938917689955005e-07
825068,668678,2,26,0.1111111111111111,3.5,0.3130473342674775,0,0.09799863349197378
825068,668678,2,26,0.1111111111111111,4.5,0.1466718004345235,0,0.021512617042704685
825068,668678,2,26,0.1111111111111111,5.5,0.05705718578013206,0,0.0032555224491485043
825068,668678,2,26,0.1111111111111111,6.5,0.018620916929128543,0,0.00034673854728150595
825068,668678,2,26,0.1111111111111111,7.5,0.005146496531974505,0,2.6486426553625605e-05
825068,668678,2,26,0.1111111111111111,8.5,0.0012141395962971756,0,1.4741349592966687e-06
822962,668678,0,27,0.125,3.5,0.39224879454908407,0,0.15385911682520956
822962,668678,0,27,0.125,4.5,0.20328268973820005,0,0.0413238519471973
822962,668678,0,27,0.125,5.5,0.08799512884082186,0,0.0077431426997128395
822962,668678,0,27,0.125,6.5,0.03205620224196428,0,0.0010276001021777158
822962,668678,0,27,0.125,7.5,0.009903228496338505,0,9.807393465069101e-05
822962,668678,0,27,0.125,8.5,0.0026118597210699,0,6.821811202547337e-06
825064,668678,4,24,0.0967741935483871,3.5,0.23673510790109806,1,0.5825732955107484
825064,668678,4,24,0.0967741935483871,4.5,0.0985725418771605,0,0.00971654601212456
825064,668678,4,24,0.0967741935483871,5.5,0.0338445505428614,0,0.0011454536014483
825064,668678,4,24,0.0967741935483871,6.5,0.009704831349097283,0,9.418375151442139e-05
825064,668678,4,24,0.0967741935483871,7.5,0.0023492693201490463,0,5.5190663385935625e-06
825064,668678,4,24,0.0967741935483871,8.5,0.000484271145599064,0,2.3451854245982983e-07
823280,668678,5,26,0.0915032679738562,3.5,0.20080890774657154,1,0.6387064019372279
823280,668678,5,26,0.0915032679738562,4.5,0.07833046081188752,1,0.8494747394672275
823280,668678,5,26,0.0915032679738562,5.5,0.025125362103346035,0,0.000631283820824257
823280,668678,5,26,0.0915032679738562,6.5,0.0067203268789325105,0,4.5162793359702775e-05
823280,668678,5,26,0.0915032679738562,7.5,0.001516246424560187,0,2.299003219991551e-06
823280,668678,5,26,0.0915032679738562,8.5,0.0002912258019661806,0,8.481246773084502e-08
824499,668881,7,20,0.25742574257425743,3.5,0.917875424655592,1,0.006744445875499343
824499,668881,7,20,0.25742574257425743,4.5,0.8130223958760049,1,0.034960624443949435
824499,668881,7,20,0.25742574257425743,5.5,0.6606004014104022,1,0.11519208752278011
824499,668881,7,20,0.25742574257425743,6.5,0.4837964104705661,1,0.26646614584307227
824499,668881,7,20,0.25742574257425743,7.5,0.31577685731785604,0,0.09971502361754161
824499,668881,7,20,0.25742574257425743,8.5,0.18250830422089845,0,0.033309281109588015
824493,668881,12,25,0.21875,3.5,0.7909785292655349,1,0.04368997522799885
824493,668881,12,25,0.21875,4.5,0.6191657499125152,1,0.14503472603969694
824493,668881,12,25,0.21875,5.5,0.4313358702060082,1,0.323378892514358
824493,668881,12,25,0.21875,6.5,0.26553185109665933,1,0.5394434617534998
824493,668881,12,25,0.21875,7.5,0.1441038633721688,1,0.7325581966944472
824493,668881,12,25,0.21875,8.5,0.06892854293725288,1,0.8668940581569469
824330,668881,7,23,0.2653061224489796,3.5,0.9105675591697959,1,0.007998161472847952
824330,668881,7,23,0.2653061224489796,4.5,0.8040707230303904,1,0.03838828157383399
824330,668881,7,23,0.2653061224489796,5.5,0.654036513342402,1,0.119690734100282
824330,668881,7,23,0.2653061224489796,6.5,0.48285167374974464,1,0.2674423913434406
824330,668881,7,23,0.2653061224489796,7.5,0.3204184215392384,0,0.10266796486169706
824330,668881,7,23,0.2653061224489796,8.5,0.18993898171028628,0,0.036076816773140466
823027,668881,3,26,0.3157894736842105,3.5,0.960653990682314,0,0.9228560898138556
823027,668881,3,26,0.3157894736842105,4.5,0.8986527572879123,0,0.8075767781811674
823027,668881,3,26,0.3157894736842105,5.5,0.7929898423598069,0,0.6288328900858313
823027,668881,3,26,0.3157894736842105,6.5,0.6482979591761876,0,0.4202902438720098
823027,668881,3,26,0.3157894736842105,7.5,0.4845087379810156,0,0.23474871717995646
823027,668881,3,26,0.3157894736842105,8.5,0.32808248356732356,0,0.10763811602370313
824486,668881,4,27,0.30851063829787234,3.5,0.9533446748365695,1,0.0021767193661054326
824486,668881,4,27,0.30851063829787234,4.5,0.8827509752432492,0,0.7792492842929075
824486,668881,4,27,0.30851063829787234,5.5,0.7661775187883075,0,0.5870279902966073
824486,668881,4,27,0.30851063829787234,6.5,0.6118193512492504,0,0.3743229185630536
824486,668881,4,27,0.30851063829787234,7.5,0.44337420536362,0,0.19658068598182146
824486,668881,4,27,0.30851063829787234,8.5,0.28892614151637835,0,0.0834783152515423
823540,668909,6,21,0.3684210526315789,3.5,0.9835346808614609,1,0.0002711067343339421
823540,668909,6,21,0.3684210526315789,4.5,0.9506477234425867,1,0.002435647201399402
823540,668909,6,21,0.3684210526315789,5.5,0.8839788215596999,1,0.013460913846675963
823540,668909,6,21,0.3684210526315789,6.5,0.7759990080282683,0,0.6021744604608563
823540,668909,6,21,0.3684210526315789,7.5,0.6322799362717957,0,0.399777917811866
823540,668909,6,21,0.3684210526315789,8.5,0.47184882131331773,0,0.22264131017476724
824427,668909,5,22,0.3744493392070485,3.5,0.9850030478511305,1,0.0002249085737554826
824427,668909,5,22,0.3744493392070485,4.5,0.9543376304671518,1,0.002085051991354383
824427,668909,5,22,0.3744493392070485,5.5,0.891126246526022,0,0.7941059872475565
824427,668909,5,22,0.3744493392070485,6.5,0.7871425501559431,0,0.6195933942660015
824427,668909,5,22,0.3744493392070485,7.5,0.646692128791546,0,0.4182107094409416
824427,668909,5,22,0.3744493392070485,8.5,0.48764314503917283,0,0.23779583690369574
823774,668909,4,24,0.38222222222222224,3.5,0.9867677302930575,1,0.0001750929615972673
823774,668909,4,24,0.38222222222222224,4.5,0.9587192051170869,0,0.9191425142603389
823774,668909,4,24,0.38222222222222224,5.5,0.8994032910417626,0,0.8089262799367536
823774,668909,4,24,0.38222222222222224,6.5,0.7995552978322327,0,0.6392886742915903
823774,668909,4,24,0.38222222222222224,7.5,0.6619436066464119,0,0.4381693383800597
823774,668909,4,24,0.38222222222222224,8.5,0.5033983266908297,0,0.2534098753151273
824585,668909,8,20,0.35807860262008734,3.5,0.9804500522934589,1,0.00038220045532849005
824585,668909,8,20,0.35807860262008734,4.5,0.9428788617860698,1,0.003262824430854913
824585,668909,8,20,0.35807860262008734,5.5,0.8688979802030666,1,0.017187739594835508
824585,668909,8,20,0.35807860262008734,6.5,0.7525020781958177,1,0.06125522129738913
824585,668909,8,20,0.35807860262008734,7.5,0.602087913325858,1,0.1583340287213699
824585,668909,8,20,0.35807860262008734,8.5,0.4392559310517863,0,0.19294577296417162
824422,668909,6,25,0.375,3.5,0.9842827864316581,1,0.00024703080235287015
824422,668909,6,25,0.375,4.5,0.9521307976053242,1,0.00229146053790244
824422,668909,6,25,0.375,5.5,0.8860136399554928,1,0.012992890276196037
824422,668909,6,25,0.375,6.5,0.7778280017323244,0,0.6050164002789008
824422,668909,6,25,0.375,7.5,0.6329931137650419,0,0.4006802820739632
824422,668909,6,25,0.375,8.5,0.47108125796928374,0,0.22191755160992285
824417,668909,6,20,0.36681222707423583,3.5,0.9838236402811047,1,0.0002616746137550986
824417,668909,6,20,0.36681222707423583,4.5,0.9513217769128135,1,0.002369569402925897
824417,668909,6,20,0.36681222707423583,5.5,0.8851048370362518,1,0.013200898472466267
824417,668909,6,20,0.36681222707423583,6.5,0.7773446965114774,0,0.604264777194521
824417,668909,6,20,0.36681222707423583,7.5,0.6333381883454473,0,0.4011172608166933
824417,668909,6,20,0.36681222707423583,8.5,0.47214454528683086,0,0.22292047164410828
823683,668909,11,26,0.3542600896860987,3.5,0.9753223846146927,1,0.0006089847011051569
823683,668909,11,26,0.3542600896860987,4.5,0.9299387532669492,1,0.004908578293789423
823683,668909,11,26,0.3542600896860987,5.5,0.8439318101544535,1,0.02435727988166554
823683,668909,11,26,0.3542600896860987,6.5,0.7141972836152211,1,0.08168319269291839
823683,668909,11,26,0.3542600896860987,7.5,0.5540960998033165,1,0.19883028821061385
823683,668909,11,26,0.3542600896860987,8.5,0.38922467288731794,1,0.37304650020960384
824414,668909,11,25,0.35267857142857145,3.5,0.9747489732767591,1,0.0006376143505778244
824414,668909,11,25,0.35267857142857145,4.5,0.9287427986234832,1,0.005077588748013469
824414,668909,11,25,0.35267857142857145,5.5,0.8421346379760783,1,0.024921472526943843
824414,668909,11,25,0.35267857142857145,6.5,0.712267697019169,1,0.08278987817865271
824414,668909,11,25,0.35267857142857145,7.5,0.5527789921438715,1,0.20000662986785137
824414,668909,11,25,0.35267857142857145,8.5,0.38907250895195894,1,0.37323239931825436
824406,668909,11,23,0.3495575221238938,3.5,0.9739204458741966,1,0.0006801431434007106
824406,668909,11,23,0.3495575221238938,4.5,0.9271493231581357,1,0.005307221116317744
824406,668909,11,23,0.3495575221238938,5.5,0.8399851408489097,1,0.025604755149143253
824406,668909,11,23,0.3495575221238938,6.5,0.7103173697538324,1,0.08391602626633785
824406,668909,11,23,0.3495575221238938,7.5,0.5519083127932989,1,0.20078616014374806
824406,668909,11,23,0.3495575221238938,8.5,0.3896546062738546,1,0.3725214996427234
824489,668909,12,24,0.3466666666666667,3.5,0.9718187094774777,1,0.0007941851355148037
824489,668909,12,24,0.3466666666666667,4.5,0.9221085396536212,1,0.006067079594891507
824489,668909,12,24,0.3466666666666667,5.5,0.8307090951617848,1,0.02865941046094163
824489,668909,12,24,0.3466666666666667,6.5,0.6966913485006403,1,0.09199613807436004
824489,668909,12,24,0.3466666666666667,7.5,0.5355018672995752,1,0.21575851528218148
824489,668909,12,24,0.3466666666666667,8.5,0.3731634201495873,1,0.39292409783856286
824404,668909,10,19,0.34782608695652173,3.5,0.9772203270981962,1,0.0005189134975131756
824404,668909,10,19,0.34782608695652173,4.5,0.9346717422051456,1,0.004267781266510956
824404,668909,10,19,0.34782608695652173,5.5,0.8529084870062993,1,0.021635913194776025
824404,668909,10,19,0.34782608695652173,6.5,0.727671020497012,1,0.07416307307713883
824404,668909,10,19,0.34782608695652173,7.5,0.5705431316060655,1,0.18443320181072517
824404,668909,10,19,0.34782608695652173,8.5,0.40587962197993305,1,0.3529790235787073
824505,668964,1,11,0.13333333333333333,3.5,0.0578324108100759,0,0.003344587740105384
824505,668964,1,11,0.13333333333333333,4.5,0.014392896028258172,0,0.00020715545608024987
824505,668964,1,11,0.13333333333333333,5.5,0.0029354405133691745,0,8.616811007529083e-06
824505,668964,1,11,0.13333333333333333,6.5,0.0004968851744008863,0,2.4689487653939917e-07
824505,668964,1,11,0.13333333333333333,7.5,6.93966202547965e-05,0,4.8158909027884315e-09
824505,668964,1,11,0.13333333333333333,8.5,7.849385106484326e-06,0,6.161284654989794e-11
823447,668964,1,10,0.13043478260869565,3.5,0.05738860000607377,0,0.0032934514106571305
823447,668964,1,10,0.13043478260869565,4.5,0.01404096750270362,0,0.0001971487684119791
823447,668964,1,10,0.13043478260869565,5.5,0.002784429146153098,0,7.75304566994687e-06
823447,668964,1,10,0.13043478260869565,6.5,0.00045445332655829045,0,2.0652782601989618e-07
823447,668964,1,10,0.13043478260869565,7.5,6.101475806088e-05,0,3.722800701227721e-09
823447,668964,1,10,0.13043478260869565,8.5,6.646988786541296e-06,0,4.4182459928405736e-11
823614,668964,1,10,0.13043478260869565,3.5,0.05738860000607377,0,0.0032934514106571305
823614,668964,1,10,0.13043478260869565,4.5,0.01404096750270362,0,0.0001971487684119791
823614,668964,1,10,0.13043478260869565,5.5,0.002784429146153098,0,7.75304566994687e-06
823614,668964,1,10,0.13043478260869565,6.5,0.00045445332655829045,0,2.0652782601989618e-07
823614,668964,1,10,0.13043478260869565,7.5,6.101475806088e-05,0,3.722800701227721e-09
823614,668964,1,10,0.13043478260869565,8.5,6.646988786541296e-06,0,4.4182459928405736e-11
823608,668964,3,15,0.0975609756097561,3.5,0.013061918659401518,0,0.00017061371906482156
823608,668964,3,15,0.0975609756097561,4.5,0.001711590898543508,0,2.9295434039769734e-06
823608,668964,3,15,0.0975609756097561,5.5,0.00016034395501418844,0,2.5710183909592086e-08
823608,668964,3,15,0.0975609756097561,6.5,1.065677207667262e-05,0,1.1356679109414927e-10
823608,668964,3,15,0.0975609756097561,7.5,4.890505630362035e-07,0,2.3917045320602764e-13
823608,668964,3,15,0.0975609756097561,8.5,1.464044401014673e-08,0,2.1434260081424127e-16
823605,668964,1,10,0.13043478260869565,3.5,0.05738860000607377,0,0.0032934514106571305
823605,668964,1,10,0.13043478260869565,4.5,0.01404096750270362,0,0.0001971487684119791
823605,668964,1,10,0.13043478260869565,5.5,0.002784429146153098,0,7.75304566994687e-06
823605,668964,1,10,0.13043478260869565,6.5,0.00045445332655829045,0,2.0652782601989618e-07
823605,668964,1,10,0.13043478260869565,7.5,6.101475806088e-05,0,3.722800701227721e-09
823605,668964,1,10,0.13043478260869565,8.5,6.646988786541296e-06,0,4.4182459928405736e-11
823051,669022,5,26,0.275,3.5,0.9083837033568689,1,0.008393545810602194
823051,669022,5,26,0.275,4.5,0.8085245740555476,1,0.03666283874060949
823051,669022,5,26,0.275,5.5,0.6684025767185349,0,0.4467620045639769
823051,669022,5,26,0.275,6.5,0.5047732696083094,0,0.254796053711063
823051,669022,5,26,0.275,7.5,0.34365545341547865,0,0.11809907066219821
823051,669022,5,26,0.275,8.5,0.2089181113217386,0,0.04364677723824236
824103,669022,6,26,0.2708333333333333,3.5,0.9021444673039849,1,0.009575705279220881
824103,669022,6,26,0.2708333333333333,4.5,0.7976658075282181,1,0.04093912544320807
824103,669022,6,26,0.2708333333333333,5.5,0.6533156002579856,1,0.12019007302448081
824103,669022,6,26,0.2708333333333333,6.5,0.487600507252733,0,0.23775425467312256
824103,669022,6,26,0.2708333333333333,7.5,0.3273999248154907,0,0.10719071076918896
824103,669022,6,26,0.2708333333333333,8.5,0.19598698543428122,0,0.03841089845961716
822887,669022,10,27,0.25523012552301255,3.5,0.8739370511639125,1,0.015891867069250012
822887,669022,10,27,0.25523012552301255,4.5,0.7500789761457174,1,0.0624605181643729
822887,669022,10,27,0.25523012552301255,5.5,0.5895052936331951,1,0.16850590395516934
822887,669022,10,27,0.25523012552301255,6.5,0.41774601861112043,1,0.33901969884320177
822887,669022,10,27,0.25523012552301255,7.5,0.26394408715611073,1,0.5417783068324511
822887,669022,10,27,0.25523012552301255,8.5,0.14759557556482458,1,0.7265933027966627
822885,669022,6,23,0.2674897119341564,3.5,0.9014039049676091,1,0.00972118995563625
822885,669022,6,23,0.2674897119341564,4.5,0.7972593010464925,1,0.041103791012156776
822885,669022,6,23,0.2674897119341564,5.5,0.6535064625888137,1,0.12005777146771714
822885,669022,6,23,0.2674897119341564,6.5,0.4882372678707616,0,0.23837562973790583
822885,669022,6,23,0.2674897119341564,7.5,0.32810503448649353,0,0.10765291365538311
822885,669022,6,23,0.2674897119341564,8.5,0.19647541930063744,0,0.0386025903893613
822797,669022,5,25,0.27385892116182575,3.5,0.9078455952473932,1,0.008492434315307286
822797,669022,5,25,0.27385892116182575,4.5,0.8079498416436972,1,0.036883263324680976
822797,669022,5,25,0.27385892116182575,5.5,0.6680360981991043,0,0.44627222849708326
822797,669022,5,25,0.27385892116182575,6.5,0.5047675441562628,0,0.25479027363354473
822797,669022,5,25,0.27385892116182575,7.5,0.3439797272394831,0,0.1183220527517492
822797,669022,5,25,0.27385892116182575,8.5,0.20940489197650247,0,0.04385040878369067
824419,669022,7,24,0.2644628099173554,3.5,0.8947235290047524,1,0.011083135345213213
824419,669022,7,24,0.2644628099173554,4.5,0.7856460221169154,1,0.04594762783430194
824419,669022,7,24,0.2644628099173554,5.5,0.637601686851747,1,0.13133253737269923
824419,669022,7,24,0.2644628099173554,6.5,0.470582728229045,1,0.2802826476494012
824419,669022,7,24,0.2644628099173554,7.5,0.3119319955786165,0,0.09730156986565802
824419,669022,7,24,0.2644628099173554,8.5,0.18408834424191828,0,0.033888518485731
822880,669022,7,25,0.26556016597510373,3.5,0.894978283263533,1,0.01102956098627471
822880,669022,7,25,0.26556016597510373,4.5,0.7857736285051891,1,0.04589293824383275
822880,669022,7,25,0.26556016597510373,5.5,0.6375132721187131,1,0.13139662789008213
822880,669022,7,25,0.26556016597510373,6.5,0.4703404588177419,1,0.28053922956540017
822880,669022,7,25,0.26556016597510373,7.5,0.3116770786308484,0,0.09714260134386007
822880,669022,7,25,0.26556016597510373,8.5,0.18392327182360332,0,0.033827769918299076
822876,669022,4,15,0.26693227091633465,3.5,0.9305525544579988,1,0.004822947692309225
822876,669022,4,15,0.26693227091633465,4.5,0.8362273336081782,0,0.6992761534734434
822876,669022,4,15,0.26693227091633465,5.5,0.6931016110982327,0,0.4803898433069657
822876,669022,4,15,0.26693227091633465,6.5,0.520015645748946,0,0.27041627182369327
822876,669022,4,15,0.26693227091633465,7.5,0.34874517093981644,0,0.12162319425384178
822876,669022,4,15,0.26693227091633465,8.5,0.20747758385798437,0,0.04304694780354694
824899,669022,7,27,0.26778242677824265,3.5,0.896301895622634,1,0.010753296851459102
824899,669022,7,27,0.26778242677824265,4.5,0.7872366380947309,1,0.04526824816923252
824899,669022,7,27,0.26778242677824265,5.5,0.6385191390731758,1,0.13066841281639802
824899,669022,7,27,0.26778242677824265,6.5,0.47046892366996174,1,0.2804031607992488
824899,669022,7,27,0.26778242677824265,7.5,0.3109444693719578,0,0.0966864630330084
824899,669022,7,27,0.26778242677824265,8.5,0.18271660214165947,0,0.03338535669819348
822872,669022,5,23,0.2716049382716049,3.5,0.9076235288913401,1,0.008533412414489072
822872,669022,5,23,0.2716049382716049,4.5,0.8080723194850306,1,0.03683623454785618
822872,669022,5,23,0.2716049382716049,5.5,0.6685510656026151,0,0.4469605273183922
822872,669022,5,23,0.2716049382716049,6.5,0.505400882326353,0,0.25543005185625617
822872,669022,5,23,0.2716049382716049,7.5,0.3443862683431715,0,0.11860190182333492
822872,669022,5,23,0.2716049382716049,8.5,0.20944515646778195,0,0.04386727356781366
822947,669022,9,25,0.2572614107883817,3.5,0.8804947284084297,1,0.014281509938174983
822947,669022,9,25,0.2572614107883817,4.5,0.7615972695300727,1,0.056835861895516815
822947,669022,9,25,0.2572614107883817,5.5,0.6053834852107977,1,0.15572219374437676
822947,669022,9,25,0.2572614107883817,6.5,0.4354364946838144,1,0.31873195153489875
822947,669022,9,25,0.2572614107883817,7.5,0.28018711863738777,1,0.518130584175546
822947,669022,9,25,0.2572614107883817,8.5,0.16006203793308593,1,0.7054957801211208
823769,669060,4,17,0.16666666666666666,3.5,0.2476364849015473,1,0.5660508588512996
823769,669060,4,17,0.16666666666666666,4.5,0.11829200648572641,0,0.01399299879841914
823769,669060,4,17,0.16666666666666666,5.5,0.04893021823283445,0,0.002394166256312805
823769,669060,4,17,0.16666666666666666,6.5,0.017363821454598246,0,0.00030150229550716636
823769,669060,4,17,0.16666666666666666,7.5,0.00524643936095958,0,2.7525125968225968e-05
823769,669060,4,17,0.16666666666666666,8.5,0.0013448240300884102,0,1.8085516719032332e-06
824659,669060,4,21,0.17857142857142858,3.5,0.24225987187031237,1,0.5741701017779954
824659,669060,4,21,0.17857142857142858,4.5,0.10825999957717673,0,0.011720227508450306
824659,669060,4,21,0.17857142857142858,5.5,0.04088069431905321,0,0.0016712311680078694
824659,669060,4,21,0.17857142857142858,6.5,0.012978539484470388,0,0.0001684424871499569
824659,669060,4,21,0.17857142857142858,7.5,0.003435176657012376,0,1.1800438664882725e-05
824659,669060,4,21,0.17857142857142858,8.5,0.000751830108091361,0,5.652485114326676e-07
823358,669060,4,10,0.14925373134328357,3.5,0.24284249678137193,1,0.5732874846802668
823358,669060,4,10,0.14925373134328357,4.5,0.10646383498623384,0,0.011334548159976029
823358,669060,4,10,0.14925373134328357,5.5,0.038974203686008534,0,0.001518988552958481
823358,669060,4,10,0.14925373134328357,6.5,0.01197683444669559,0,0.00014344456336355408
823358,669060,4,10,0.14925373134328357,7.5,0.00310394822640762,0,9.63449459221901e-06
823358,669060,4,10,0.14925373134328357,8.5,0.000681139738771355,0,4.6395134373350964e-07
823760,669060,2,18,0.2033898305084746,3.5,0.3512542299376602,0,0.12337953404909867
823760,669060,2,18,0.2033898305084746,4.5,0.19294354401323,0,0.03722721117638522
823760,669060,2,18,0.2033898305084746,5.5,0.09390778333473444,0,0.008818671770843427
823760,669060,2,18,0.2033898305084746,6.5,0.040128544613348305,0,0.0016103000927854853
823760,669060,2,18,0.2033898305084746,7.5,0.01488208381579252,0,0.00022147641870027364
823760,669060,2,18,0.2033898305084746,8.5,0.004750739213608231,0,2.2569523075714955e-05
823192,669060,0,11,0.21212121212121213,3.5,0.4686701105871248,0,0.2196516725577478
823192,669060,0,11,0.21212121212121213,4.5,0.2813139687540196,0,0.07913754901613751
823192,669060,0,11,0.21212121212121213,5.5,0.14545222036404026,0,0.02115634840882933
823192,669060,0,11,0.21212121212121213,6.5,0.06436976402484208,0,0.004143466520613854
823192,669060,0,11,0.21212121212121213,7.5,0.024311166765493247,0,0.0005910328294996234
823192,669060,0,11,0.21212121212121213,8.5,0.007835256820872185,0,6.13912494490241e-05
823052,669160,9,24,0.25555555555555554,3.5,0.7206305435164926,1,0.07804729321589035
823052,669160,9,24,0.25555555555555554,4.5,0.5693637092188171,1,0.18544761493777553
823052,669160,9,24,0.25555555555555554,5.5,0.4158222455389915,1,0.34126364880710636
823052,669160,9,24,0.25555555555555554,6.5,0.2784895714844834,1,0.5205772984566444
823052,669160,9,24,0.25555555555555554,7.5,0.1700781397174422,1,0.6887702941748614
823052,669160,9,24,0.25555555555555554,8.5,0.09433821799840114,1,0.8202232633783115
823620,669160,6,22,0.2692307692307692,3.5,0.755526527027252,1,0.05976727898735695
823620,669160,6,22,0.2692307692307692,4.5,0.6165766609872418,1,0.14701345689969247
823620,669160,6,22,0.2692307692307692,5.5,0.4696243990058531,1,0.28129827812990255
823620,669160,6,22,0.2692307692307692,6.5,0.3306147159045527,0,0.1093060903726481
823620,669160,6,22,0.2692307692307692,7.5,0.2133539414165207,0,0.04551990431796415
823620,669160,6,22,0.2692307692307692,8.5,0.12537459033045986,0,0.01571878790053064
823046,669160,9,28,0.26136363636363635,3.5,0.7284051660755131,1,0.07376375381446963
823046,669160,9,28,0.26136363636363635,4.5,0.5753927940614888,1,0.18029127933490927
823046,669160,9,28,0.26136363636363635,5.5,0.4176041736978895,1,0.3391848984941181
823046,669160,9,28,0.26136363636363635,6.5,0.2755758802188283,1,0.5247903053207255
823046,669160,9,28,0.26136363636363635,7.5,0.16417167107049407,1,0.6986089954410902
823046,669160,9,28,0.26136363636363635,8.5,0.08792873274512572,1,0.8318739965519124
824095,669160,2,13,0.2774869109947644,3.5,0.8153343691502676,0,0.6647701335176648
824095,669160,2,13,0.2774869109947644,4.5,0.6932803909855283,0,0.480637700525047
824095,669160,2,13,0.2774869109947644,5.5,0.547872767740494,0,0.30016456963162924
824095,669160,2,13,0.2774869109947644,6.5,0.3968764245435066,0,0.15751089635843768
824095,669160,2,13,0.2774869109947644,7.5,0.2614742543743625,0,0.06836878570062883
824095,669160,2,13,0.2774869109947644,8.5,0.1560949630915478,0,0.02436563750255167
824906,669160,1,9,0.27692307692307694,3.5,0.8461115984720529,0,0.7159048370689324
824906,669160,1,9,0.27692307692307694,4.5,0.7146015738025941,0,0.5106554092811444
824906,669160,1,9,0.27692307692307694,5.5,0.5576614695451121,0,0.310986314615214
824906,669160,1,9,0.27692307692307694,6.5,0.39928703672714727,0,0.15943013769834624
824906,669160,1,9,0.27692307692307694,7.5,0.2609576344971759,0,0.06809888700236165
824906,669160,1,9,0.27692307692307694,8.5,0.15502587694715525,0,0.024033022523234523
823036,669160,7,18,0.25806451612903225,3.5,0.7465040268448287,1,0.06426020840588731
823036,669160,7,18,0.25806451612903225,4.5,0.6065613374389799,1,0.15479398119780424
823036,669160,7,18,0.25806451612903225,5.5,0.4574826167600204,1,0.294325111117555
823036,669160,7,18,0.25806451612903225,6.5,0.3159975030647845,1,0.4678594158136094
823036,669160,7,18,0.25806451612903225,7.5,0.1978829951072606,0,0.03915767975262012
823036,669160,7,18,0.25806451612903225,8.5,0.11163762571101278,0,0.012462959474392183
823029,669160,4,20,0.27717391304347827,3.5,0.7769126317840287,1,0.04976797385752836
823029,669160,4,20,0.27717391304347827,4.5,0.6469766068162977,0,0.4185787297675302
823029,669160,4,20,0.27717391304347827,5.5,0.5055852099397014,0,0.2556164045097719
823029,669160,4,20,0.27717391304347827,6.5,0.36638453187879594,0,0.13423762520004442
823029,669160,4,20,0.27717391304347827,7.5,0.24360096220098496,0,0.0593414287852457
823029,669160,4,20,0.27717391304347827,8.5,0.14737911485036814,0,0.021720603494078002
825059,669160,6,25,0.2737430167597765,3.5,0.7590902663898962,1,0.058037499748091186
825059,669160,6,25,0.2737430167597765,4.5,0.6182760190437336,1,0.1457131976371
825059,669160,6,25,0.2737430167597765,5.5,0.46860778294986793,1,0.28237768834145466
825059,669160,6,25,0.2737430167597765,6.5,0.32758378482218115,0,0.10731113607842507
825059,669160,6,25,0.2737430167597765,7.5,0.20989655806497606,0,0.04405656508752387
825059,669160,6,25,0.2737430167597765,8.5,0.12278958180368449,0,0.015077281399523725
823031,669160,8,27,0.2655367231638418,3.5,0.7389915178349805,1,0.0681254277620873
823031,669160,8,27,0.2655367231638418,4.5,0.5899758755026867,1,0.16811978266978828
823031,669160,8,27,0.2655367231638418,5.5,0.4346933788085213,1,0.31957157596292596
823031,669160,8,27,0.2655367231638418,6.5,0.29276748581260104,1,0.5001778291238295
823031,669160,8,27,0.2655367231638418,7.5,0.17912147138933934,1,0.6738415587340033
823031,669160,8,27,0.2655367231638418,8.5,0.09923801988731071,0,0.009848184591154276
823022,669160,3,18,0.27956989247311825,3.5,0.7888702876206397,0,0.6223163306906708
823022,669160,3,18,0.27956989247311825,4.5,0.6643050162652688,0,0.4413011546351991
823022,669160,3,18,0.27956989247311825,5.5,0.5254282386818546,0,0.276074834004316
823022,669160,3,18,0.27956989247311825,6.5,0.3848544065516823,0,0.14811291424224757
823022,669160,3,18,0.27956989247311825,7.5,0.25794104924040046,0,0.0665335848832387
823022,669160,3,18,0.27956989247311825,8.5,0.15690185029484438,0,0.02461819062594576
825076,669194,3,26,0.13725490196078433,3.5,0.46704171194451494,0,0.21812796069606327
825076,669194,3,26,0.13725490196078433,4.5,0.2708584796055127,0,0.07336431597420993
825076,669194,3,26,0.13725490196078433,5.5,0.1350783244897097,0,0.018246153746947304
825076,669194,3,26,0.13725490196078433,6.5,0.05834932724771358,0,0.0034046439902607703
825076,669194,3,26,0.13725490196078433,7.5,0.021979657149164486,0,0.0004831053283948175
825076,669194,3,26,0.13725490196078433,8.5,0.007257503098413132,0,5.267135122347621e-05
823856,669194,2,22,0.14545454545454545,3.5,0.5805845156457726,0,0.3370783798076364
823856,669194,2,22,0.14545454545454545,4.5,0.370762405565493,0,0.13746476138071112
823856,669194,2,22,0.14545454545454545,5.5,0.2029510213752486,0,0.04118911707725661
823856,669194,2,22,0.14545454545454545,6.5,0.09541231260889124,0,0.009103509397376787
823856,669194,2,22,0.14545454545454545,7.5,0.03869845395120115,0,0.0014975703382132362
823856,669194,2,22,0.14545454545454545,8.5,0.013610848009807733,0,0.00018525518354608713
825071,669194,5,29,0.10416666666666667,3.5,0.23722742937830657,1,0.5818219944928263
825071,669194,5,29,0.10416666666666667,4.5,0.09951496275020262,1,0.8108733023107689
825071,669194,5,29,0.10416666666666667,5.5,0.03458813141730686,0,0.0011963388349408896
825071,669194,5,29,0.10416666666666667,6.5,0.010093738339725706,0,0.00010188355367084864
825071,669194,5,29,0.10416666666666667,7.5,0.002500890056910619,0,6.254451076754399e-06
825071,669194,5,29,0.10416666666666667,8.5,0.0005307311034547387,0,2.8167550417428456e-07
822728,669199,3,9,0.2545454545454545,3.5,0.18440819580644943,0,0.034006382680589795
822728,669199,3,9,0.2545454545454545,4.5,0.05771893677544787,0,0.0033314756624881485
822728,669199,3,9,0.2545454545454545,5.5,0.012737199860675494,0,0.0001622362602907918
822728,669199,3,9,0.2545454545454545,6.5,0.0019094583109694043,0,3.64603104133013e-06
822728,669199,3,9,0.2545454545454545,7.5,0.0001814969717496313,0,3.294115075428646e-08
822728,669199,3,9,0.2545454545454545,8.5,9.502794803494226e-06,0,9.030310907731686e-11
823859,669199,3,9,0.2545454545454545,3.5,0.18440819580644943,0,0.034006382680589795
823859,669199,3,9,0.2545454545454545,4.5,0.05771893677544787,0,0.0033314756624881485
823859,669199,3,9,0.2545454545454545,5.5,0.012737199860675494,0,0.0001622362602907918
823859,669199,3,9,0.2545454545454545,6.5,0.0019094583109694043,0,3.64603104133013e-06
823859,669199,3,9,0.2545454545454545,7.5,0.0001814969717496313,0,3.294115075428646e-08
823859,669199,3,9,0.2545454545454545,8.5,9.502794803494226e-06,0,9.030310907731686e-11
823856,669199,3,9,0.2545454545454545,3.5,0.18440819580644943,0,0.034006382680589795
823856,669199,3,9,0.2545454545454545,4.5,0.05771893677544787,0,0.0033314756624881485
823856,669199,3,9,0.2545454545454545,5.5,0.012737199860675494,0,0.0001622362602907918
823856,669199,3,9,0.2545454545454545,6.5,0.0019094583109694043,0,3.64603104133013e-06
823856,669199,3,9,0.2545454545454545,7.5,0.0001814969717496313,0,3.294115075428646e-08
823856,669199,3,9,0.2545454545454545,8.5,9.502794803494226e-06,0,9.030310907731686e-11
823369,669199,4,9,0.23636363636363636,3.5,0.14985548493857243,1,0.7227456964890298
823369,669199,4,9,0.23636363636363636,4.5,0.04308988222545743,0,0.0018567379502037924
823369,669199,4,9,0.23636363636363636,5.5,0.008702368915443091,0,7.573122474047017e-05
823369,669199,4,9,0.23636363636363636,6.5,0.0011914560732681427,0,1.4195675745275417e-06
823369,669199,4,9,0.23636363636363636,7.5,0.00010334182021943551,0,1.0679531806266131e-08
823369,669199,4,9,0.23636363636363636,8.5,4.940208551734675e-06,0,2.4405660534632413e-11
823853,669199,1,9,0.2909090909090909,3.5,0.2625750102372596,0,0.06894563600109699
823853,669199,1,9,0.2909090909090909,4.5,0.09589854464182498,0,0.0091965308644201
823853,669199,1,9,0.2909090909090909,5.5,0.02490392339876207,0,0.0006202054006514089
823853,669199,1,9,0.2909090909090909,6.5,0.00441396225454497,0,1.9483062784547712e-05
823853,669199,1,9,0.2909090909090909,7.5,0.0004970082545589326,0,2.470172050997167e-07
823853,669199,1,9,0.2909090909090909,8.5,3.079277371222481e-05,0,9.48194912892283e-10
823038,669199,1,9,0.2909090909090909,3.5,0.2625750102372596,0,0.06894563600109699
823038,669199,1,9,0.2909090909090909,4.5,0.09589854464182498,0,0.0091965308644201
823038,669199,1,9,0.2909090909090909,5.5,0.02490392339876207,0,0.0006202054006514089
823038,669199,1,9,0.2909090909090909,6.5,0.00441396225454497,0,1.9483062784547712e-05
823038,669199,1,9,0.2909090909090909,7.5,0.0004970082545589326,0,2.470172050997167e-07
823038,669199,1,9,0.2909090909090909,8.5,3.079277371222481e-05,0,9.48194912892283e-10
823594,669199,2,10,0.2777777777777778,3.5,0.22127397546427574,0,0.0489621722177649
823594,669199,2,10,0.2777777777777778,4.5,0.07386810556146142,0,0.005456497019239208
823594,669199,2,10,0.2777777777777778,5.5,0.01717354021422509,0,0.00029493048348960637
823594,669199,2,10,0.2777777777777778,6.5,0.002636472176472188,0,6.950985537311996e-06
823594,669199,2,10,0.2777777777777778,7.5,0.00024025217024918383,0,5.772110530944281e-08
823594,669199,2,10,0.2777777777777778,8.5,9.846400420048517e-06,0,9.695160123193161e-11
823129,669302,8,22,0.2767857142857143,3.5,0.9362089997017137,1,0.004069291719055966
823129,669302,8,22,0.2767857142857143,4.5,0.8484411166471622,1,0.02297009512315911
823129,669302,8,22,0.2767857142857143,5.5,0.7136201348349936,1,0.08201342717192722
823129,669302,8,22,0.2767857142857143,6.5,0.5478634965678301,1,0.20442741773586862
823129,669302,8,22,0.2767857142857143,7.5,0.380041478426556,1,0.3843485684715304
823129,669302,8,22,0.2767857142857143,8.5,0.23709810422055402,0,0.0562155110249807
824830,669302,5,23,0.2914798206278027,3.5,0.9509015496510398,1,0.0024106578266693108
824830,669302,5,23,0.2914798206278027,4.5,0.8776528108583683,1,0.014968834690858196
824830,669302,5,23,0.2914798206278027,5.5,0.7583153835759218,0,0.5750422209678974
824830,669302,5,23,0.2914798206278027,6.5,0.6027090220581727,0,0.3632581652703189
824830,669302,5,23,0.2914798206278027,7.5,0.43560422172772734,0,0.18975103798701903
824830,669302,5,23,0.2914798206278027,8.5,0.28459063723139433,0,0.08099183079977108
823128,669302,10,25,0.27149321266968324,3.5,0.9234531865005556,1,0.0058594146569187185
823128,669302,10,25,0.27149321266968324,4.5,0.8245074162749574,1,0.030797646942491094
823128,669302,10,25,0.27149321266968324,5.5,0.6792504883271315,1,0.10288024923838358
823128,669302,10,25,0.27149321266968324,6.5,0.5085396661607653,1,0.24153325973737202
823128,669302,10,25,0.27149321266968324,7.5,0.343180715735589,1,0.4314115721816131
823128,669302,10,25,0.27149321266968324,8.5,0.20819504376413303,1,0.6269550887196832
823123,669302,8,22,0.2767857142857143,3.5,0.9362089997017137,1,0.004069291719055966
823123,669302,8,22,0.2767857142857143,4.5,0.8484411166471622,1,0.02297009512315911
823123,669302,8,22,0.2767857142857143,5.5,0.7136201348349936,1,0.08201342717192722
823123,669302,8,22,0.2767857142857143,6.5,0.5478634965678301,1,0.20442741773586862
823123,669302,8,22,0.2767857142857143,7.5,0.380041478426556,1,0.3843485684715304
823123,669302,8,22,0.2767857142857143,8.5,0.23709810422055402,0,0.0562155110249807
824421,669302,7,28,0.2889908256880734,3.5,0.9432283289998526,1,0.0032230226281489715
824421,669302,7,28,0.2889908256880734,4.5,0.8612569443093031,1,0.01924963550239182
824421,669302,7,28,0.2889908256880734,5.5,0.7314137124193023,1,0.07213859387638125
824421,669302,7,28,0.2889908256880734,6.5,0.5674471526901866,1,0.1871019657158267
824421,669302,7,28,0.2889908256880734,7.5,0.3976748366700963,0,0.15814527572058776
824421,669302,7,28,0.2889908256880734,8.5,0.2504610558477164,0,0.06273074049635291
823118,669302,7,23,0.2825112107623318,3.5,0.9411424288987329,1,0.0034642136759407125
823118,669302,7,23,0.2825112107623318,4.5,0.8581899687194977,1,0.020110084971777038
823118,669302,7,23,0.2825112107623318,5.5,0.7284809074442453,1,0.07372261762230048
823118,669302,7,23,0.2825112107623318,6.5,0.566074412886687,1,0.18829141515163336
823118,669302,7,23,0.2825112107623318,7.5,0.3985046116512369,0,0.15880592550730313
823118,669302,7,23,0.2825112107623318,8.5,0.2529167391362692,0,0.06396687693532366
822953,669302,5,30,0.30092592592592593,3.5,0.9547745893156453,1,0.0020453377715685447
822953,669302,5,30,0.30092592592592593,4.5,0.8842520149160615,1,0.013397596050991641
822953,669302,5,30,0.30092592592592593,5.5,0.7661663510965807,0,0.587010877552649
822953,669302,5,30,0.30092592592592593,6.5,0.6087993010869911,0,0.37063658900400887
822953,669302,5,30,0.30092592592592593,7.5,0.43731280151226926,0,0.1912424863665094
822953,669302,5,30,0.30092592592592593,8.5,0.2814746768999478,0,0.07922799373593002
823113,669302,10,23,0.26905829596412556,3.5,0.9234208784729105,1,0.005864361853860736
823113,669302,10,23,0.26905829596412556,4.5,0.8246564180988852,1,0.03074537171391294
823113,669302,10,23,0.26905829596412556,5.5,0.6796684070547518,1,0.10261232943884016
823113,669302,10,23,0.26905829596412556,6.5,0.5091060180264287,1,0.2409769015378689
823113,669302,10,23,0.26905829596412556,7.5,0.3436194984186852,1,0.4308353628561384
823113,669302,10,23,0.26905829596412556,8.5,0.20829528256179627,1,0.626796359613906
822870,669302,4,24,0.2972972972972973,3.5,0.955132104100013,1,0.002013128082492067
822870,669302,4,24,0.2972972972972973,4.5,0.8863113330075272,0,0.7855477790175798
822870,669302,4,24,0.2972972972972973,5.5,0.7719747685217956,0,0.5959450432342799
822870,669302,4,24,0.2972972972972973,6.5,0.6200401154255712,0,0.3844497447369557
822870,669302,4,24,0.2972972972972973,7.5,0.45383541149682927,0,0.20596658072849636
822870,669302,4,24,0.2972972972972973,8.5,0.30086142218045137,0,0.0905175953564438
823109,669302,6,26,0.2909090909090909,3.5,0.9467392328756871,1,0.0028367093146702935
823109,669302,6,26,0.2909090909090909,4.5,0.8688088031131307,1,0.017211130140609307
823109,669302,6,26,0.2909090909090909,5.5,0.7439630081139024,1,0.06555494121408162
823109,669302,6,26,0.2909090909090909,6.5,0.5842164829715144,0,0.3413088989756058
823109,669302,6,26,0.2909090909090909,7.5,0.41618889295415173,0,0.17321319461840237
823109,669302,6,26,0.2909090909090909,8.5,0.2676745824513085,0,0.07164968209048235
824754,669358,6,26,0.19433198380566802,3.5,0.7271255232048819,1,0.07446048008620945
824754,669358,6,26,0.19433198380566802,4.5,0.535775315937608,1,0.2155045572928277
824754,669358,6,26,0.19433198380566802,5.5,0.3465129307083074,1,0.42704534973144537
824754,669358,6,26,0.19433198380566802,6.5,0.1957283652752886,0,0.0383095929733368
824754,669358,6,26,0.19433198380566802,7.5,0.09647592971610416,0,0.00930760501458667
824754,669358,6,26,0.19433198380566802,8.5,0.04154038288747755,0,0.0017256034104382377
822807,669358,3,26,0.20647773279352227,3.5,0.7720633423198657,0,0.5960818045541222
822807,669358,3,26,0.20647773279352227,4.5,0.5933267531382804,0,0.352036635989614
822807,669358,3,26,0.20647773279352227,5.5,0.4035438072731576,0,0.16284760438851537
822807,669358,3,26,0.20647773279352227,6.5,0.24115460957516696,0,0.05815554571935121
822807,669358,3,26,0.20647773279352227,7.5,0.12629949958445633,0,0.015951563595284084
822807,669358,3,26,0.20647773279352227,8.5,0.05796167322063459,0,0.0033595555625356294
824826,669358,1,24,0.21285140562248997,3.5,0.7985182005322005,0,0.6376313165811835
824826,669358,1,24,0.21285140562248997,4.5,0.629589120363328,0,0.39638246047986914
824826,669358,1,24,0.21285140562248997,5.5,0.4419228149095449,0,0.19529577433757586
824826,669358,1,24,0.21285140562248997,6.5,0.27372557862055863,0,0.07492569239115962
824826,669358,1,24,0.21285140562248997,7.5,0.14902394070987912,0,0.022208134904701568
824826,669358,1,24,0.21285140562248997,8.5,0.07122218741040955,0,0.0050725999795235
823125,669358,9,28,0.1836734693877551,3.5,0.6775800877524039,1,0.10395459981374759
823125,669358,9,28,0.1836734693877551,4.5,0.47583589007142557,1,0.27474801413721467
823125,669358,9,28,0.1836734693877551,5.5,0.2904405733902498,1,0.5034745798907575
823125,669358,9,28,0.1836734693877551,6.5,0.15359713937291353,1,0.7163978024777151
823125,669358,9,28,0.1836734693877551,7.5,0.07040362199882957,1,0.864149425992895
823125,669358,9,28,0.1836734693877551,8.5,0.028018920822777307,1,0.9447472182785184
824017,669358,5,24,0.19678714859437751,3.5,0.7425016885702856,1,0.06630538038915416
824017,669358,5,24,0.19678714859437751,4.5,0.55533333891483,1,0.1977284394806334
824017,669358,5,24,0.19678714859437751,5.5,0.36566245376682127,0,0.1337090300947727
824017,669358,5,24,0.19678714859437751,6.5,0.21071793636066904,0,0.044402048704098966
824017,669358,5,24,0.19678714859437751,7.5,0.10609447005942876,0,0.011256036577191026
824017,669358,5,24,0.19678714859437751,8.5,0.046688846953498016,0,0.0021798484298471608
824822,669358,6,27,0.1951219512195122,3.5,0.727666079997332,1,0.07416576398401957
824822,669358,6,27,0.1951219512195122,4.5,0.5360495382240715,1,0.21525003098209727
824822,669358,6,27,0.1951219512195122,5.5,0.3463892864344289,1,0.42720696488769505
824822,669358,6,27,0.1951219512195122,6.5,0.19533381268447744,0,0.03815529837785452
824822,669358,6,27,0.1951219512195122,7.5,0.0960367621180644,0,0.00922305967812169
824822,669358,6,27,0.1951219512195122,8.5,0.041207963281862804,0,0.001698096237839353
824820,669358,3,26,0.20647773279352227,3.5,0.7720633423198657,0,0.5960818045541222
824820,669358,3,26,0.20647773279352227,4.5,0.5933267531382804,0,0.352036635989614
824820,669358,3,26,0.20647773279352227,5.5,0.4035438072731576,0,0.16284760438851537
824820,669358,3,26,0.20647773279352227,6.5,0.24115460957516696,0,0.05815554571935121
824820,669358,3,26,0.20647773279352227,7.5,0.12629949958445633,0,0.015951563595284084
824820,669358,3,26,0.20647773279352227,8.5,0.05796167322063459,0,0.0033595555625356294
824814,669358,9,22,0.17928286852589642,3.5,0.6770362261344871,1,0.10430559922945415
824814,669358,9,22,0.17928286852589642,4.5,0.4758040341257631,1,0.2747814106388241
824814,669358,9,22,0.17928286852589642,5.5,0.29084468185971635,1,0.5029012652466469
824814,669358,9,22,0.17928286852589642,6.5,0.15414536585113675,1,0.7154700621111074
824814,669358,9,22,0.17928286852589642,7.5,0.07086257503953387,1,0.8632963544621658
824814,669358,9,22,0.17928286852589642,8.5,0.028310853987425656,1,0.9441797964786461
824736,669358,6,25,0.1935483870967742,3.5,0.7268690260031456,1,0.07460052895647035
824736,669358,6,25,0.1935483870967742,4.5,0.5357048935666794,1,0.21556994585792852
824736,669358,6,25,0.1935483870967742,5.5,0.34664917878727214,1,0.42686729557934594
824736,669358,6,25,0.1935483870967742,6.5,0.1959608535025681,0,0.03840065610545495
824736,669358,6,25,0.1935483870967742,7.5,0.09668427992756795,0,0.009347849985112318
824736,669358,6,25,0.1935483870967742,8.5,0.041672436012916265,0,0.0017365919232506005
824810,669358,2,19,0.2047244094488189,3.5,0.7903335437948226,0,0.6246271104472827
824810,669358,2,19,0.2047244094488189,4.5,0.614540546166669,0,0.3776600828828278
824810,669358,2,19,0.2047244094488189,5.5,0.42224334348403914,0,0.17828944111658027
824810,669358,2,19,0.2047244094488189,6.5,0.2541432817924832,0,0.06458880768025352
824810,669358,2,19,0.2047244094488189,7.5,0.1335778949143892,0,0.017843054009759607
824810,669358,2,19,0.2047244094488189,8.5,0.06129917500755504,0,0.00375758885660686
824808,669358,4,26,0.20242914979757085,3.5,0.7577262772486495,1,0.05869655673579825
824808,669358,4,26,0.20242914979757085,4.5,0.5745182271622421,0,0.33007119334164564
824808,669358,4,26,0.20242914979757085,5.5,0.3844557048220877,0,0.14780618897024822
824808,669358,4,26,0.20242914979757085,6.5,0.22558723980812828,0,0.050889602764249975
824808,669358,4,26,0.20242914979757085,7.5,0.11583740956261553,0,0.01341830545417713
824808,669358,4,26,0.20242914979757085,8.5,0.052066432447936475,0,0.002710913387855532
824672,669372,8,21,0.20512820512820512,3.5,0.7550663499097295,1,0.05999249294654305
824672,669372,8,21,0.20512820512820512,4.5,0.5733799533814716,1,0.1820046641767953
824672,669372,8,21,0.20512820512820512,5.5,0.385328926719302,1,0.37782052832804514
824672,669372,8,21,0.20512820512820512,6.5,0.22766714081962647,1,0.5964980453697307
824672,669372,8,21,0.20512820512820512,7.5,0.11797836800981944,1,0.7779621592986216
824672,669372,8,21,0.20512820512820512,8.5,0.053606570594308255,0,0.0028736644108825543
824999,669372,5,28,0.22872340425531915,3.5,0.8072934609375396,1,0.03713581019743157
824999,669372,5,28,0.22872340425531915,4.5,0.6421836387084274,1,0.1280325484079412
824999,669372,5,28,0.22872340425531915,5.5,0.4560340480035864,0,0.20796705293853732
824999,669372,5,28,0.22872340425531915,6.5,0.2864766128255656,0,0.082068849696009
824999,669372,5,28,0.22872340425531915,7.5,0.15850382723217332,0,0.02512346324724665
824999,669372,5,28,0.22872340425531915,8.5,0.07709648284944096,0,0.005943867667754144
824993,669372,3,26,0.23684210526315788,3.5,0.8334478694796611,0,0.6946353511401862
824993,669372,3,26,0.23684210526315788,4.5,0.6812491171558956,0,0.46410035962568724
824993,669372,3,26,0.23684210526315788,5.5,0.5015515051708203,0,0.25155391233911534
824993,669372,3,26,0.23684210526315788,6.5,0.3294490887764597,0,0.1085367020956396
824993,669372,3,26,0.23684210526315788,7.5,0.19219643183049567,0,0.03693946840837437
824993,669372,3,26,0.23684210526315788,8.5,0.09940346974867197,0,0.009881049798075142
824988,669372,5,26,0.22631578947368422,3.5,0.8046061608490802,1,0.03817875237813551
824988,669372,5,26,0.22631578947368422,4.5,0.6397957215209452,1,0.12974712223461646
824988,669372,5,26,0.22631578947368422,5.5,0.4551518361382978,0,0.20716319394006388
824988,669372,5,26,0.22631578947368422,6.5,0.2874027968074865,0,0.08260036761276536
824988,669372,5,26,0.22631578947368422,7.5,0.1605564511257599,0,0.025778373998098524
824988,669372,5,26,0.22631578947368422,8.5,0.07928669394236301,0,0.006286379836309944
824014,669372,5,26,0.22631578947368422,3.5,0.8046061608490802,1,0.03817875237813551
824014,669372,5,26,0.22631578947368422,4.5,0.6397957215209452,1,0.12974712223461646
824014,669372,5,26,0.22631578947368422,5.5,0.4551518361382978,0,0.20716319394006388
824014,669372,5,26,0.22631578947368422,6.5,0.2874027968074865,0,0.08260036761276536
824014,669372,5,26,0.22631578947368422,7.5,0.1605564511257599,0,0.025778373998098524
824014,669372,5,26,0.22631578947368422,8.5,0.07928669394236301,0,0.006286379836309944
824985,669372,4,25,0.23036649214659685,3.5,0.8186828635039687,1,0.03287590398712045
824985,669372,4,25,0.23036649214659685,4.5,0.6603011945463014,0,0.4359976675192726
824985,669372,4,25,0.23036649214659685,5.5,0.47839145246606035,0,0.22885838179258688
824985,669372,4,25,0.23036649214659685,6.5,0.30868013626208596,0,0.09528342652277995
824985,669372,4,25,0.23036649214659685,7.5,0.17668280164062972,0,0.031216812395582105
824985,669372,4,25,0.23036649214659685,8.5,0.08957286470157036,0,0.008023298090845829
824254,669372,4,18,0.2222222222222222,3.5,0.8261161179734575,1,0.030235604428620545
824254,669372,4,18,0.2222222222222222,4.5,0.6661573321316044,0,0.44376559115269676
824254,669372,4,18,0.2222222222222222,5.5,0.47955837763826203,0,0.22997623756304195
824254,669372,4,18,0.2222222222222222,6.5,0.30507804834120156,0,0.09307261557967651
824254,669372,4,18,0.2222222222222222,7.5,0.17076034642284518,0,0.029159095910450097
824254,669372,4,18,0.2222222222222222,8.5,0.08400607736600098,0,0.007057021034422542
824574,669372,7,23,0.21243523316062177,3.5,0.7711616076739302,1,0.05236700980238026
824574,669372,7,23,0.21243523316062177,4.5,0.5952739066968129,1,0.1638032106004601
824574,669372,7,23,0.21243523316062177,5.5,0.4087217555434349,1,0.34960996236763764
824574,669372,7,23,0.21243523316062177,6.5,0.2479504056306404,1,0.5655785923911183
824574,669372,7,23,0.21243523316062177,7.5,0.1325408900501785,0,0.017567087535293506
824574,669372,7,23,0.21243523316062177,8.5,0.06238106398102456,0,0.0038913971434046796
824979,669372,7,23,0.21243523316062177,3.5,0.7711616076739302,1,0.05236700980238026
824979,669372,7,23,0.21243523316062177,4.5,0.5952739066968129,1,0.1638032106004601
824979,669372,7,23,0.21243523316062177,5.5,0.4087217555434349,1,0.34960996236763764
824979,669372,7,23,0.21243523316062177,6.5,0.2479504056306404,1,0.5655785923911183
824979,669372,7,23,0.21243523316062177,7.5,0.1325408900501785,0,0.017567087535293506
824979,669372,7,23,0.21243523316062177,8.5,0.06238106398102456,0,0.0038913971434046796
824426,669373,4,21,0.35638297872340424,3.5,0.9825987657939477,1,0.0003028029518938857
824426,669373,4,21,0.35638297872340424,4.5,0.9482558565515502,0,0.8991891694843142
824426,669373,4,21,0.35638297872340424,5.5,0.8793780806642773,0,0.7733058087527881
824426,669373,4,21,0.35638297872340424,6.5,0.7691599885975793,0,0.5916070880594283
824426,669373,4,21,0.35638297872340424,7.5,0.6243863441135006,0,0.38985830671542276
824426,669373,4,21,0.35638297872340424,8.5,0.4649493760745196,0,0.21617792231208505
824264,669373,8,26,0.3442622950819672,3.5,0.9737139281234873,1,0.0006909575746971899
824264,669373,8,26,0.3442622950819672,4.5,0.9261447825774354,1,0.005454593140534293
824264,669373,8,26,0.3442622950819672,5.5,0.8372751891342168,1,0.0264793640713049
824264,669373,8,26,0.3442622950819672,6.5,0.705316813094393,1,0.08683818064484491
824264,669373,8,26,0.3442622950819672,7.5,0.5451523934923322,1,0.20688634514575416
824264,669373,8,26,0.3442622950819672,8.5,0.38285022296871773,0,0.1465742932271969
824259,669373,9,22,0.3315508021390374,3.5,0.96890414551137,1,0.0009669521663780473
824259,669373,9,22,0.3315508021390374,4.5,0.9159263061413945,1,0.007068385999030524
824259,669373,9,22,0.3315508021390374,5.5,0.8208891105076908,1,0.032080710734726216
824259,669373,9,22,0.3315508021390374,6.5,0.684672335928007,1,0.09943153572909964
824259,669373,9,22,0.3315508021390374,7.5,0.5240980864554668,1,0.2264826313153483
824259,669373,9,22,0.3315508021390374,8.5,0.36499428224748987,1,0.40323226157838055
823528,669373,9,20,0.328042328042328,3.5,0.9700072997883668,1,0.0008995620659849052
823528,669373,9,20,0.328042328042328,4.5,0.9180484633368019,1,0.006716054361459502
823528,669373,9,20,0.328042328042328,5.5,0.8237772556850849,1,0.031054455613879955
823528,669373,9,20,0.328042328042328,6.5,0.6873658857015543,1,0.0977400894231736
823528,669373,9,20,0.328042328042328,7.5,0.5254445820268507,1,0.2252028447276704
823528,669373,9,20,0.328042328042328,8.5,0.36444568112811726,1,0.4039292922367028
824254,669373,9,22,0.3315508021390374,3.5,0.96890414551137,1,0.0009669521663780473
824254,669373,9,22,0.3315508021390374,4.5,0.9159263061413945,1,0.007068385999030524
824254,669373,9,22,0.3315508021390374,5.5,0.8208891105076908,1,0.032080710734726216
824254,669373,9,22,0.3315508021390374,6.5,0.684672335928007,1,0.09943153572909964
824254,669373,9,22,0.3315508021390374,7.5,0.5240980864554668,1,0.2264826313153483
824254,669373,9,22,0.3315508021390374,8.5,0.36499428224748987,1,0.40323226157838055
824250,669373,5,21,0.35106382978723405,3.5,0.9804376478193809,1,0.00038268562283857207
824250,669373,5,21,0.35106382978723405,4.5,0.9428963602365077,1,0.0032608256742386998
824250,669373,5,21,0.35106382978723405,5.5,0.8691955667106277,0,0.7555009331894093
824250,669373,5,21,0.35106382978723405,6.5,0.7537180220123405,0,0.568090856706195
824250,669373,5,21,0.35106382978723405,7.5,0.6051488402118302,0,0.36620511880972323
824250,669373,5,21,0.35106382978723405,8.5,0.44483478376496893,0,0.19787798484722666
824008,669373,9,24,0.33513513513513515,3.5,0.9692863801304658,1,0.0009433264454902489
824008,669373,9,24,0.33513513513513515,4.5,0.9164407623626926,1,0.006982146194528016
824008,669373,9,24,0.33513513513513515,5.5,0.8212085890045593,1,0.0319663686457406
824008,669373,9,24,0.33513513513513515,6.5,0.6844319639209849,1,0.09958318539476656
824008,669373,9,24,0.33513513513513515,7.5,0.5232610964906622,1,0.22727998211928568
824008,669373,9,24,0.33513513513513515,8.5,0.36395535057067524,1,0.4045527960676727
824248,669373,12,28,0.3259668508287293,3.5,0.9609923831692335,1,0.0015215941708158962
824248,669373,12,28,0.3259668508287293,4.5,0.8971710985969363,1,0.010573782963760988
824248,669373,12,28,0.3259668508287293,5.5,0.7866747295783055,1,0.045507671000489074
824248,669373,12,28,0.3259668508287293,6.5,0.6346758840105262,1,0.1334617097234905
824248,669373,12,28,0.3259668508287293,7.5,0.4639611864480917,1,0.2873376096341375
824248,669373,12,28,0.3259668508287293,8.5,0.30428666458412584,1,0.4840170450754807
824242,669373,6,25,0.3532608695652174,3.5,0.9786006220425318,1,0.00045793337696657405
824242,669373,6,25,0.3532608695652174,4.5,0.9379580871775223,1,0.0038491989466719265
824242,669373,6,25,0.3532608695652174,5.5,0.8591503074292344,1,0.01983863589727919
824242,669373,6,25,0.3532608695652174,6.5,0.7376532416817585,0,0.5441323049636068
824242,669373,6,25,0.3532608695652174,7.5,0.5844372868298839,0,0.341566942237076
824242,669373,6,25,0.3532608695652174,8.5,0.4229407825858989,0,0.1788789055743726
824185,669387,3,15,0.17037037037037037,3.5,0.1524198181406389,0,0.023231800962025435
824185,669387,3,15,0.17037037037037037,4.5,0.05551933849646604,0,0.003082396947085176
824185,669387,3,15,0.17037037037037037,5.5,0.01721287746443117,0,0.00029628315060552235
824185,669387,3,15,0.17037037037037037,6.5,0.004605034791597799,0,2.1206345431826182e-05
824185,669387,3,15,0.17037037037037037,7.5,0.0010607617857164705,0,1.1252155660363953e-06
824185,669387,3,15,0.17037037037037037,8.5,0.00020788137603276781,0,4.321466650127701e-08
823372,669387,3,17,0.17293233082706766,3.5,0.15064529282231007,0,0.022694004249519544
823372,669387,3,17,0.17293233082706766,4.5,0.053444636038674054,0,0.0028563291213063373
823372,669387,3,17,0.17293233082706766,5.5,0.01596748398715168,0,0.00025496054487994535
823372,669387,3,17,0.17293233082706766,6.5,0.004104331386478776,0,1.6845536130034792e-05
823372,669387,3,17,0.17293233082706766,7.5,0.0009143494988755391,0,8.360350060939496e-07
823372,669387,3,17,0.17293233082706766,8.5,0.00017568408784992946,0,3.086489872366173e-08
824993,669387,2,18,0.18181818181818182,3.5,0.16708687032234454,0,0.02791802223411598
824993,669387,2,18,0.18181818181818182,4.5,0.06042866864275052,0,0.0036516239939353395
824993,669387,2,18,0.18181818181818182,5.5,0.01809635802919703,0,0.0003274781739208838
824993,669387,2,18,0.18181818181818182,6.5,0.00456679509407636,0,2.0855617431279907e-05
824993,669387,2,18,0.18181818181818182,7.5,0.0009775315523300066,0,9.555679358007124e-07
824993,669387,2,18,0.18181818181818182,8.5,0.00017678309706552529,0,3.1252263408078936e-08
823367,669387,3,11,0.16546762589928057,3.5,0.15360724527640374,0,0.02359518580140526
823367,669387,3,11,0.16546762589928057,4.5,0.05596270872807033,0,0.0031318247681828395
823367,669387,3,11,0.16546762589928057,5.5,0.017135842114052488,0,0.0002936370849577348
823367,669387,3,11,0.16546762589928057,6.5,0.004453497652397896,0,1.983364133991357e-05
823367,669387,3,11,0.16546762589928057,7.5,0.0009820872151563146,0,9.644952981734854e-07
823367,669387,3,11,0.16546762589928057,8.5,0.00018259301224587263,0,3.3340208121021394e-08
823362,669387,1,10,0.17857142857142858,3.5,0.18850955125453367,0,0.03553585091418566
823362,669387,1,10,0.17857142857142858,4.5,0.07364214578091825,0,0.005423165635218016
823362,669387,1,10,0.17857142857142858,5.5,0.02420204274934206,0,0.0005857388732409806
823362,669387,1,10,0.17857142857142858,6.5,0.0067675156462290555,0,4.579926802195507e-05
823362,669387,1,10,0.17857142857142858,7.5,0.0016117352060435928,0,2.5976903744003825e-06
823362,669387,1,10,0.17857142857142858,8.5,0.00032490734688324976,0,1.0556478405871238e-07
823442,669387,0,11,0.18705035971223022,3.5,0.2076120721463248,0,0.04310277250089077
823442,669387,0,11,0.18705035971223022,4.5,0.08464009531734519,0,0.007163945735329279
823442,669387,0,11,0.18705035971223022,5.5,0.029172283156746064,0,0.0008510221045773701
823442,669387,0,11,0.18705035971223022,6.5,0.008583553867107546,0,7.367739698953691e-05
823442,669387,0,11,0.18705035971223022,7.5,0.002154622658198527,0,4.642398799222487e-06
823442,669387,0,11,0.18705035971223022,8.5,0.0004580509170026585,0,2.0981064256697632e-07
823357,669387,2,14,0.17647058823529413,3.5,0.1703385709924275,0,0.029015228767742263
823357,669387,2,14,0.17647058823529413,4.5,0.06486051744770766,0,0.004206886723584389
823357,669387,2,14,0.17647058823529413,5.5,0.0210285112930568,0,0.0004421982872022174
823357,669387,2,14,0.17647058823529413,6.5,0.005867984805104161,0,3.443324567293332e-05
823357,669387,2,14,0.17647058823529413,7.5,0.0014040814686497082,0,1.9714447706055213e-06
823357,669387,2,14,0.17647058823529413,8.5,0.00028470675128159045,0,8.10579342253174e-08
824414,669387,2,11,0.17266187050359713,3.5,0.17095144265245688,0,0.029224395744956253
824414,669387,2,11,0.17266187050359713,4.5,0.06477764856926325,0,0.004196143754162974
824414,669387,2,11,0.17266187050359713,5.5,0.020670546067223385,0,0.00042727147471720414
824414,669387,2,11,0.17266187050359713,6.5,0.005609216268125243,0,3.1463307142600877e-05
824414,669387,2,11,0.17266187050359713,7.5,0.0012938307267833463,0,1.6739979495687221e-06
824414,669387,2,11,0.17266187050359713,8.5,0.0002519839351376888,0,6.349590356747496e-08
823518,669387,3,13,0.1678832116788321,3.5,0.15357288970119132,0,0.023584632451174273
823518,669387,3,13,0.1678832116788321,4.5,0.056354273965562855,0,0.003175804194185715
823518,669387,3,13,0.1678832116788321,5.5,0.01751439279027774,0,0.00030675395481213284
823518,669387,3,13,0.1678832116788321,6.5,0.0046513449669518155,0,2.1635010001587986e-05
823518,669387,3,13,0.1678832116788321,7.5,0.0010519118909990976,0,1.1065186264252975e-06
823518,669387,3,13,0.1678832116788321,8.5,0.00020062578260868365,0,4.0250704647346795e-08
823354,669387,2,9,0.1702127659574468,3.5,0.16954013853733355,0,0.02874385857525825
823354,669387,2,9,0.1702127659574468,4.5,0.0632270363094194,0,0.003997658120472638
823354,669387,2,9,0.1702127659574468,5.5,0.0197670313250139,0,0.0003907355274040807
823354,669387,2,9,0.1702127659574468,6.5,0.005248480388304579,0,2.7546546386417786e-05
823354,669387,2,9,0.1702127659574468,7.5,0.0011858507957529837,0,1.4062421097879847e-06
823354,669387,2,9,0.1702127659574468,8.5,0.00022665284158020948,0,5.137151059638353e-08
823351,669387,1,10,0.17857142857142858,3.5,0.18850955125453367,0,0.03553585091418566
823351,669387,1,10,0.17857142857142858,4.5,0.07364214578091825,0,0.005423165635218016
823351,669387,1,10,0.17857142857142858,5.5,0.02420204274934206,0,0.0005857388732409806
823351,669387,1,10,0.17857142857142858,6.5,0.0067675156462290555,0,4.579926802195507e-05
823351,669387,1,10,0.17857142857142858,7.5,0.0016117352060435928,0,2.5976903744003825e-06
823351,669387,1,10,0.17857142857142858,8.5,0.00032490734688324976,0,1.0556478405871238e-07
824485,669387,4,11,0.15827338129496402,3.5,0.13700985805178442,1,0.7447519850998012
824485,669387,4,11,0.15827338129496402,4.5,0.04789599171606786,0,0.0022940260224656407
824485,669387,4,11,0.15827338129496402,5.5,0.01404456654491225,0,0.00019724984943446844
824485,669387,4,11,0.15827338129496402,6.5,0.00348880536128909,0,1.2171762848959499e-05
824485,669387,4,11,0.15827338129496402,7.5,0.0007340733094826801,0,5.388636236948546e-07
824485,669387,4,11,0.15827338129496402,8.5,0.00013003745729255915,0,1.6909740299114145e-08
824753,669432,3,22,0.2171945701357466,3.5,0.8075400894265105,0,0.6521209960309765
824753,669432,3,22,0.2171945701357466,4.5,0.6382492266574359,0,0.40736207532881497
824753,669432,3,22,0.2171945701357466,5.5,0.4475145653945677,0,0.2002692862402888
824753,669432,3,22,0.2171945701357466,6.5,0.2758471952229015,0,0.07609167511234154
824753,669432,3,22,0.2171945701357466,7.5,0.14901767796154758,0,0.022206268345051502
824753,669432,3,22,0.2171945701357466,8.5,0.07057529397160481,0,0.004980872119178438
824830,669432,3,24,0.2191780821917808,3.5,0.806838669554491,0,0.6509886386884611
824830,669432,3,24,0.2191780821917808,4.5,0.6375944462370381,0,0.4065266778723153
824830,669432,3,24,0.2191780821917808,5.5,0.44725287475617065,0,0.20003513397765887
824830,669432,3,24,0.2191780821917808,6.5,0.2760848196611674,0,0.07622282764733931
824830,669432,3,24,0.2191780821917808,7.5,0.14957080606981632,0,0.0223714260283746
824830,669432,3,24,0.2191780821917808,8.5,0.07116342599828582,0,0.005064233199813502
824823,669432,4,24,0.2146118721461187,3.5,0.7923470493982865,1,0.043119747893597675
824823,669432,4,24,0.2146118721461187,4.5,0.617483816782943,0,0.3812862639888311
824823,669432,4,24,0.2146118721461187,5.5,0.42582763968141796,0,0.18132917871664753
824823,669432,4,24,0.2146118721461187,6.5,0.2578429955111384,0,0.06648301033415692
824823,669432,4,24,0.2146118721461187,7.5,0.1368120927958751,0,0.018717548735187144
824823,669432,4,24,0.2146118721461187,8.5,0.0636855346305848,0,0.004055847321183415
823937,669432,6,23,0.20454545454545456,3.5,0.7611541849135917,1,0.05704732338429077
823937,669432,6,23,0.20454545454545456,4.5,0.5758276739188509,1,0.17992216221309265
823937,669432,6,23,0.20454545454545456,5.5,0.3830621704293722,1,0.380612285555317
823937,669432,6,23,0.20454545454545456,6.5,0.22270542157443932,0,0.049597704798648744
823937,669432,6,23,0.20454545454545456,7.5,0.11306212784324333,0,0.012783044752441899
823937,669432,6,23,0.20454545454545456,8.5,0.050215685696773565,0,0.002521615089997149
824824,669432,7,24,0.2009132420091324,3.5,0.7441196148768652,1,0.06547477149076379
824824,669432,7,24,0.2009132420091324,4.5,0.5540233349512423,1,0.19889518576801177
824824,669432,7,24,0.2009132420091324,5.5,0.3616749169727939,1,0.40745891162168946
824824,669432,7,24,0.2009132420091324,6.5,0.20597765883705296,1,0.6304714782658875
824824,669432,7,24,0.2009132420091324,7.5,0.10234276131723348,0,0.010474040794036221
824824,669432,7,24,0.2009132420091324,8.5,0.04447665285610246,0,0.001978172649282247
824498,669432,4,22,0.21266968325791855,3.5,0.7930429781726991,1,0.042831208883625904
824498,669432,4,22,0.21266968325791855,4.5,0.6180961528318587,0,0.38204285414554445
824498,669432,4,22,0.21266968325791855,5.5,0.4260273826524712,0,0.1814993307697151
824498,669432,4,22,0.21266968325791855,6.5,0.2575618549561745,0,0.06633810912846548
824498,669432,4,22,0.21266968325791855,7.5,0.13625580534272225,0,0.018565644489593816
824498,669432,4,22,0.21266968325791855,8.5,0.06312612476028916,0,0.003984907627251592
824816,669432,4,23,0.21363636363636362,3.5,0.7925005503491817,1,0.0430560216053925
824816,669432,4,23,0.21363636363636362,4.5,0.6176672154002312,0,0.3815127889802756
824816,669432,4,23,0.21363636363636362,5.5,0.4259448501264911,0,0.18142901534927894
824816,669432,4,23,0.21363636363636362,6.5,0.2578320887151648,0,0.0664773859712246
824816,669432,4,23,0.21363636363636362,7.5,0.13669413614040007,0,0.01868528685517023
824816,669432,4,23,0.21363636363636362,8.5,0.06353229942898203,0,0.004036353070733831
824169,669432,8,27,0.19907407407407407,3.5,0.7279671223055122,1,0.07400188654674417
824169,669432,8,27,0.19907407407407407,4.5,0.5327459145959745,1,0.21832638032675233
824169,669432,8,27,0.19907407407407407,5.5,0.3401724185512862,1,0.43537243724045904
824169,669432,8,27,0.19907407407407407,6.5,0.18864353007612233,1,0.6582993212873361
824169,669432,8,27,0.19907407407407407,7.5,0.09090011697292177,1,0.8264625973198473
824169,669432,8,27,0.19907407407407407,8.5,0.03817656703912128,0,0.0014574502708925212
824812,669432,6,26,0.2073732718894009,3.5,0.7617581638032597,1,0.056759172514394454
824812,669432,6,26,0.2073732718894009,4.5,0.5760680784670205,1,0.17971827409464433
824812,669432,6,26,0.2073732718894009,5.5,0.3828096005587776,1,0.3809239891624157
824812,669432,6,26,0.2073732718894009,6.5,0.22217612996383196,0,0.04936223272570555
824812,669432,6,26,0.2073732718894009,7.5,0.1125613583612231,0,0.012670059396123689
824812,669432,6,26,0.2073732718894009,8.5,0.04990032204971611,0,0.002490042140665384
824242,669432,6,28,0.20930232558139536,3.5,0.7638715914022957,1,0.055756625346884414
824242,669432,6,28,0.20930232558139536,4.5,0.5776757730378083,1,0.17835775267921283
824242,669432,6,28,0.20930232558139536,5.5,0.383048590244124,1,0.3806290419997627
824242,669432,6,28,0.20930232558139536,6.5,0.22107805225601884,0,0.048875505189315
824242,669432,6,28,0.20930232558139536,7.5,0.11085925157918067,0,0.012289773660696071
824242,669432,6,28,0.20930232558139536,8.5,0.04834979520426056,0,0.0023377026962939375
822973,669438,3,19,0.24242424242424243,3.5,0.80136379264127,0,0.6421839281564004
822973,669438,3,19,0.24242424242424243,4.5,0.6342439704861135,0,0.40226541409799
822973,669438,3,19,0.24242424242424243,5.5,0.44807660871774757,0,0.20077264727999747
822973,669438,3,19,0.24242424242424243,6.5,0.28014403669984533,0,0.07848068129848429
822973,669438,3,19,0.24242424242424243,7.5,0.15427135006244957,0,0.02379964945009086
822973,669438,3,19,0.24242424242424243,8.5,0.07458760143665563,0,0.005563310288073393
824020,669438,3,18,0.23880597014925373,3.5,0.8059573504715651,0,0.6495672507791452
824020,669438,3,18,0.23880597014925373,4.5,0.6375744623435992,0,0.4065011950327295
824020,669438,3,18,0.23880597014925373,5.5,0.4482704945086471,0,0.200946436247027
824020,669438,3,18,0.23880597014925373,6.5,0.27745874761851835,0,0.07698335663003666
824020,669438,3,18,0.23880597014925373,7.5,0.15048766492979646,0,0.02264653729602269
824020,669438,3,18,0.23880597014925373,8.5,0.07135973443717598,0,0.00509221169894428
824172,669438,9,24,0.16393442622950818,3.5,0.43024879424970025,1,0.32461643645392046
824172,669438,9,24,0.16393442622950818,4.5,0.23532511469691048,1,0.5847276802132932
824172,669438,9,24,0.16393442622950818,5.5,0.10905073024119305,1,0.7937906012837513
824172,669438,9,24,0.16393442622950818,6.5,0.04322579434745791,1,0.915416880602053
824172,669438,9,24,0.16393442622950818,7.5,0.014789237775715032,1,0.9706402460025565
824172,669438,9,24,0.16393442622950818,8.5,0.004397231659506329,1,0.9912248723272546
824737,669438,4,24,0.2459016393442623,3.5,0.7598883581027439,1,0.05765360057459615
824737,669438,4,24,0.2459016393442623,4.5,0.5738640260836111,0,0.3293199204328915
824737,669438,4,24,0.2459016393442623,5.5,0.38162667178413007,0,0.14563891661703213
824737,669438,4,24,0.2459016393442623,6.5,0.22268494683606316,0,0.04958858554738028
824737,669438,4,24,0.2459016393442623,7.5,0.1142188803438605,0,0.013045952627005123
824737,669438,4,24,0.2459016393442623,8.5,0.051677450348264556,0,0.0026705588744973486
822799,669456,2,19,0.17333333333333334,3.5,0.51811353691457,0,0.26844163713412544
822799,669456,2,19,0.17333333333333334,4.5,0.3319068188331875,0,0.11016213638796636
822799,669456,2,19,0.17333333333333334,5.5,0.1840458070601175,0,0.033872859096409996
822799,669456,2,19,0.17333333333333334,6.5,0.08820872306624714,0,0.00778077882497788
822799,669456,2,19,0.17333333333333334,7.5,0.0366985359771103,0,0.001346782542863259
822799,669456,2,19,0.17333333333333334,8.5,0.013341390385057966,0,0.00017799269740651714
822795,669456,4,24,0.16551724137931034,3.5,0.45654894838770477,1,0.2953390454985096
822795,669456,4,24,0.16551724137931034,4.5,0.27444326937216756,0,0.07531910810368413
822795,669456,4,24,0.16551724137931034,5.5,0.14246412001289455,0,0.02029602549104842
822795,669456,4,24,0.16551724137931034,6.5,0.06405245861907893,0,0.004102717455148819
822795,669456,4,24,0.16551724137931034,7.5,0.025124499613664933,0,0.0006312404808370494
822795,669456,4,24,0.16551724137931034,8.5,0.008669032109332439,0,7.515211771263684e-05
823118,669456,3,21,0.16891891891891891,3.5,0.4873699122924891,0,0.23752943140798852
823118,669456,3,21,0.16891891891891891,4.5,0.30343779399979565,0,0.09207449482746242
823118,669456,3,21,0.16891891891891891,5.5,0.16353760211809473,0,0.026744547306536262
823118,669456,3,21,0.16891891891891891,6.5,0.07630200104388142,0,0.005821995363300482
823118,669456,3,21,0.16891891891891891,7.5,0.030969012780019935,0,0.0009590797525690381
823118,669456,3,21,0.16891891891891891,8.5,0.01100439778586189,0,0.00012109677062948207
823278,669456,4,22,0.16326530612244897,3.5,0.4569706186826206,1,0.2948809089739359
823278,669456,4,22,0.16326530612244897,4.5,0.27535529696624383,0,0.07582053956736833
823278,669456,4,22,0.16326530612244897,5.5,0.14325160380585195,0,0.020521021992948776
823278,669456,4,22,0.16326530612244897,6.5,0.06446772847415286,0,0.004156088014617099
823278,669456,4,22,0.16326530612244897,7.5,0.02524756444185126,0,0.0006374395102454321
823278,669456,4,22,0.16326530612244897,8.5,0.008664542134815942,0,7.507429040600081e-05
822790,669456,6,22,0.14965986394557823,3.5,0.3950404888451633,1,0.365976010136699
822790,669456,6,22,0.14965986394557823,4.5,0.2215466503711357,1,0.605989617548399
822790,669456,6,22,0.14965986394557823,5.5,0.10647510683465332,1,0.7983867347061442
822790,669456,6,22,0.14965986394557823,6.5,0.04406018134330923,0,0.001941299580005295
822790,669456,6,22,0.14965986394557823,7.5,0.01581886922088641,0,0.0002502366234275074
822790,669456,6,22,0.14965986394557823,8.5,0.00496632077556217,0,2.4664342045780432e-05
822785,669456,3,24,0.1724137931034483,3.5,0.48648182086625213,0,0.23666456203334424
822785,669456,3,24,0.1724137931034483,4.5,0.3021556336465712,0,0.09129802694436097
822785,669456,3,24,0.1724137931034483,5.5,0.162672120159292,0,0.026462218677119134
822785,669456,3,24,0.1724137931034483,6.5,0.076026914904318,0,0.00578009178986841
822785,669456,3,24,0.1724137931034483,7.5,0.031043380892572917,0,0.0009636914972413613
822785,669456,3,24,0.1724137931034483,8.5,0.011161206632956649,0,0.0001245725335035555
822703,669456,0,9,0.175,3.5,0.578891781625323,0,0.3351156948333406
822703,669456,0,9,0.175,4.5,0.3701310175343538,0,0.1369969701410161
822703,669456,0,9,0.175,5.5,0.2036400880392361,0,0.041469285456627834
822703,669456,0,9,0.175,6.5,0.09681055516032594,0,0.009372283590450512
822703,669456,0,9,0.175,7.5,0.04004151330145119,0,0.0016033227874702927
822703,669456,0,9,0.175,8.5,0.014516613083401889,0,0.0002107320554131949
824160,669456,6,28,0.15602836879432624,3.5,0.39591413445388157,1,0.36491973295260305
824160,669456,6,28,0.15602836879432624,4.5,0.2182959402674225,1,0.6110612370023931
824160,669456,6,28,0.15602836879432624,5.5,0.101711071308283,1,0.8069229994101127
824160,669456,6,28,0.15602836879432624,6.5,0.040094243244076413,0,0.0016075483413151672
824160,669456,6,28,0.15602836879432624,7.5,0.013429691241527956,0,0.0001803566068427727
824160,669456,6,28,0.15602836879432624,8.5,0.003840940034944718,0,1.475282035204113e-05
823048,669461,4,21,0.24598930481283424,3.5,0.7616694886859079,1,0.056801432623236586
823048,669461,4,21,0.24598930481283424,4.5,0.5892513211211198,0,0.347217119442985
823048,669461,4,21,0.24598930481283424,5.5,0.4080662600210513,0,0.16651807256756823
823048,669461,4,21,0.24598930481283424,6.5,0.2512121693665548,0,0.06310755403785062
823048,669461,4,21,0.24598930481283424,7.5,0.13703272907729042,0,0.018777968838370074
823048,669461,4,21,0.24598930481283424,8.5,0.06617321466233421,0,0.004378894338747363
823694,669461,4,18,0.24210526315789474,3.5,0.7637485090714529,1,0.05581476696596139
823694,669461,4,18,0.24210526315789474,4.5,0.5915570110540437,0,0.34993969732719393
823694,669461,4,18,0.24210526315789474,5.5,0.40921010176279177,0,0.16745290738471438
823694,669461,4,18,0.24210526315789474,6.5,0.25064380567429173,0,0.06282231732289212
823694,669461,4,18,0.24210526315789474,7.5,0.13535730982588093,0,0.018321601323299522
823694,669461,4,18,0.24210526315789474,8.5,0.06437564692685437,0,0.004144223917251014
824098,669461,2,13,0.24615384615384617,3.5,0.805956717568124,0,0.6495662305931849
824098,669461,2,13,0.24615384615384617,4.5,0.6365953598898438,0,0.4052536522332798
824098,669461,2,13,0.24615384615384617,5.5,0.44668644292807147,0,0.19952877829573326
824098,669461,2,13,0.24615384615384617,6.5,0.27625263785559256,0,0.07631551992217317
824098,669461,2,13,0.24615384615384617,7.5,0.1502924413648587,0,0.02258781793140949
824098,669461,2,13,0.24615384615384617,8.5,0.0720129975597926,0,0.005185871817546694
823041,669461,3,26,0.25824175824175827,3.5,0.782774472634294,0,0.6127358750078971
823041,669461,3,26,0.25824175824175827,4.5,0.6135437250923365,0,0.3764359026001805
823041,669461,3,26,0.25824175824175827,5.5,0.4293098403081867,0,0.18430693898544076
823041,669461,3,26,0.25824175824175827,6.5,0.2655814539755727,0,0.07053350869577923
823041,669461,3,26,0.25824175824175827,7.5,0.1444789055439,0,0.020874154147163176
823041,669461,3,26,0.25824175824175827,8.5,0.06896078081767176,0,0.004755589290982966
824907,669461,9,21,0.2192513368983957,3.5,0.6773434712898199,1,0.1041072355193033
824907,669461,9,21,0.2192513368983957,4.5,0.48511437123865336,1,0.26510721070496723
824907,669461,9,21,0.2192513368983957,5.5,0.3064357231574568,1,0.48103140611211986
824907,669461,9,21,0.2192513368983957,6.5,0.17015082181487307,1,0.6886496585345305
824907,669461,9,21,0.2192513368983957,7.5,0.08302127843008619,1,0.8408499758119935
824907,669461,9,21,0.2192513368983957,8.5,0.03563954733459252,1,0.9299910826650296
824656,669461,3,23,0.25405405405405407,3.5,0.7775854109191729,0,0.6046390712743389
824656,669461,3,23,0.25405405405405407,4.5,0.609131583874903,0,0.37104128647394796
824656,669461,3,23,0.25405405405405407,5.5,0.42786168775992417,0,0.18306562385277084
824656,669461,3,23,0.25405405405405407,6.5,0.2675548622106711,0,0.0715856042925712
824656,669461,3,23,0.25405405405405407,7.5,0.148519179103965,0,0.022057946561715634
824656,669461,3,23,0.25405405405405407,8.5,0.07317510071639877,0,0.005354595364855103
823030,669461,6,22,0.23655913978494625,3.5,0.7304858514499795,1,0.07263787626864254
823030,669461,6,22,0.23655913978494625,4.5,0.5487467936046685,1,0.20362945628206766
823030,669461,6,22,0.23655913978494625,5.5,0.36669602456330314,1,0.40107392530392444
823030,669461,6,22,0.23655913978494625,6.5,0.21686231777219056,0,0.047029264869526556
823030,669461,6,22,0.23655913978494625,7.5,0.11333278637876207,0,0.012844320468374117
823030,669461,6,22,0.23655913978494625,8.5,0.05236729175740627,0,0.002742333246005311
824005,669461,7,25,0.23497267759562843,3.5,0.7170606640498388,1,0.08005466782791817
824005,669461,7,25,0.23497267759562843,4.5,0.5296004260789906,1,0.22127575914506717
824005,669461,7,25,0.23497267759562843,5.5,0.34551420933751725,1,0.42835165017909527
824005,669461,7,25,0.23497267759562843,6.5,0.19807258526296517,1,0.6430875785068242
824005,669461,7,25,0.23497267759562843,7.5,0.0996714632284446,0,0.009934400582099184
824005,669461,7,25,0.23497267759562843,8.5,0.04409997792531499,0,0.0019448080530132695
823025,669461,5,19,0.23809523809523808,3.5,0.7471913418159831,1,0.06391221765280308
823025,669461,5,19,0.23809523809523808,4.5,0.5705269632958793,1,0.18444708925585904
823025,669461,5,19,0.23809523809523808,5.5,0.38838802551726276,0,0.15084525836519794
823025,669461,5,19,0.23809523809523808,6.5,0.2339760084421473,0,0.05474477252651978
823025,669461,5,19,0.23809523809523808,7.5,0.1242948618637783,0,0.01544921268573573
823025,669461,5,19,0.23809523809523808,8.5,0.05817196993518986,0,0.003383978086140633
822783,669461,7,20,0.22872340425531915,3.5,0.7135680731143729,1,0.08204324873941325
822783,669461,7,20,0.22872340425531915,4.5,0.5284665780167077,1,0.2223437680472736
822783,669461,7,20,0.22872340425531915,5.5,0.3471193281817032,1,0.4262531716339106
822783,669461,7,20,0.22872340425531915,6.5,0.2011230432606999,1,0.6382043920090457
822783,669461,7,20,0.22872340425531915,7.5,0.10258855877047467,0,0.010524412390603135
822783,669461,7,20,0.22872340425531915,8.5,0.04606914806439278,0,0.002122366403378945
823051,669467,5,23,0.15765765765765766,3.5,0.5578444793703894,1,0.19550150442324202
823051,669467,5,23,0.15765765765765766,4.5,0.34716512608893507,1,0.4261933725944761
823051,669467,5,23,0.15765765765765766,5.5,0.1842232993430876,0,0.03393822402085286
823051,669467,5,23,0.15765765765765766,6.5,0.08358926249929781,0,0.006987164805176515
823051,669467,5,23,0.15765765765765766,7.5,0.03260145340846719,0,0.001062854764344457
823051,669467,5,23,0.15765765765765766,8.5,0.010993692504651199,0,0.00012086127488682395
823618,669467,5,24,0.1583710407239819,3.5,0.5577138234659677,1,0.19561706195309322
823618,669467,5,24,0.1583710407239819,4.5,0.3471504460321407,1,0.42621254011603293
823618,669467,5,24,0.1583710407239819,5.5,0.18431616256138794,0,0.03397244778135598
823618,669467,5,24,0.1583710407239819,6.5,0.08371882723803341,0,0.007008842034111684
823618,669467,5,24,0.1583710407239819,7.5,0.032707126968862923,0,0.0010697561545573203
823618,669467,5,24,0.1583710407239819,8.5,0.011056560272409545,0,0.00012224752505742503
823045,669467,6,24,0.15384615384615385,3.5,0.5333612376425466,1,0.21775173453449587
823045,669467,6,24,0.15384615384615385,4.5,0.3240001708519296,1,0.4569757690082204
823045,669467,6,24,0.15384615384615385,5.5,0.16743610883348656,1,0.693162632874326
823045,669467,6,24,0.15384615384615385,6.5,0.07389551632793426,0,0.005460547333371998
823045,669467,6,24,0.15384615384615385,7.5,0.02801941196223629,0,0.0007850874467095102
823045,669467,6,24,0.15384615384615385,8.5,0.009186176614546302,0,8.438584079363735e-05
823040,669467,2,24,0.17194570135746606,3.5,0.6269991233984727,0,0.39312790074245324
823040,669467,2,24,0.17194570135746606,4.5,0.4174376882157706,0,0.1742542235429269
823040,669467,2,24,0.17194570135746606,5.5,0.23903556378557927,0,0.057138000754289736
823040,669467,2,24,0.17194570135746606,6.5,0.1177353203550525,0,0.013861605659106841
823040,669467,2,24,0.17194570135746606,7.5,0.050055958671512586,0,0.002505598998524176
823040,669467,2,24,0.17194570135746606,8.5,0.01845823724193823,0,0.00034070652207967536
823038,669467,4,28,0.16589861751152074,3.5,0.5829887263330755,1,0.17389840236531057
823038,669467,4,28,0.16589861751152074,4.5,0.37056087568804374,0,0.1373153625906898
823038,669467,4,28,0.16589861751152074,5.5,0.20071602594762,0,0.04028692307220567
823038,669467,4,28,0.16589861751152074,6.5,0.09272732958806722,0,0.008598357652534047
823038,669467,4,28,0.16589861751152074,7.5,0.03667386533372717,0,0.0013449723985163556
823038,669467,4,28,0.16589861751152074,8.5,0.012474132111174725,0,0.0001556039719270404
824659,669467,2,24,0.17194570135746606,3.5,0.6269991233984727,0,0.39312790074245324
824659,669467,2,24,0.17194570135746606,4.5,0.4174376882157706,0,0.1742542235429269
824659,669467,2,24,0.17194570135746606,5.5,0.23903556378557927,0,0.057138000754289736
824659,669467,2,24,0.17194570135746606,6.5,0.1177353203550525,0,0.013861605659106841
824659,669467,2,24,0.17194570135746606,7.5,0.050055958671512586,0,0.002505598998524176
824659,669467,2,24,0.17194570135746606,8.5,0.01845823724193823,0,0.00034070652207967536
823034,669467,2,25,0.17272727272727273,3.5,0.6270656235906935,0,0.39321129628918533
823034,669467,2,25,0.17272727272727273,4.5,0.41739976221322095,0,0.17422256149565338
823034,669467,2,25,0.17272727272727273,5.5,0.2389346676914627,0,0.057089775424829715
823034,669467,2,25,0.17272727272727273,6.5,0.1176404304365794,0,0.013839270873303677
823034,669467,2,25,0.17272727272727273,7.5,0.05000089425489299,0,0.002500089426288991
823034,669467,2,25,0.17272727272727273,8.5,0.018437812618718633,0,0.00033995293416298007
825057,669467,3,22,0.16591928251121077,3.5,0.605076092963092,0,0.3661170782754803
825057,669467,3,22,0.16591928251121077,4.5,0.3940013650923636,0,0.155237075694646
825057,669467,3,22,0.16591928251121077,5.5,0.21981077398434035,0,0.048316776359594756
825057,669467,3,22,0.16591928251121077,6.5,0.10514600118353848,0,0.011055681564888675
825057,669467,3,22,0.16591928251121077,7.5,0.043295674982113556,0,0.0018745154721568136
825057,669467,3,22,0.16591928251121077,8.5,0.01542385084866981,0,0.0002378951750020124
823027,669467,8,24,0.14479638009049775,3.5,0.4831206629171179,1,0.2671642491032397
823027,669467,8,24,0.14479638009049775,4.5,0.27863103917043197,1,0.5203731776483308
823027,669467,8,24,0.14479638009049775,5.5,0.13599787500293026,1,0.7464996719994521
823027,669467,8,24,0.14479638009049775,6.5,0.056501160765863055,1,0.8901900596361637
823027,669467,8,24,0.14479638009049775,7.5,0.020124217564426363,1,0.9601565490037276
823027,669467,8,24,0.14479638009049775,8.5,0.006188638790202312,0,3.829925007559674e-05
823023,669467,3,27,0.16972477064220184,3.5,0.605461677683964,0,0.36658384314388026
823023,669467,3,27,0.16972477064220184,4.5,0.3939899949388494,0,0.15522811611191456
823023,669467,3,27,0.16972477064220184,5.5,0.21947199949512425,0,0.04816795856238782
823023,669467,3,27,0.16972477064220184,6.5,0.10472723304140313,0,0.010967793340508361
823023,669467,3,27,0.16972477064220184,7.5,0.042979638086355625,0,0.001847249290034111
823023,669467,3,27,0.16972477064220184,8.5,0.015249905426836716,0,0.00023255961552746393
824994,669620,1,11,0.27586206896551724,3.5,0.26398378730109406,0,0.06968743995782928
824994,669620,1,11,0.27586206896551724,4.5,0.09865026138490254,0,0.009731874071309593
824994,669620,1,11,0.27586206896551724,5.5,0.02675920442086352,0,0.0007160550212375617
824994,669620,1,11,0.27586206896551724,6.5,0.0051080699734833215,0,2.60923788540019e-05
824994,669620,1,11,0.27586206896551724,7.5,0.0006499015645801811,0,4.2237204364376737e-07
824994,669620,1,11,0.27586206896551724,8.5,4.944946555067951e-05,0,2.4452496432478395e-09
824978,669620,3,9,0.1935483870967742,3.5,0.12223853960073165,0,0.014942260563719641
824978,669620,3,9,0.1935483870967742,4.5,0.03394830789394957,0,0.0011524876088623989
824978,669620,3,9,0.1935483870967742,5.5,0.0068769538019880175,0,4.729249359467745e-05
824978,669620,3,9,0.1935483870967742,6.5,0.0010024281226813662,0,1.0048621411424882e-06
824978,669620,3,9,0.1935483870967742,7.5,0.00010209788670264831,0,1.0423978469146811e-08
824978,669620,3,9,0.1935483870967742,8.5,6.866015470635482e-06,0,4.7142168443005776e-11
823679,669620,3,10,0.2,3.5,0.12255160319999997,0,0.015018895446890243
823679,669620,3,10,0.2,4.5,0.03426150400000002,0,0.0011738506563420173
823679,669620,3,10,0.2,5.5,0.007029985280000005,0,4.942069303701675e-05
823679,669620,3,10,0.2,6.5,0.001047859200000001,0,1.0980089030246422e-06
823679,669620,3,10,0.2,7.5,0.00011069440000000017,0,1.2253250191360038e-08
823679,669620,3,10,0.2,8.5,7.884800000000005e-06,0,6.217007104000008e-11
824975,669620,2,10,0.23333333333333334,3.5,0.18816963706885237,0,0.03540781231462362
824975,669620,2,10,0.23333333333333334,4.5,0.062296292588874216,0,0.0038808280703186244
824975,669620,2,10,0.23333333333333334,5.5,0.015242441063516068,0,0.00023233200957476085
824975,669620,2,10,0.23333333333333334,6.5,0.0027204217483722554,0,7.400694489016759e-06
824975,669620,2,10,0.23333333333333334,7.5,0.00034500225395631877,0,1.1902655523494027e-07
824975,669620,2,10,0.23333333333333334,8.5,2.9556698720554115e-05,0,8.735984392576052e-10
824167,669854,8,19,0.18604651162790697,3.5,0.5865548588814636,1,0.17093688471452645
824167,669854,8,19,0.18604651162790697,4.5,0.37047234231281273,1,0.3963050717931165
824167,669854,8,19,0.18604651162790697,5.5,0.19761912446968016,1,0.6438150694168027
824167,669854,8,19,0.18604651162790697,6.5,0.08888298392947172,1,0.8301342169732633
824167,669854,8,19,0.18604651162790697,7.5,0.03374933768596635,1,0.9336403424223088
824167,669854,8,19,0.18604651162790697,8.5,0.010838677621527388,0,0.0001174769325833986
824572,669854,4,22,0.3,3.5,0.8906116488896705,1,0.01196581135863673
824572,669854,4,22,0.3,4.5,0.7596974859572434,0,0.577140270169756
824572,669854,4,22,0.3,5.5,0.5817127807249839,0,0.33838975925879317
824572,669854,4,22,0.3,6.5,0.39199018779907596,0,0.15365630733075483
824572,669854,4,22,0.3,7.5,0.22948815242345277,0,0.05266481210272989
824572,669854,4,22,0.3,8.5,0.11578282158493965,0,0.013405661774169965
824162,669854,4,21,0.2926829268292683,3.5,0.8868193328811549,1,0.012809863409466828
824162,669854,4,21,0.2926829268292683,4.5,0.7552029180634005,0,0.5703314474514751
824162,669854,4,21,0.2926829268292683,5.5,0.5787323490521841,0,0.334931131839459
824162,669854,4,21,0.2926829268292683,6.5,0.39210392755276985,0,0.15374549000230778
824162,669854,4,21,0.2926829268292683,7.5,0.23236198254481702,0,0.05399209093215785
824162,669854,4,21,0.2926829268292683,8.5,0.11970307086756227,0,0.014328825175124633
823130,669923,5,23,0.23,3.5,0.8456397434803228,1,0.023827088792820552
823130,669923,5,23,0.23,4.5,0.6994411249962611,1,0.09033563734351314
823130,669923,5,23,0.23,5.5,0.5230400474088215,0,0.2735708911934222
823130,669923,5,23,0.23,6.5,0.3503731844801287,0,0.12276136840274632
823130,669923,5,23,0.23,7.5,0.20942018604427484,0,0.04385681432281869
823130,669923,5,23,0.23,8.5,0.11157645491119726,0,0.012449305290550435
824831,669923,10,27,0.20918367346938777,3.5,0.7717454656167477,1,0.05210013246651529
824831,669923,10,27,0.20918367346938777,4.5,0.5942120356102931,1,0.16466387204354202
824831,669923,10,27,0.20918367346938777,5.5,0.40661253476835674,1,0.3521086838940347
824831,669923,10,27,0.20918367346938777,6.5,0.24618612557647374,1,0.5682353572734079
824831,669923,10,27,0.20918367346938777,7.5,0.13193869419563736,1,0.7535304306347753
824831,669923,10,27,0.20918367346938777,8.5,0.06276083438734059,1,0.878417253558314
823127,669923,5,25,0.23232323232323232,3.5,0.8453387812960386,1,0.02392009257099459
823127,669923,5,25,0.23232323232323232,4.5,0.6987919358955792,1,0.09072629788153287
823127,669923,5,25,0.23232323232323232,5.5,0.5222961184298083,0,0.2727932353268443
823127,669923,5,25,0.23232323232323232,6.5,0.34994246583152167,0,0.12245972939224571
823127,669923,5,25,0.23232323232323232,7.5,0.20950544710512575,0,0.043892532366718646
823127,669923,5,25,0.23232323232323232,8.5,0.1120475775420213,0,0.012554659633035276
823365,669923,5,27,0.23469387755102042,3.5,0.846702465717531,1,0.023500134017084742
823365,669923,5,27,0.23469387755102042,4.5,0.6999161492161386,1,0.09005031750127077
823365,669923,5,27,0.23469387755102042,5.5,0.5225424525896574,0,0.2730506147584143
823365,669923,5,27,0.23469387755102042,6.5,0.34924493314426736,0,0.12197202332694378
823365,669923,5,27,0.23469387755102042,7.5,0.20834201722761017,0,0.043406396142469814
823365,669923,5,27,0.23469387755102042,8.5,0.11097539308916715,0,0.012315537871295168
823121,669923,7,30,0.22797927461139897,3.5,0.8239829199550953,1,0.030982012467534382
823121,669923,7,30,0.22797927461139897,4.5,0.6643523061229675,1,0.11265937440497013
823121,669923,7,30,0.22797927461139897,5.5,0.47906776585397637,1,0.2713703925723676
823121,669923,7,30,0.22797927461139897,6.5,0.30604056893739584,1,0.48157969196073325
823121,669923,7,30,0.22797927461139897,7.5,0.1724925553443548,0,0.0297536816492253
823121,669923,7,30,0.22797927461139897,8.5,0.08567783906605635,0,0.007340692107029051
823848,669923,7,24,0.22110552763819097,3.5,0.8180963431859205,1,0.03308894036233441
823848,669923,7,24,0.22110552763819097,4.5,0.6590396981838487,1,0.11625392741456102
823848,669923,7,24,0.22110552763819097,5.5,0.4770076423535618,1,0.27352100615657987
823848,669923,7,24,0.22110552763819097,6.5,0.3079512483283428,1,0.47893147469029895
823848,669923,7,24,0.22110552763819097,7.5,0.17692060570703363,0,0.03130090072374366
823848,669923,7,24,0.22110552763819097,8.5,0.09047264489170584,0,0.008185299473700707
823112,669923,6,21,0.22277227722772278,3.5,0.8347047169434979,1,0.027322530600729148
823112,669923,6,21,0.22277227722772278,4.5,0.6819472860466969,1,0.10115752885306167
823112,669923,6,21,0.22277227722772278,5.5,0.5012065764148308,1,0.24879487941181402
823112,669923,6,21,0.22277227722772278,6.5,0.3283362403310678,0,0.10780468671474071
823112,669923,6,21,0.22277227722772278,7.5,0.19100511082934382,0,0.036482952362929914
823112,669923,6,21,0.22277227722772278,8.5,0.09862477201117939,0,0.009726845654257113
822868,669923,3,20,0.23645320197044334,3.5,0.8735191909458323,0,0.7630357769506614
822868,669923,3,20,0.23645320197044334,4.5,0.7404022024552576,0,0.5481954214005962
822868,669923,3,20,0.23645320197044334,5.5,0.5695128229967391,0,0.3243448555577151
822868,669923,3,20,0.23645320197044334,6.5,0.3928332564281857,0,0.15431796735597267
822868,669923,3,20,0.23645320197044334,7.5,0.24159487228347196,0,0.05836808231366713
822868,669923,3,20,0.23645320197044334,8.5,0.13224495010772683,0,0.017488726828995157
823107,669923,3,26,0.2436548223350254,3.5,0.8697076034366024,0,0.7563913154754384
823107,669923,3,26,0.2436548223350254,4.5,0.7360095021270341,0,0.5417099872212846
823107,669923,3,26,0.2436548223350254,5.5,0.5665522434459225,0,0.32098144455360783
823107,669923,3,26,0.2436548223350254,6.5,0.3926894307521487,0,0.15420498902444657
823107,669923,3,26,0.2436548223350254,7.5,0.2440382025034658,0,0.05955464428112259
823107,669923,3,26,0.2436548223350254,8.5,0.13587093599661867,0,0.018460911248597247
824755,670245,2,13,0.05555555555555555,3.5,0.000957095972907488,0,9.16032701355731e-07
824755,670245,2,13,0.05555555555555555,4.5,5.51872109427852e-05,0,3.0456282516434704e-09
824755,670245,2,13,0.05555555555555555,5.5,2.1337543566261914e-06,0,4.552907654421252e-12
824755,670245,2,13,0.05555555555555555,6.5,5.322664736505453e-08,0,2.8330759897238665e-15
824755,670245,2,13,0.05555555555555555,7.5,7.763689803199844e-10,0,6.027487936030922e-19
824755,670245,2,13,0.05555555555555555,8.5,5.041357015064836e-12,0,2.5415280553343436e-23
822970,670245,0,9,0.13636363636363635,3.5,0.05706564049959805,0,0.0032564873256293652
822970,670245,0,9,0.13636363636363635,4.5,0.013558777394614243,0,0.0001838404444367022
822970,670245,0,9,0.13636363636363635,5.5,0.0025157165160220162,0,6.328829588985951e-06
822970,670245,0,9,0.13636363636363635,6.5,0.00036481522353210347,0,1.3309014732077862e-07
822970,670245,0,9,0.13636363636363635,7.5,4.0894294280521106e-05,0,1.6723433047018613e-09
822970,670245,0,9,0.13636363636363635,8.5,3.4645498868804903e-06,0,1.2003105918683618e-11
824730,670245,1,9,0.09090909090909091,3.5,0.015452440170601725,0,0.00023877790722602588
824730,670245,1,9,0.09090909090909091,4.5,0.0024251235992684894,0,5.881224471728952e-06
824730,670245,1,9,0.09090909090909091,5.5,0.0002939518160882382,0,8.64076701815734e-08
824730,670245,1,9,0.09090909090909091,6.5,2.760767830251573e-05,0,7.621839012551978e-10
824730,670245,1,9,0.09090909090909091,7.5,1.9910988080374204e-06,0,3.9644744633680365e-12
824730,670245,1,9,0.09090909090909091,8.5,1.080241316050713e-07,0,1.1669213009029765e-14
823536,670950,1,10,0.2777777777777778,3.5,0.22127397546427574,0,0.0489621722177649
823536,670950,1,10,0.2777777777777778,4.5,0.07386810556146142,0,0.005456497019239208
823536,670950,1,10,0.2777777777777778,5.5,0.01717354021422509,0,0.00029493048348960637
823536,670950,1,10,0.2777777777777778,6.5,0.002636472176472188,0,6.950985537311996e-06
823536,670950,1,10,0.2777777777777778,7.5,0.00024025217024918383,0,5.772110530944281e-08
823536,670950,1,10,0.2777777777777778,8.5,9.846400420048517e-06,0,9.695160123193161e-11
824578,670950,4,9,0.10526315789473684,3.5,0.012645910568222814,1,0.9748680979176538
824578,670950,4,9,0.10526315789473684,4.5,0.0015965735792767086,0,2.549047194044441e-06
824578,670950,4,9,0.10526315789473684,5.5,0.00014102711594412266,0,1.9888647431517014e-08
824578,670950,4,9,0.10526315789473684,6.5,8.557848471012724e-06,0,7.323677045281482e-11
824578,670950,4,9,0.10526315789473684,7.5,3.4017443496819164e-07,0,1.1571864620592843e-13
824578,670950,4,9,0.10526315789473684,8.5,7.975121772299559e-09,0,6.360256728300646e-17
822789,670950,1,9,0.2631578947368421,3.5,0.22339404567391571,0,0.04990489964255954
822789,670950,1,9,0.2631578947368421,4.5,0.07717390348260653,0,0.0059558113787426675
822789,670950,1,9,0.2631578947368421,5.5,0.019195725617098685,0,0.00036847588196693866
822789,670950,1,9,0.2631578947368421,6.5,0.0033354337997865023,0,1.1125118632758225e-05
822789,670950,1,9,0.2631578947368421,7.5,0.00038335756394891797,0,1.4696302183684874e-07
822789,670950,1,9,0.2631578947368421,8.5,2.6122087621581586e-05,0,6.823634617095859e-10
823931,670970,3,9,0.1111111111111111,3.5,0.012106352485658023,0,0.0001465637705069982
823931,670970,3,9,0.1111111111111111,4.5,0.0014492806032259168,0,2.100414266886877e-06
823931,670970,3,9,0.1111111111111111,5.5,0.00011714661792190338,0,1.3723330090540413e-08
823931,670970,3,9,0.1111111111111111,6.5,6.135452479902264e-06,0,3.764377713313884e-11
823931,670970,3,9,0.1111111111111111,7.5,1.8842575979506318e-07,0,3.550426695434685e-14
823931,670970,3,9,0.1111111111111111,8.5,2.5811747917131962e-09,0,6.662463305375662e-18
823274,670970,1,9,0.2222222222222222,3.5,0.11783100093087749,0,0.013884144780372452
823274,670970,1,9,0.2222222222222222,4.5,0.03037328260664088,0,0.0009225362963028735
823274,670970,1,9,0.2222222222222222,5.5,0.005385363085430416,0,2.900213556191661e-05
823274,670970,1,9,0.2222222222222222,6.5,0.0006257593671046136,0,3.915747855191665e-07
823274,670970,1,9,0.2222222222222222,7.5,4.295074853410757e-05,0,1.8447667996401434e-09
823274,670970,1,9,0.2222222222222222,8.5,1.3215614933571565e-06,0,1.7465247807243975e-12
824090,670970,1,9,0.2222222222222222,3.5,0.11783100093087749,0,0.013884144780372452
824090,670970,1,9,0.2222222222222222,4.5,0.03037328260664088,0,0.0009225362963028735
824090,670970,1,9,0.2222222222222222,5.5,0.005385363085430416,0,2.900213556191661e-05
824090,670970,1,9,0.2222222222222222,6.5,0.0006257593671046136,0,3.915747855191665e-07
824090,670970,1,9,0.2222222222222222,7.5,4.295074853410757e-05,0,1.8447667996401434e-09
824090,670970,1,9,0.2222222222222222,8.5,1.3215614933571565e-06,0,1.7465247807243975e-12
824511,671096,5,27,0.20869565217391303,3.5,0.7333009219481745,1,0.0711283982336937
824511,671096,5,27,0.20869565217391303,4.5,0.5388077618309066,1,0.21269828054741777
824511,671096,5,27,0.20869565217391303,5.5,0.3449631364783456,0,0.11899956552897768
824511,671096,5,27,0.20869565217391303,6.5,0.19114234977069214,0,0.03653539787586161
824511,671096,5,27,0.20869565217391303,7.5,0.09146903911577259,0,0.008366585116762736
824511,671096,5,27,0.20869565217391303,8.5,0.03780332180011357,0,0.001429091139122942
823289,671096,6,24,0.2017167381974249,3.5,0.7144771338626037,1,0.08152330708731353
823289,671096,6,24,0.2017167381974249,4.5,0.5171701080417515,1,0.23312470456841397
823289,671096,6,24,0.2017167381974249,5.5,0.32619456466062763,1,0.45401376469288107
823289,671096,6,24,0.2017167381974249,6.5,0.17844294141468578,0,0.031841883340724984
823289,671096,6,24,0.2017167381974249,7.5,0.08464995863993527,0,0.007165615497742752
823289,671096,6,24,0.2017167381974249,8.5,0.03488792646812818,0,0.0012171674132455189
824506,671096,5,21,0.2033898305084746,3.5,0.7314847273848529,1,0.07210045162758676
824506,671096,5,21,0.2033898305084746,4.5,0.5377790409752068,1,0.21364821496179956
824506,671096,5,21,0.2033898305084746,5.5,0.3452331567743085,0,0.11918593253635426
824506,671096,5,21,0.2033898305084746,6.5,0.19237742627042195,0,0.03700907413843164
824506,671096,5,21,0.2033898305084746,7.5,0.0929403558112551,0,0.008637909738322699
824506,671096,5,21,0.2033898305084746,8.5,0.03897017284522376,0,0.0015186743715866157
823532,671096,6,23,0.20085470085470086,3.5,0.714343944401716,1,0.08159938209996992
823532,671096,6,23,0.20085470085470086,4.5,0.5171716750605182,1,0.23312319136386583
823532,671096,6,23,0.20085470085470086,5.5,0.3263147901844095,1,0.45385176192427623
823532,671096,6,23,0.20085470085470086,6.5,0.1785915042546374,0,0.03189492539193417
823532,671096,6,23,0.20085470085470086,7.5,0.08475628281332799,0,0.0071836274763328375
823532,671096,6,23,0.20085470085470086,8.5,0.03493864469928181,0,0.001220708893422653
823363,671096,6,24,0.2017167381974249,3.5,0.7144771338626037,1,0.08152330708731353
823363,671096,6,24,0.2017167381974249,4.5,0.5171701080417515,1,0.23312470456841397
823363,671096,6,24,0.2017167381974249,5.5,0.32619456466062763,1,0.45401376469288107
823363,671096,6,24,0.2017167381974249,6.5,0.17844294141468578,0,0.031841883340724984
823363,671096,6,24,0.2017167381974249,7.5,0.08464995863993527,0,0.007165615497742752
823363,671096,6,24,0.2017167381974249,8.5,0.03488792646812818,0,0.0012171674132455189
823767,671096,3,25,0.21551724137931033,3.5,0.7623957893166485,0,0.5812473395677555
823767,671096,3,25,0.21551724137931033,4.5,0.5769987901319343,0,0.332927603813716
823767,671096,3,25,0.21551724137931033,5.5,0.38350617017961136,0,0.14707698256583304
823767,671096,3,25,0.21551724137931033,6.5,0.2222353167472071,0,0.04938853600973146
823767,671096,3,25,0.21551724137931033,7.5,0.11204793623406595,0,0.01255474001431331
823767,671096,3,25,0.21551724137931033,8.5,0.0491841292975917,0,0.002419078574762218
824495,671096,8,23,0.19230769230769232,3.5,0.6794769897888442,1,0.1027350000748207
824495,671096,8,23,0.19230769230769232,4.5,0.4760647751009003,1,0.2745081198900702
824495,671096,8,23,0.19230769230769232,5.5,0.28910583572846593,1,0.5053705127953229
824495,671096,8,23,0.19230769230769232,6.5,0.15171308522283902,1,0.7195906897821545
824495,671096,8,23,0.19230769230769232,7.5,0.06885654010554808,1,0.8670281429042108
824495,671096,8,23,0.19230769230769232,8.5,0.027096184760708596,0,0.0007342032285864567
824491,671096,3,19,0.21008403361344538,3.5,0.7645273850079214,0,0.5845021224270505
824491,671096,3,19,0.21008403361344538,4.5,0.578212681330226,0,0.33432990485108943
824491,671096,3,19,0.21008403361344538,5.5,0.3831677681375238,0,0.1468175385394912
824491,671096,3,19,0.21008403361344538,6.5,0.22075650875589028,0,0.04873343615808946
824491,671096,3,19,0.21008403361344538,7.5,0.11032225779116353,0,0.012171000564139943
824491,671096,3,19,0.21008403361344538,8.5,0.04785047470142396,0,0.002289667929151614
823112,671096,6,24,0.2017167381974249,3.5,0.7144771338626037,1,0.08152330708731353
823112,671096,6,24,0.2017167381974249,4.5,0.5171701080417515,1,0.23312470456841397
823112,671096,6,24,0.2017167381974249,5.5,0.32619456466062763,1,0.45401376469288107
823112,671096,6,24,0.2017167381974249,6.5,0.17844294141468578,0,0.031841883340724984
823112,671096,6,24,0.2017167381974249,7.5,0.08464995863993527,0,0.007165615497742752
823112,671096,6,24,0.2017167381974249,8.5,0.03488792646812818,0,0.0012171674132455189
823028,671096,4,24,0.21030042918454936,3.5,0.746743261435431,1,0.06413897562836245
823028,671096,4,24,0.21030042918454936,4.5,0.5571950909526824,0,0.31046636938176797
823028,671096,4,24,0.21030042918454936,5.5,0.3643015682873126,0,0.13271563265659547
823028,671096,4,24,0.21030042918454936,6.5,0.2073914529055668,0,0.04301121473828193
823028,671096,4,24,0.21030042918454936,7.5,0.10265852861802141,0,0.01053877349801712
823028,671096,4,24,0.21030042918454936,8.5,0.04423113045807926,0,0.001956392901599627
824485,671096,1,23,0.2222222222222222,3.5,0.7900289082336455,0,0.6241456758448458
824485,671096,1,23,0.2222222222222222,4.5,0.6144386799333519,0,0.37753489139824004
824485,671096,1,23,0.2222222222222222,5.5,0.422398578068762,0,0.17842055875451204
824485,671096,1,23,0.2222222222222222,6.5,0.25442433731379505,0,0.06473174341756376
824485,671096,1,23,0.2222222222222222,7.5,0.13382308694009118,0,0.0179086185981752
824485,671096,1,23,0.2222222222222222,8.5,0.061440313119109205,0,0.0037749120761741825
823701,671737,5,25,0.2610294117647059,3.5,0.9080992895949737,1,0.008445740572948517
823701,671737,5,25,0.2610294117647059,4.5,0.7987570756032649,1,0.040498714619750034
823701,671737,5,25,0.2610294117647059,5.5,0.6457871540070006,0,0.4170410482804615
823701,671737,5,25,0.2610294117647059,6.5,0.47319422162038105,0,0.2239127713749183
823701,671737,5,25,0.2610294117647059,7.5,0.311696599637903,0,0.09715477022583122
823701,671737,5,25,0.2610294117647059,8.5,0.18384015199900525,0,0.033797201487017356
824267,671737,3,23,0.2664233576642336,3.5,0.9198084877962561,0,0.8460476542220354
824267,671737,3,23,0.2664233576642336,4.5,0.8197532624729045,0,0.6719954113349706
824267,671737,3,23,0.2664233576642336,5.5,0.6748143217282873,0,0.4553743688096084
824267,671737,3,23,0.2664233576642336,6.5,0.5053856451558671,0,0.2554146503296121
824267,671737,3,23,0.2664233576642336,7.5,0.3411137410789445,0,0.11635858435287318
824267,671737,3,23,0.2664233576642336,8.5,0.20641814342945627,0,0.04260844993686358
823693,671737,7,27,0.25555555555555554,3.5,0.8960481614497345,1,0.010805984737980457
823693,671737,7,27,0.25555555555555554,4.5,0.7774556511144449,1,0.049525987220895656
823693,671737,7,27,0.25555555555555554,5.5,0.6166587488223891,1,0.14695051485441615
823693,671737,7,27,0.25555555555555554,6.5,0.44113788956389166,1,0.312326858481101
823693,671737,7,27,0.25555555555555554,7.5,0.28254298192838506,0,0.07983053663698372
823693,671737,7,27,0.25555555555555554,8.5,0.1615206603848006,0,0.02608892373114209
825068,671737,4,20,0.259927797833935,3.5,0.916914075377595,1,0.006903270870359974
825068,671737,4,20,0.259927797833935,4.5,0.8130304892420992,0,0.6610185764372472
825068,671737,4,20,0.259927797833935,5.5,0.6632999875019125,0,0.4399668734200373
825068,671737,4,20,0.259927797833935,6.5,0.49008620926228025,0,0.24018449250907153
825068,671737,4,20,0.259927797833935,7.5,0.3248029496064089,0,0.10549695607302338
825068,671737,4,20,0.259927797833935,8.5,0.19213180377011438,0,0.03691463001995774
823688,671737,7,27,0.25555555555555554,3.5,0.8960481614497345,1,0.010805984737980457
823688,671737,7,27,0.25555555555555554,4.5,0.7774556511144449,1,0.049525987220895656
823688,671737,7,27,0.25555555555555554,5.5,0.6166587488223891,1,0.14695051485441615
823688,671737,7,27,0.25555555555555554,6.5,0.44113788956389166,1,0.312326858481101
823688,671737,7,27,0.25555555555555554,7.5,0.28254298192838506,0,0.07983053663698372
823688,671737,7,27,0.25555555555555554,8.5,0.1615206603848006,0,0.02608892373114209
824174,671737,11,21,0.23550724637681159,3.5,0.8661037661572311,1,0.017928201437277462
824174,671737,11,21,0.23550724637681159,4.5,0.7284292266816066,1,0.07375068492075022
824174,671737,11,21,0.23550724637681159,5.5,0.5543644499079801,1,0.19859104350581722
824174,671737,11,21,0.23550724637681159,6.5,0.37719778985626784,1,0.3878825929599175
824174,671737,11,21,0.23550724637681159,7.5,0.2280753118556808,1,0.5958677241667043
824174,671737,11,21,0.23550724637681159,8.5,0.12227364867523181,1,0.7704035478098904
823687,671737,10,24,0.24175824175824176,3.5,0.8725941294227891,1,0.016232255857537004
823687,671737,10,24,0.24175824175824176,4.5,0.7395857587063855,1,0.06781557706852885
823687,671737,10,24,0.24175824175824176,5.5,0.5693001295150955,1,0.18550237843571354
823687,671737,10,24,0.24175824175824176,6.5,0.39333360754197,1,0.36804411173804047
823687,671737,10,24,0.24175824175824176,7.5,0.242470790901505,1,0.5738505026373913
823687,671737,10,24,0.24175824175824176,8.5,0.1330486825105785,1,0.7516045868966437
823681,671737,6,28,0.26022304832713755,3.5,0.9035376626678739,1,0.009304982523576881
823681,671737,6,28,0.26022304832713755,4.5,0.7899412888520958,1,0.04412466212911865
823681,671737,6,28,0.26022304832713755,5.5,0.632649980459427,1,0.13494603685645937
823681,671737,6,28,0.26022304832713755,6.5,0.45750987893056266,0,0.2093152893190581
823681,671737,6,28,0.26022304832713755,7.5,0.2963077564090897,0,0.08779828650818843
823681,671737,6,28,0.26022304832713755,8.5,0.17120968966570782,0,0.02931275783542798
824657,671737,6,25,0.25735294117647056,3.5,0.9017635359302073,1,0.00965040287293567
824657,671737,6,25,0.25735294117647056,4.5,0.7877736923745061,1,0.04504000564835076
824657,671737,6,25,0.25735294117647056,5.5,0.6310446268230485,1,0.13612806739614353
824657,671737,6,25,0.25735294117647056,6.5,0.45723837613604584,0,0.20906693261152814
824657,671737,6,25,0.25735294117647056,7.5,0.2973833588698106,0,0.08843686213269056
824657,671737,6,25,0.25735294117647056,8.5,0.1729885487692842,0,0.029925038005303023
824406,671737,5,25,0.2610294117647059,3.5,0.9080992895949737,1,0.008445740572948517
824406,671737,5,25,0.2610294117647059,4.5,0.7987570756032649,1,0.040498714619750034
824406,671737,5,25,0.2610294117647059,5.5,0.6457871540070006,0,0.4170410482804615
824406,671737,5,25,0.2610294117647059,6.5,0.47319422162038105,0,0.2239127713749183
824406,671737,5,25,0.2610294117647059,7.5,0.311696599637903,0,0.09715477022583122
824406,671737,5,25,0.2610294117647059,8.5,0.18384015199900525,0,0.033797201487017356
823676,671737,10,23,0.24087591240875914,3.5,0.8728293637737586,1,0.016172370718187012
823676,671737,10,23,0.24087591240875914,4.5,0.739938888752675,1,0.06763178158319355
823676,671737,10,23,0.24087591240875914,5.5,0.5696274941056324,1,0.18522049382979747
823676,671737,10,23,0.24087591240875914,6.5,0.39346721196953666,1,0.367882022956007
823676,671737,10,23,0.24087591240875914,7.5,0.24235605554482606,1,0.5740243465695947
823676,671737,10,23,0.24087591240875914,8.5,0.1327720191881479,1,0.7520843707030022
823107,671737,2,29,0.27611940298507465,3.5,0.9276158681554493,0,0.8604711988537879
823107,671737,2,29,0.27611940298507465,4.5,0.832831282887977,0,0.6936079457568336
823107,671737,2,29,0.27611940298507465,5.5,0.6915135868078922,0,0.47819104073991625
823107,671737,2,29,0.27611940298507465,6.5,0.522269681370198,0,0.27276562007852817
823107,671737,2,29,0.27611940298507465,7.5,0.3549625492844773,0,0.12599841139453496
823107,671737,2,29,0.27611940298507465,8.5,0.2157714210317999,0,0.04655730613408225
823943,672282,6,21,0.27941176470588236,3.5,0.9022725064748922,1,0.009550662990699985
823943,672282,6,21,0.27941176470588236,4.5,0.7868261289567405,1,0.045443099295568216
823943,672282,6,21,0.27941176470588236,5.5,0.6275687408030439,1,0.13870504282703028
823943,672282,6,21,0.27941176470588236,6.5,0.45143914641852834,0,0.20379730291908946
823943,672282,6,21,0.27941176470588236,7.5,0.29070417537115945,0,0.08450891757822583
823943,672282,6,21,0.27941176470588236,8.5,0.1670707953607607,0,0.027912650662477178
824022,672282,9,22,0.2660098522167488,3.5,0.8751360092333879,1,0.015591016190164602
824022,672282,9,22,0.2660098522167488,4.5,0.741591593083861,1,0.06677490476493686
824022,672282,9,22,0.2660098522167488,5.5,0.5696048799778998,1,0.18523995933883805
824022,672282,9,22,0.2660098522167488,6.5,0.39193476015414225,1,0.36974333590880043
824022,672282,9,22,0.2660098522167488,7.5,0.2403435453697025,1,0.5770779290614733
824022,672282,9,22,0.2660098522167488,8.5,0.1311901741753403,1,0.7548305134494755
825070,672282,3,24,0.29850746268656714,3.5,0.9249844706553718,0,0.8555962709535984
825070,672282,3,24,0.29850746268656714,4.5,0.8265929994662979,0,0.6832559867666912
825070,672282,3,24,0.29850746268656714,5.5,0.6811703569074619,0,0.46399305512943895
825070,672282,3,24,0.29850746268656714,6.5,0.5095310774445323,0,0.259621918881786
825070,672282,3,24,0.29850746268656714,7.5,0.342937521656371,0,0.11760614375981392
825070,672282,3,24,0.29850746268656714,8.5,0.20696873832242063,0,0.04283605864277463
824987,672282,4,27,0.29797979797979796,3.5,0.9217285867373124,1,0.006126414134138429
824987,672282,4,27,0.29797979797979796,4.5,0.8193746339305588,0,0.6713747907288372
824987,672282,4,27,0.29797979797979796,5.5,0.6688372545663617,0,0.4473432730958681
824987,672282,4,27,0.29797979797979796,6.5,0.49266557139564465,0,0.24271936523859705
824987,672282,4,27,0.29797979797979796,7.5,0.32401205810626055,0,0.10498381379825476
824987,672282,4,27,0.29797979797979796,8.5,0.1892405317092846,0,0.035811978841612746
824015,672282,8,24,0.2736318407960199,3.5,0.8856513447717063,1,0.01307561495251919
824015,672282,8,24,0.2736318407960199,4.5,0.7580304390127228,1,0.05854926844437565
824015,672282,8,24,0.2736318407960199,5.5,0.5893731260884854,1,0.16861442957834294
824015,672282,8,24,0.2736318407960199,6.5,0.4110772546534302,1,0.3468299999865406
824015,672282,8,24,0.2736318407960199,7.5,0.2557953440930659,1,0.5538405698735581
824015,672282,8,24,0.2736318407960199,8.5,0.14187512454766088,0,0.020128550965414285
824013,672282,5,26,0.2914572864321608,3.5,0.9130842522302196,1,0.007554347210380085
824013,672282,5,26,0.2914572864321608,4.5,0.8041343069954454,1,0.03836336969615442
824013,672282,5,26,0.2914572864321608,5.5,0.6485055104260431,0,0.4205593970529427
824013,672282,5,26,0.2914572864321608,6.5,0.47137692534309505,0,0.22219620574590981
824013,672282,5,26,0.2914572864321608,7.5,0.3061228213228049,0,0.09371118173463393
824013,672282,5,26,0.2914572864321608,8.5,0.1770315190028341,0,0.03134015872045081
822877,672282,6,20,0.2780487804878049,3.5,0.9029753950574013,1,0.009413773964267345
822877,672282,6,20,0.2780487804878049,4.5,0.7877896501470874,1,0.04503323258469558
822877,672282,6,20,0.2780487804878049,5.5,0.6284018117067756,1,0.13808521354280667
822877,672282,6,20,0.2780487804878049,6.5,0.45173100983293474,0,0.20406090524468298
822877,672282,6,20,0.2780487804878049,7.5,0.290346115348752,0,0.0843008666981108
822877,672282,6,20,0.2780487804878049,8.5,0.16630302001898545,0,0.027656694467435076
824009,672282,7,22,0.27586206896551724,3.5,0.8936935940059355,1,0.01130105195537487
824009,672282,7,22,0.27586206896551724,4.5,0.7721423880411253,1,0.0519190913276011
824009,672282,7,22,0.27586206896551724,5.5,0.6083302565176459,1,0.15340518795953303
824009,672282,7,22,0.27586206896551724,6.5,0.43134730775512103,1,0.323365884397349
824009,672282,7,22,0.27586206896551724,7.5,0.27350298740806755,0,0.07480388412113756
824009,672282,7,22,0.27586206896551724,8.5,0.15474680989345507,0,0.023946575172201126
824004,672282,6,19,0.2766990291262136,3.5,0.9042591520763007,1,0.009166309961148917
824004,672282,6,19,0.2766990291262136,4.5,0.7893156790421053,1,0.044387883097489186
824004,672282,6,19,0.2766990291262136,5.5,0.6294585191808687,1,0.13730098900763466
824004,672282,6,19,0.2766990291262136,6.5,0.4517971190460159,0,0.20412063677827985
824004,672282,6,19,0.2766990291262136,7.5,0.28948610117279905,0,0.08380220277222805
824004,672282,6,19,0.2766990291262136,8.5,0.16502641919186212,0,0.027233719031288198
824003,672282,9,20,0.2634146341463415,3.5,0.8761080449771819,1,0.01534921651937599
824003,672282,9,20,0.2634146341463415,4.5,0.7429032008952147,1,0.06609876410992635
824003,672282,9,20,0.2634146341463415,5.5,0.5706944828191365,1,0.1843032270819287
824003,672282,9,20,0.2634146341463415,6.5,0.39224916216848726,1,0.3693610808849057
824003,672282,9,20,0.2634146341463415,7.5,0.23978116174794714,1,0.5779326820333008
824003,672282,9,20,0.2634146341463415,8.5,0.13012128922195673,1,0.7566889714648706
824269,672456,1,22,0.17318435754189945,3.5,0.4521780931951439,0,0.20446502796559624
824269,672456,1,22,0.17318435754189945,4.5,0.2805514483841686,0,0.07870911519045483
824269,672456,1,22,0.17318435754189945,5.5,0.15356210774766582,0,0.023581320935905727
824269,672456,1,22,0.17318435754189945,6.5,0.07357873132853936,0,0.0054138297039173795
824269,672456,1,22,0.17318435754189945,7.5,0.030748117910278604,0,0.0009454467550243959
824269,672456,1,22,0.17318435754189945,8.5,0.011203926147613225,0,0.00012552796112117132
824265,672456,4,24,0.15819209039548024,3.5,0.38313426367576925,1,0.3805233366508353
824265,672456,4,24,0.15819209039548024,4.5,0.2190722334794824,0,0.04799264348168885
824265,672456,4,24,0.15819209039548024,5.5,0.10936063432662166,0,0.011959748340321059
824265,672456,4,24,0.15819209039548024,6.5,0.04748483735291474,0,0.002254809778432767
824265,672456,4,24,0.15819209039548024,7.5,0.017926849410206634,0,0.00032137192977622594
824265,672456,4,24,0.15819209039548024,8.5,0.0058964161757362864,0,3.4767723717484535e-05
824260,672456,3,27,0.16666666666666666,3.5,0.40721434986699756,0,0.1658235267376015
824260,672456,3,27,0.16666666666666666,4.5,0.23713271876114378,0,0.05623192630705171
824260,672456,3,27,0.16666666666666666,5.5,0.12023194750462485,0,0.014455721200754865
824260,672456,3,27,0.16666666666666666,6.5,0.052797995691216945,0,0.0027876283490097633
824260,672456,3,27,0.16666666666666666,7.5,0.020044832452740004,0,0.0004017953080584188
824260,672456,3,27,0.16666666666666666,8.5,0.0065856426988517,0,4.33706897569387e-05
824255,672456,3,26,0.1657142857142857,3.5,0.40669804624758277,0,0.16540330082160098
824255,672456,3,26,0.1657142857142857,4.5,0.23765379685529897,0,0.05647932715973971
824255,672456,3,26,0.1657142857142857,5.5,0.12130046989022669,0,0.014713803995589792
824255,672456,3,26,0.1657142857142857,6.5,0.053840816152586665,0,0.002898833483976637
824255,672456,3,26,0.1657142857142857,7.5,0.020765874053031614,0,0.00043122152518637163
824255,672456,3,26,0.1657142857142857,8.5,0.00697413417784466,0,4.863854753058101e-05
822882,672456,0,10,0.16753926701570682,3.5,0.47902286771216807,0,0.22946290779118927
822882,672456,0,10,0.16753926701570682,4.5,0.29192662135325065,0,0.08522115225472418
822882,672456,0,10,0.16753926701570682,5.5,0.1546067910565301,0,0.02390325984079756
822882,672456,0,10,0.16753926701570682,6.5,0.07103550323336903,0,0.005046042719617982
822882,672456,0,10,0.16753926701570682,7.5,0.028332884162982165,0,0.0008027523249929656
822882,672456,0,10,0.16753926701570682,8.5,0.009832602335601995,0,9.668006869008581e-05
824250,672456,5,14,0.1443850267379679,3.5,0.36206836638296125,1,0.4069567691693038
824250,672456,5,14,0.1443850267379679,4.5,0.19704177437079531,1,0.6447419121056008
824250,672456,5,14,0.1443850267379679,5.5,0.09184139470240939,0,0.00843484178088375
824250,672456,5,14,0.1443850267379679,6.5,0.03668522492761401,0,0.0013458057279896322
824250,672456,5,14,0.1443850267379679,7.5,0.012607384109158988,0,0.00015894613407587457
824250,672456,5,14,0.1443850267379679,8.5,0.003747108275168448,0,1.4040820425835859e-05
824009,672456,5,12,0.14285714285714285,3.5,0.36045224018964517,1,0.4090213370784433
824009,672456,5,12,0.14285714285714285,4.5,0.193635055687425,1,0.6502244234162222
824009,672456,5,12,0.14285714285714285,5.5,0.08898393212221768,0,0.007918140175931444
824009,672456,5,12,0.14285714285714285,6.5,0.03505855580059853,0,0.0012291023348236809
824009,672456,5,12,0.14285714285714285,7.5,0.011893922590082758,0,0.00014146539457888095
824009,672456,5,12,0.14285714285714285,8.5,0.0034921357356945213,0,1.2195011996514716e-05
824650,672456,8,20,0.13259668508287292,3.5,0.28955693004305266,1,0.5047293556498519
824650,672456,8,20,0.13259668508287292,4.5,0.14616004844108135,1,0.7290426628781366
824650,672456,8,20,0.13259668508287292,5.5,0.06322924411979834,1,0.8775394490723644
824650,672456,8,20,0.13259668508287292,6.5,0.023428359053566706,1,0.9536921699008095
824650,672456,8,20,0.13259668508287292,7.5,0.007455034983171416,1,0.9851455075802574
824650,672456,8,20,0.13259668508287292,8.5,0.002046170237499321,0,4.186812640828028e-06
824245,672456,1,24,0.1751412429378531,3.5,0.4518176457966324,0,0.2041391850532112
824245,672456,1,24,0.1751412429378531,4.5,0.27936956272747554,0,0.0780473525785409
824245,672456,1,24,0.1751412429378531,5.5,0.15245124842084773,0,0.023241383145075026
824245,672456,1,24,0.1751412429378531,6.5,0.07293870844537172,0,0.005320055189678939
824245,672456,1,24,0.1751412429378531,7.5,0.03050805020680199,0,0.0009307411274207509
824245,672456,1,24,0.1751412429378531,8.5,0.011159077888370457,0,0.00012452501931871845
824971,672456,2,22,0.16759776536312848,3.5,0.4297917557641052,0,0.1847209533227923
824971,672456,2,22,0.16759776536312848,4.5,0.26015690397016705,0,0.06768161468334272
824971,672456,2,22,0.16759776536312848,5.5,0.13840397654382627,0,0.019155660723144015
824971,672456,2,22,0.16759776536312848,6.5,0.06427513880248618,0,0.004131293468078865
824971,672456,2,22,0.16759776536312848,7.5,0.025983562238184918,0,0.0006751455065856292
824971,672456,2,22,0.16759776536312848,8.5,0.00914689660453483,0,8.36657174940508e-05
824504,673540,5,17,0.25806451612903225,3.5,0.5636271162180886,1,0.19042129370014158
824504,673540,5,17,0.25806451612903225,4.5,0.37770787699781766,1,0.38724748635056316
824504,673540,5,17,0.25806451612903225,5.5,0.22479084762696366,0,0.0505309251768488
824504,673540,5,17,0.25806451612903225,6.5,0.11730710566169057,0,0.013760957038723036
824504,673540,5,17,0.25806451612903225,7.5,0.05301497338190968,0,0.0028105874026845916
824504,673540,5,17,0.25806451612903225,8.5,0.02056805775407865,0,0.00042304499977511493
823614,673540,6,20,0.25555555555555554,3.5,0.5355331130916108,1,0.21572948903437042
823614,673540,6,20,0.25555555555555554,4.5,0.34359896855445277,1,0.43086231408277836
823614,673540,6,20,0.25555555555555554,5.5,0.19297543228758615,1,0.6512886528914084
823614,673540,6,20,0.25555555555555554,6.5,0.0939348257432324,0,0.008823751487411437
823614,673540,6,20,0.25555555555555554,7.5,0.039265989191443085,0,0.001541817907182525
823614,673540,6,20,0.25555555555555554,8.5,0.014015554413041302,0,0.0001964357655049215
823608,673540,4,20,0.2777777777777778,3.5,0.5994638673741347,1,0.16042919353888474
823608,673540,4,20,0.2777777777777778,4.5,0.40890348345817634,0,0.16720205878423108
823608,673540,4,20,0.2777777777777778,5.5,0.24690868280277214,0,0.06096389764339995
823608,673540,4,20,0.2777777777777778,6.5,0.1304632369696703,0,0.017020656200604348
823608,673540,4,20,0.2777777777777778,7.5,0.05961116585293051,0,0.003553491094345589
823608,673540,4,20,0.2777777777777778,8.5,0.023361371556847414,0,0.0005457536810170794
824904,673540,4,10,0.25,3.5,0.6104649188373513,1,0.1517375794563913
824904,673540,4,10,0.25,4.5,0.4117474848644634,0,0.1695359912922115
824904,673540,4,10,0.25,5.5,0.2407376236842538,0,0.0579546034571414
824904,673540,4,10,0.25,6.5,0.1209437046018138,0,0.014627379682810799
824904,673540,4,10,0.25,7.5,0.051940505418315276,0,0.0026978161031100388
824904,673540,4,10,0.25,8.5,0.019019863093490134,0,0.00036175519209510806
823607,673540,4,17,0.26881720430107525,3.5,0.5938849721365115,1,0.16492941585656207
823607,673540,4,17,0.26881720430107525,4.5,0.4093849756804922,0,0.16759605831291718
823607,673540,4,17,0.26881720430107525,5.5,0.25207812549521114,0,0.06354338135317941
823607,673540,4,17,0.26881720430107525,6.5,0.13680801698783268,0,0.018716433512143117
823607,673540,4,17,0.26881720430107525,7.5,0.06455385418864187,0,0.004167200090608436
823607,673540,4,17,0.26881720430107525,8.5,0.026219908080292533,0,0.0006874835797389897
823441,673540,2,10,0.27,3.5,0.670647001128905,0,0.44976740012319344
823441,673540,2,10,0.27,4.5,0.47927193666301326,0,0.2297015892727154
823441,673540,2,10,0.27,5.5,0.30015641792164316,0,0.0900938752195521
823441,673540,2,10,0.27,6.5,0.16285334244322136,0,0.026521211144929124
823441,673540,2,10,0.27,7.5,0.07596593512320869,0,0.0057708232991435515
823441,673540,2,10,0.27,8.5,0.030333921212430857,0,0.0009201467761219628
823593,673540,4,16,0.26595744680851063,3.5,0.5943693509006746,1,0.16453622348874009
823593,673540,4,16,0.26595744680851063,4.5,0.41087779941245933,0,0.16882056605002516
823593,673540,4,16,0.26595744680851063,5.5,0.2533340563932424,0,0.06417814412865452
823593,673540,4,16,0.26595744680851063,6.5,0.13718321605099149,0,0.01881923476609301
823593,673540,4,16,0.26595744680851063,7.5,0.06429608839408948,0,0.004133986982780569
823593,673540,4,16,0.26595744680851063,8.5,0.025821931804869462,0,0.0006667721621353291
822727,674841,5,18,0.21025641025641026,3.5,0.5893229132154352,1,0.16865566960985698
822727,674841,5,18,0.21025641025641026,4.5,0.3934953147435186,1,0.36784793323806353
822727,674841,5,18,0.21025641025641026,5.5,0.23107597862631588,0,0.05339610789810959
822727,674841,5,18,0.21025641025641026,6.5,0.1196404682431968,0,0.01431384164145138
822727,674841,5,18,0.21025641025641026,7.5,0.054893009868807824,0,0.003013242532457033
822727,674841,5,18,0.21025641025641026,8.5,0.022446047430141124,0,0.000503825045236145
823214,674841,4,21,0.21875,3.5,0.607411521156081,1,0.15412571372098224
823214,674841,4,21,0.21875,4.5,0.4118910306902155,0,0.16965422116304804
823214,674841,4,21,0.21875,5.5,0.24656229175809122,0,0.060792963717002095
823214,674841,4,21,0.21875,6.5,0.13081509088763366,0,0.017112588003939853
823214,674841,4,21,0.21875,7.5,0.061919206907289255,0,0.0038339881840276976
823214,674841,4,21,0.21875,8.5,0.02631594591098394,0,0.0006925290091898324
822724,674841,5,18,0.21025641025641026,3.5,0.5893229132154352,1,0.16865566960985698
822724,674841,5,18,0.21025641025641026,4.5,0.3934953147435186,1,0.36784793323806353
822724,674841,5,18,0.21025641025641026,5.5,0.23107597862631588,0,0.05339610789810959
822724,674841,5,18,0.21025641025641026,6.5,0.1196404682431968,0,0.01431384164145138
822724,674841,5,18,0.21025641025641026,7.5,0.054893009868807824,0,0.003013242532457033
822724,674841,5,18,0.21025641025641026,8.5,0.022446047430141124,0,0.000503825045236145
822968,674841,6,16,0.20304568527918782,3.5,0.5717398273186101,1,0.18340677550509393
822968,674841,6,16,0.20304568527918782,4.5,0.3740325807268813,1,0.3918352099914484
822968,674841,6,16,0.20304568527918782,5.5,0.21389993039971672,1,0.6179533194255703
822968,674841,6,16,0.20304568527918782,6.5,0.10726216986810258,0,0.011505173084813693
822968,674841,6,16,0.20304568527918782,7.5,0.04746238844104529,0,0.0022526783165286697
822968,674841,6,16,0.20304568527918782,8.5,0.01866510063054739,0,0.00034838598154846056
824824,674841,5,21,0.21354166666666666,3.5,0.5885213153839782,1,0.1693147078933315
824824,674841,5,21,0.21354166666666666,4.5,0.3921697747078547,1,0.36945758277870006
824824,674841,5,21,0.21354166666666666,5.5,0.2301979466100461,0,0.05299109462348164
824824,674841,5,21,0.21354166666666666,6.5,0.1195902702674715,0,0.014301832742646878
824824,674841,5,21,0.21354166666666666,7.5,0.05537062616481927,0,0.0030659062418841683
824824,674841,5,21,0.21354166666666666,8.5,0.022998273745396997,0,0.0005289205952682169
824740,674841,6,17,0.20408163265306123,3.5,0.5707669975991702,1,0.18424097035003079
824740,674841,6,17,0.20408163265306123,4.5,0.3739535426115344,1,0.39193416680864795
824740,674841,6,17,0.20408163265306123,5.5,0.2146107648366893,1,0.6168362507104101
824740,674841,6,17,0.20408163265306123,6.5,0.10820497774369366,0,0.011708317208513239
824740,674841,6,17,0.20408163265306123,7.5,0.048206212606400865,0,0.002323838933853522
824740,674841,6,17,0.20408163265306123,8.5,0.019099630840174252,0,0.00036479589823093544
822713,674841,3,27,0.23118279569892472,3.5,0.6352278649871684,0,0.4035144404561563
822713,674841,3,27,0.23118279569892472,4.5,0.4357321601587157,0,0.18986251539658067
822713,674841,3,27,0.23118279569892472,5.5,0.260481471948501,0,0.06785059722845772
822713,674841,3,27,0.23118279569892472,6.5,0.1352751963915542,0,0.018299378758773556
822713,674841,3,27,0.23118279569892472,7.5,0.0610566931106932,0,0.0037279197736133705
822713,674841,3,27,0.23118279569892472,8.5,0.024008110966898786,0,0.0005763893921989257
822708,674841,2,11,0.21782178217821782,3.5,0.6540130610548258,0,0.4277330840303033
822708,674841,2,11,0.21782178217821782,4.5,0.4509314933270527,0,0.20333921167416574
822708,674841,2,11,0.21782178217821782,5.5,0.27177225360180646,0,0.0738601578278046
822708,674841,2,11,0.21782178217821782,6.5,0.14382837629892165,0,0.020686601828784207
822708,674841,2,11,0.21782178217821782,7.5,0.06737749663332716,0,0.004539727052574013
822708,674841,2,11,0.21782178217821782,8.5,0.028170826882548895,0,0.0007935954872465395
824328,674841,2,21,0.22916666666666666,3.5,0.6435446502026486,0,0.41414971680444934
824328,674841,2,21,0.22916666666666666,4.5,0.4510078334651139,0,0.20340806584689594
824328,674841,2,21,0.22916666666666666,5.5,0.2802333869576378,0,0.07853075116574915
824328,674841,2,21,0.22916666666666666,6.5,0.1547760753737484,0,0.023955633508100246
824328,674841,2,21,0.22916666666666666,7.5,0.07642271617440868,0,0.005840431547474227
824328,674841,2,21,0.22916666666666666,8.5,0.03394264554796497,0,0.0011521031867947863
822705,674841,3,19,0.22164948453608246,3.5,0.6258236284527977,0,0.3916552139298254
822705,674841,3,19,0.22164948453608246,4.5,0.4323701826418495,0,0.1869439748377463
822705,674841,3,19,0.22164948453608246,5.5,0.26423344203800675,0,0.06981931189125268
822705,674841,3,19,0.22164948453608246,6.5,0.14308173655826714,0,0.02047238333652936
822705,674841,3,19,0.22164948453608246,7.5,0.06895634781377954,0,0.004754977903814939
822705,674841,3,19,0.22164948453608246,8.5,0.029727334308085423,0,0.0008837144050646726
823431,674841,5,24,0.21693121693121692,3.5,0.5910443121942512,1,0.16724475458867305
823431,674841,5,24,0.21693121693121692,4.5,0.39212127808153857,1,0.3695165405612221
823431,674841,5,24,0.21693121693121692,5.5,0.22797505652562033,0,0.05197262639785979
823431,674841,5,24,0.21693121693121692,6.5,0.11676078152151148,0,0.013633080101514136
823431,674841,5,24,0.21693121693121692,7.5,0.05318208976579087,0,0.002828334671856638
823431,674841,5,24,0.21693121693121692,8.5,0.02177925904866597,0,0.0004743361247088985
822973,675512,5,29,0.281767955801105,3.5,0.9139405677688838,1,0.007406225875942087
822973,675512,5,29,0.281767955801105,4.5,0.8037464672445745,1,0.03851544911898485
822973,675512,5,29,0.281767955801105,5.5,0.6445648476477048,0,0.41546384282310894
822973,675512,5,29,0.281767955801105,6.5,0.4623951356229741,0,0.21380926144778858
822973,675512,5,29,0.281767955801105,7.5,0.2929783811787224,0,0.08583633183810475
822973,675512,5,29,0.281767955801105,8.5,0.16267548129112772,0,0.026463312213300044
824267,675512,5,23,0.2727272727272727,3.5,0.9070404521245303,1,0.008641477541211738
824267,675512,5,23,0.2727272727272727,4.5,0.7939615331246506,1,0.042451849832344464
824267,675512,5,23,0.2727272727272727,5.5,0.635434457391286,0,0.4037769496401581
824267,675512,5,23,0.2727272727272727,6.5,0.4580872665555613,0,0.20984394378034588
824267,675512,5,23,0.2727272727272727,7.5,0.29522363827695225,0,0.08715699659748075
824267,675512,5,23,0.2727272727272727,8.5,0.16979059201705393,0,0.028828845137501658
824263,675512,5,23,0.2727272727272727,3.5,0.9070404521245303,1,0.008641477541211738
824263,675512,5,23,0.2727272727272727,4.5,0.7939615331246506,1,0.042451849832344464
824263,675512,5,23,0.2727272727272727,5.5,0.635434457391286,0,0.4037769496401581
824263,675512,5,23,0.2727272727272727,6.5,0.4580872665555613,0,0.20984394378034588
824263,675512,5,23,0.2727272727272727,7.5,0.29522363827695225,0,0.08715699659748075
824263,675512,5,23,0.2727272727272727,8.5,0.16979059201705393,0,0.028828845137501658
824258,675512,6,20,0.2631578947368421,3.5,0.8998772916829106,1,0.010024556720748954
824258,675512,6,20,0.2631578947368421,4.5,0.7805753057046003,1,0.048147196466629606
824258,675512,6,20,0.2631578947368421,5.5,0.6162580337183093,1,0.14725789668573822
824258,675512,6,20,0.2631578947368421,6.5,0.4361540650891061,0,0.1902303684937522
824258,675512,6,20,0.2631578947368421,7.5,0.27461496261854196,0,0.0754133776939832
824258,675512,6,20,0.2631578947368421,8.5,0.15353667943614924,0,0.023573511932278853
823530,675512,7,22,0.26063829787234044,3.5,0.8880006489969587,1,0.012543854625102439
823530,675512,7,22,0.26063829787234044,4.5,0.7614973075984981,1,0.056883534282765436
823530,675512,7,22,0.26063829787234044,5.5,0.5929371076293338,1,0.16570019834517255
823530,675512,7,22,0.26063829787234044,6.5,0.4135760385701346,1,0.3438930625390963
823530,675512,7,22,0.26063829787234044,7.5,0.2568107618829361,0,0.06595176741889411
823530,675512,7,22,0.26063829787234044,8.5,0.14185119671829408,0,0.020121762010412166
824253,675512,9,22,0.25,3.5,0.8657549030228724,1,0.018021746062398397
824253,675512,9,22,0.25,4.5,0.7254268226492242,1,0.07539042972050058
824253,675512,9,22,0.25,5.5,0.5480777165666562,1,0.20423375026360757
824253,675512,9,22,0.25,6.5,0.369000151438771,1,0.39816080888429384
824253,675512,9,22,0.25,7.5,0.22038358730270236,1,0.6078017509470032
824253,675512,9,22,0.25,8.5,0.116822329910586,1,0.7800027969445659
824009,675512,9,23,0.25133689839572193,3.5,0.8655902556458408,1,0.01806597937735043
824009,675512,9,23,0.25133689839572193,4.5,0.7251358376280606,1,0.07555030775642789
824009,675512,9,23,0.25133689839572193,5.5,0.5477598414293011,1,0.20452116102405088
824009,675512,9,23,0.25133689839572193,6.5,0.36881373897198083,1,0.39839609611053084
824009,675512,9,23,0.25133689839572193,7.5,0.22041670303088065,1,0.6077501169132421
824009,675512,9,23,0.25133689839572193,8.5,0.11703202306015781,1,0.7796324483012377
824247,675512,5,24,0.27419354838709675,3.5,0.9073866167734608,1,0.008577238752665818
824247,675512,5,24,0.27419354838709675,4.5,0.7943016973658727,1,0.042311791706561
824247,675512,5,24,0.27419354838709675,5.5,0.6355485339863782,0,0.40392193905223456
824247,675512,5,24,0.27419354838709675,6.5,0.4578843286715468,0,0.20965805844299312
824247,675512,5,24,0.27419354838709675,7.5,0.29482723217289325,0,0.0869230968307291
824247,675512,5,24,0.27419354838709675,8.5,0.1694172475847835,0,0.02870220377920383
824243,675512,5,24,0.27419354838709675,3.5,0.9073866167734608,1,0.008577238752665818
824243,675512,5,24,0.27419354838709675,4.5,0.7943016973658727,1,0.042311791706561
824243,675512,5,24,0.27419354838709675,5.5,0.6355485339863782,0,0.40392193905223456
824243,675512,5,24,0.27419354838709675,6.5,0.4578843286715468,0,0.20965805844299312
824243,675512,5,24,0.27419354838709675,7.5,0.29482723217289325,0,0.0869230968307291
824243,675512,5,24,0.27419354838709675,8.5,0.1694172475847835,0,0.02870220377920383
823781,675660,5,17,0.23931623931623933,3.5,0.8404743852703795,1,0.0254484217548633
823781,675660,5,17,0.23931623931623933,4.5,0.6856943336944745,1,0.09878805187176033
823781,675660,5,17,0.23931623931623933,5.5,0.49969276411373215,0,0.24969285850762196
823781,675660,5,17,0.23931623931623933,6.5,0.3213560573387012,0,0.10326971558827462
823781,675660,5,17,0.23931623931623933,7.5,0.1812933724051493,0,0.032867286878032156
823781,675660,5,17,0.23931623931623933,8.5,0.0895058141847534,0,0.008011290772875603
824349,675660,4,24,0.2511013215859031,3.5,0.8451205318723101,1,0.023987649647516124
824349,675660,4,24,0.2511013215859031,4.5,0.6967915841779841,0,0.48551851178126476
824349,675660,4,24,0.2511013215859031,5.5,0.517148661134615,0,0.26744273771332483
824349,675660,4,24,0.2511013215859031,6.5,0.34157171324936253,0,0.11667123529210474
824349,675660,4,24,0.2511013215859031,7.5,0.1995247276555601,0,0.039810116946025424
824349,675660,4,24,0.2511013215859031,8.5,0.10274867650626285,0,0.010557290523788652
823776,675660,7,23,0.23684210526315788,3.5,0.8109181104542788,1,0.03575196095418033
823776,675660,7,23,0.23684210526315788,4.5,0.6470269689163903,1,0.12458996067235088
823776,675660,7,23,0.23684210526315788,5.5,0.4609738149118968,1,0.29054922821063406
823776,675660,7,23,0.23684210526315788,6.5,0.2904611621377738,1,0.5034453624348786
823776,675660,7,23,0.23684210526315788,7.5,0.16110097364662224,0,0.025953523709889674
823776,675660,7,23,0.23684210526315788,8.5,0.07848049164214767,0,0.00615918756839321
823772,675660,3,21,0.25217391304347825,3.5,0.8551511864153151,0,0.7312835516275209
823772,675660,3,21,0.25217391304347825,4.5,0.7125846591739914,0,0.5077768964901135
823772,675660,3,21,0.25217391304347825,5.5,0.5361242635758462,0,0.2874292259947434
823772,675660,3,21,0.25217391304347825,6.5,0.3596393835249122,0,0.1293404861821789
823772,675660,3,21,0.25217391304347825,7.5,0.21350148966867558,0,0.04558288609074358
823772,675660,3,21,0.25217391304347825,8.5,0.11168516374738446,0,0.012473575801280081
824500,675660,5,20,0.24242424242424243,3.5,0.8352232030762755,1,0.02715139280444234
824500,675660,5,20,0.24242424242424243,4.5,0.6819415223152705,1,0.10116119522712758
824500,675660,5,20,0.24242424242424243,5.5,0.49950383808917537,0,0.24950408426581713
824500,675660,5,20,0.24242424242424243,6.5,0.3243974190769337,0,0.10523368550377575
824500,675660,5,20,0.24242424242424243,7.5,0.18556977480597003,0,0.03443614132153843
824500,675660,5,20,0.24242424242424243,8.5,0.09318002260951128,0,0.008682516613509033
823767,675660,7,23,0.23684210526315788,3.5,0.8109181104542788,1,0.03575196095418033
823767,675660,7,23,0.23684210526315788,4.5,0.6470269689163903,1,0.12458996067235088
823767,675660,7,23,0.23684210526315788,5.5,0.4609738149118968,1,0.29054922821063406
823767,675660,7,23,0.23684210526315788,6.5,0.2904611621377738,1,0.5034453624348786
823767,675660,7,23,0.23684210526315788,7.5,0.16110097364662224,0,0.025953523709889674
823767,675660,7,23,0.23684210526315788,8.5,0.07848049164214767,0,0.00615918756839321
823036,675660,2,26,0.26222222222222225,3.5,0.8667022073809592,0,0.7511727162790272
823036,675660,2,26,0.26222222222222225,4.5,0.7292627589440643,0,0.5318241715827084
823036,675660,2,26,0.26222222222222225,5.5,0.554816190390237,0,0.3078210051191357
823036,675660,2,26,0.26222222222222225,6.5,0.37656103464555923,0,0.14179821281333407
823036,675660,2,26,0.26222222222222225,7.5,0.22619571923214746,0,0.051164503398948485
823036,675660,2,26,0.26222222222222225,8.5,0.11970588334276712,0,0.01432949850687217
823356,675660,6,25,0.24336283185840707,3.5,0.8239283363031757,1,0.03100123075696758
823356,675660,6,25,0.24336283185840707,4.5,0.6648927840854074,1,0.11229684615802937
823356,675660,6,25,0.24336283185840707,5.5,0.47996769123876293,1,0.27043360215554263
823356,675660,6,25,0.24336283185840707,6.5,0.306725769328935,0,0.09408069757042706
823356,675660,6,25,0.24336283185840707,7.5,0.17261801663329826,0,0.029796979666413634
823356,675660,6,25,0.24336283185840707,8.5,0.08534794982113984,0,0.007284272538671805
823763,675660,9,25,0.23008849557522124,3.5,0.7865061843814076,1,0.04557960930738552
823763,675660,9,25,0.23008849557522124,4.5,0.6123018552349656,1,0.15030985145424958
823763,675660,9,25,0.23008849557522124,5.5,0.4227973062687253,1,0.33316294965063964
823763,675660,9,25,0.23008849557522124,6.5,0.25679359901286497,1,0.5523557544682502
823763,675660,9,25,0.23008849557522124,7.5,0.1367021379818043,1,0.7452831985651877
823763,675660,9,25,0.23008849557522124,8.5,0.0637119235228152,1,0.8766353621533467
823759,675660,6,25,0.24336283185840707,3.5,0.8239283363031757,1,0.03100123075696758
823759,675660,6,25,0.24336283185840707,4.5,0.6648927840854074,1,0.11229684615802937
823759,675660,6,25,0.24336283185840707,5.5,0.47996769123876293,1,0.27043360215554263
823759,675660,6,25,0.24336283185840707,6.5,0.306725769328935,0,0.09408069757042706
823759,675660,6,25,0.24336283185840707,7.5,0.17261801663329826,0,0.029796979666413634
823759,675660,6,25,0.24336283185840707,8.5,0.08534794982113984,0,0.007284272538671805
823999,675660,7,22,0.23580786026200873,3.5,0.810913394101221,1,0.035753744530320174
823999,675660,7,22,0.23580786026200873,4.5,0.6471650017037542,1,0.12449253602271175
823999,675660,7,22,0.23580786026200873,5.5,0.46118398257967624,1,0.2903227006286987
823999,675660,7,22,0.23580786026200873,6.5,0.2906069508566318,1,0.5032384981729252
823999,675660,7,22,0.23580786026200873,7.5,0.1611142656719009,0,0.025957806602995865
823999,675660,7,22,0.23580786026200873,8.5,0.07839720022600055,0,0.006146121003275621
823846,676083,5,21,0.21311475409836064,3.5,0.6560532194047614,1,0.11829938788182923
823846,676083,5,21,0.21311475409836064,4.5,0.4429408133159729,1,0.31031493746906974
823846,676083,5,21,0.21311475409836064,5.5,0.2546275519950314,0,0.06483519023498242
823846,676083,5,21,0.21311475409836064,6.5,0.12399127458523496,0,0.015373836173271132
823846,676083,5,21,0.21311475409836064,7.5,0.051083106229161755,0,0.0026094837420198246
823846,676083,5,21,0.21311475409836064,8.5,0.017807287612454696,0,0.00031709949211268247
824167,676083,3,19,0.23809523809523808,3.5,0.7726944875048908,0,0.5970567710204459
824167,676083,3,19,0.23809523809523808,4.5,0.5837306553296522,0,0.3407414779715852
824167,676083,3,19,0.23809523809523808,5.5,0.3829565836434611,0,0.1466557449558712
824167,676083,3,19,0.23809523809523808,6.5,0.21564485723830168,0,0.04650270445332751
824167,676083,3,19,0.23809523809523808,7.5,0.10360575473484689,0,0.010734152414177248
824167,676083,3,19,0.23809523809523808,8.5,0.04233437055327003,0,0.0017921989301415767
823840,676083,6,21,0.19672131147540983,3.5,0.5870663782090654,1,0.17051417600537863
823840,676083,6,21,0.19672131147540983,4.5,0.37043286137898035,1,0.3963547820314582
823840,676083,6,21,0.19672131147540983,5.5,0.19714329234514877,1,0.6445788930263872
823840,676083,6,21,0.19672131147540983,6.5,0.08831601782421739,0,0.007799719004327483
823840,676083,6,21,0.19672131147540983,7.5,0.033331906322757135,0,0.001111015979109057
823840,676083,6,21,0.19672131147540983,8.5,0.010613512120694545,0,0.00011264663953613002
823593,676083,4,21,0.22950819672131148,3.5,0.7179367154714023,1,0.0795596964790607
823593,676083,4,21,0.22950819672131148,4.5,0.5145715511172856,0,0.26478388121924923
823593,676083,4,21,0.22950819672131148,5.5,0.31716219904472515,0,0.10059186050288585
823593,676083,4,21,0.22950819672131148,6.5,0.16672325376840538,0,0.0277966433471241
823593,676083,4,21,0.22950819672131148,7.5,0.07449238514456477,0,0.005549115444526174
823593,676083,4,21,0.22950819672131148,8.5,0.028251044562715183,0,0.0007981215188845191
823131,676106,7,20,0.18633540372670807,3.5,0.6417086188117592,1,0.12837271383377727
823131,676106,7,20,0.18633540372670807,4.5,0.431525962731712,1,0.32316273104810683
823131,676106,7,20,0.18633540372670807,5.5,0.2490051461238947,1,0.5639932705483928
823131,676106,7,20,0.18633540372670807,6.5,0.12304675453636822,1,0.7690469947291967
823131,676106,7,20,0.18633540372670807,7.5,0.05215056372432893,0,0.0027196812967652923
823131,676106,7,20,0.18633540372670807,8.5,0.019008968823724354,0,0.00036134089574132446
824829,676106,3,21,0.2125,3.5,0.7423521761130016,0,0.551086753379709
824829,676106,3,21,0.2125,4.5,0.5499756571283734,0,0.30247322343378613
824829,676106,3,21,0.2125,5.5,0.3556627513866464,0,0.12649599272391943
824829,676106,3,21,0.2125,6.5,0.19941907244790708,0,0.039767966455983614
824829,676106,3,21,0.2125,7.5,0.09676776716174472,0,0.00936400076146964
824829,676106,3,21,0.2125,8.5,0.040654679170388223,0,0.001652802938447198
822722,676106,2,21,0.21875,3.5,0.7643030227461818,0,0.5841591105789504
822722,676106,2,21,0.21875,4.5,0.5781870400480457,0,0.33430025327952034
822722,676106,2,21,0.21875,5.5,0.38337449332845214,0,0.1469760021348474
822722,676106,2,21,0.21875,6.5,0.22104515923355453,0,0.048860962420587475
822722,676106,2,21,0.21875,7.5,0.11052487501148497,0,0.012215747996304375
822722,676106,2,21,0.21875,8.5,0.047915854997773656,0,0.0022959291601676707
823126,676106,6,22,0.1949685534591195,3.5,0.667992279571187,1,0.11022912642433685
823126,676106,6,22,0.1949685534591195,4.5,0.46149755390396324,1,0.289984884451415
823126,676106,6,22,0.1949685534591195,5.5,0.2751492710625473,1,0.5254085792411566
823126,676106,6,22,0.1949685534591195,6.5,0.14117191231828244,0,0.019929508827600823
823126,676106,6,22,0.1949685534591195,7.5,0.06239219904532817,0,0.0038927865017118492
823126,676106,6,22,0.1949685534591195,8.5,0.023807426236246394,0,0.0005667935439943131
824422,676106,6,25,0.1987179487179487,3.5,0.6695499064993509,1,0.10919726429458776
824422,676106,6,25,0.1987179487179487,4.5,0.4619290243323168,1,0.2895203748559725
824422,676106,6,25,0.1987179487179487,5.5,0.2743312536732822,1,0.5265951293953902
824422,676106,6,25,0.1987179487179487,6.5,0.13977522637438664,0,0.01953711390801103
824422,676106,6,25,0.1987179487179487,7.5,0.06114023577416176,0,0.003738128430520089
824422,676106,6,25,0.1987179487179487,8.5,0.023009447263708422,0,0.000529434663381379
823117,676106,5,24,0.20382165605095542,3.5,0.6946223045093235,1,0.09325553690319635
823117,676106,5,24,0.20382165605095542,4.5,0.49150718606767396,1,0.25856494182081513
823117,676106,5,24,0.20382165605095542,5.5,0.30102509462698057,0,0.09061610759518261
823117,676106,5,24,0.20382165605095542,6.5,0.1589373713998176,0,0.025261088027483555
823117,676106,5,24,0.20382165605095542,7.5,0.07236963283593238,0,0.005237363756807663
823117,676106,5,24,0.20382165605095542,8.5,0.028479211712647206,0,0.0008110654997737818
823110,676106,3,24,0.21656050955414013,3.5,0.7426933327241471,0,0.5515933864729006
823110,676106,3,24,0.21656050955414013,4.5,0.5499742448319841,0,0.30247166997851116
823110,676106,3,24,0.21656050955414013,5.5,0.35534553774981165,0,0.1262704511987028
823110,676106,3,24,0.21656050955414013,6.5,0.1990282258821726,0,0.039612234697805115
823110,676106,3,24,0.21656050955414013,7.5,0.09649987502941478,0,0.009312225880692668
823110,676106,3,24,0.21656050955414013,8.5,0.04054317360640485,0,0.001643748926079083
823924,676106,5,24,0.20382165605095542,3.5,0.6946223045093235,1,0.09325553690319635
823924,676106,5,24,0.20382165605095542,4.5,0.49150718606767396,1,0.25856494182081513
823924,676106,5,24,0.20382165605095542,5.5,0.30102509462698057,0,0.09061610759518261
823924,676106,5,24,0.20382165605095542,6.5,0.1589373713998176,0,0.025261088027483555
823924,676106,5,24,0.20382165605095542,7.5,0.07236963283593238,0,0.005237363756807663
823924,676106,5,24,0.20382165605095542,8.5,0.028479211712647206,0,0.0008110654997737818
823541,676282,4,21,0.3008849557522124,3.5,0.9272077020040931,1,0.005298718647524915
823541,676282,4,21,0.3008849557522124,4.5,0.8339275834599358,0,0.6954352144553282
823541,676282,4,21,0.3008849557522124,5.5,0.6961432591442326,0,0.48461543725195416
823541,676282,4,21,0.3008849557522124,6.5,0.5315705367618068,0,0.2825672355532354
823541,676282,4,21,0.3008849557522124,7.5,0.3679855586801005,0,0.13541337139710571
823541,676282,4,21,0.3008849557522124,8.5,0.22984554900906787,0,0.05282897639927982
822890,676282,7,25,0.2927927927927928,3.5,0.9107770478027155,1,0.007960735198798913
822890,676282,7,25,0.2927927927927928,4.5,0.803074829741213,1,0.03877952268145224
822890,676282,7,25,0.2927927927927928,5.5,0.6514237353733938,1,0.12150541226103778
822890,676282,7,25,0.2927927927927928,6.5,0.4795386520152721,1,0.27088001474608
822890,676282,7,25,0.2927927927927928,7.5,0.31809530426883703,0,0.10118462259788401
822890,676282,7,25,0.2927927927927928,8.5,0.18968561154968216,0,0.03598063122897691
824426,676282,4,21,0.3008849557522124,3.5,0.9272077020040931,1,0.005298718647524915
824426,676282,4,21,0.3008849557522124,4.5,0.8339275834599358,0,0.6954352144553282
824426,676282,4,21,0.3008849557522124,5.5,0.6961432591442326,0,0.48461543725195416
824426,676282,4,21,0.3008849557522124,6.5,0.5315705367618068,0,0.2825672355532354
824426,676282,4,21,0.3008849557522124,7.5,0.3679855586801005,0,0.13541337139710571
824426,676282,4,21,0.3008849557522124,8.5,0.22984554900906787,0,0.05282897639927982
824180,676282,9,28,0.2876712328767123,3.5,0.9007546548646,1,0.009849638531044655
824180,676282,9,28,0.2876712328767123,4.5,0.7843718748420903,1,0.04649548835911519
824180,676282,9,28,0.2876712328767123,5.5,0.6241016027019577,1,0.14129960509123687
824180,676282,9,28,0.2876712328767123,6.5,0.4469934338578131,1,0.3058162621963729
824180,676282,9,28,0.2876712328767123,7.5,0.2856252538077617,1,0.5103312779972249
824180,676282,9,28,0.2876712328767123,8.5,0.16206173629403,1,0.7021405337825758
824423,676282,9,20,0.2775330396475771,3.5,0.8955798502189859,1,0.01090356768028942
824423,676282,9,20,0.2775330396475771,4.5,0.7780744213266511,1,0.049250962469500795
824423,676282,9,20,0.2775330396475771,5.5,0.6193467970069952,1,0.1448968609488337
824423,676282,9,20,0.2775330396475771,6.5,0.44593285485043704,1,0.3069904013341868
824423,676282,9,20,0.2775330396475771,7.5,0.28838508515478606,1,0.5063957870301612
824423,676282,9,20,0.2775330396475771,8.5,0.16698580057490126,1,0.6939126564438383
824419,676282,4,23,0.30357142857142855,3.5,0.9274442579000673,1,0.0052643357116719395
824419,676282,4,23,0.30357142857142855,4.5,0.8339006282190344,0,0.6953902577441002
824419,676282,4,23,0.30357142857142855,5.5,0.6956102584494326,0,0.4838736316600864
824419,676282,4,23,0.30357142857142855,6.5,0.5306621245873999,0,0.28160229047161317
824419,676282,4,23,0.30357142857142855,7.5,0.3671678260778549,0,0.13481221250673792
824419,676282,4,23,0.30357142857142855,8.5,0.22952945726809257,0,0.05268377175378513
823687,676282,7,25,0.2927927927927928,3.5,0.9107770478027155,1,0.007960735198798913
823687,676282,7,25,0.2927927927927928,4.5,0.803074829741213,1,0.03877952268145224
823687,676282,7,25,0.2927927927927928,5.5,0.6514237353733938,1,0.12150541226103778
823687,676282,7,25,0.2927927927927928,6.5,0.4795386520152721,1,0.27088001474608
823687,676282,7,25,0.2927927927927928,7.5,0.31809530426883703,0,0.10118462259788401
823687,676282,7,25,0.2927927927927928,8.5,0.18968561154968216,0,0.03598063122897691
823842,676282,9,22,0.28,3.5,0.8948468450231704,1,0.011057186001581154
823842,676282,9,22,0.28,4.5,0.7768316657802027,1,0.04980410539843916
823842,676282,9,22,0.28,5.5,0.6180122657455143,1,0.1459146291208756
823842,676282,9,22,0.28,6.5,0.44516178684119784,1,0.3078454427812523
823842,676282,9,22,0.28,7.5,0.28854409767450967,1,0.5061695009537776
823842,676282,9,22,0.28,8.5,0.16789444153687258,1,0.6923996604252332
824411,676282,7,25,0.2927927927927928,3.5,0.9107770478027155,1,0.007960735198798913
824411,676282,7,25,0.2927927927927928,4.5,0.803074829741213,1,0.03877952268145224
824411,676282,7,25,0.2927927927927928,5.5,0.6514237353733938,1,0.12150541226103778
824411,676282,7,25,0.2927927927927928,6.5,0.4795386520152721,1,0.27088001474608
824411,676282,7,25,0.2927927927927928,7.5,0.31809530426883703,0,0.10118462259788401
824411,676282,7,25,0.2927927927927928,8.5,0.18968561154968216,0,0.03598063122897691
822952,676282,4,20,0.29955947136563876,3.5,0.9277065268634965,1,0.005226346258138349
822952,676282,4,20,0.29955947136563876,4.5,0.834794754871591,0,0.6968822827611197
822952,676282,4,20,0.29955947136563876,5.5,0.6971438147596527,0,0.48600949845764096
822952,676282,4,20,0.29955947136563876,6.5,0.5322584554836807,0,0.2832990634338733
822952,676282,4,20,0.29955947136563876,7.5,0.3680323532715664,0,0.13544781305460707
822952,676282,4,20,0.29955947136563876,8.5,0.22928373738072655,0,0.05257103222727398
824487,676282,8,17,0.2782608695652174,3.5,0.9078729672509591,1,0.00848739016314285
824487,676282,8,17,0.2782608695652174,4.5,0.796043197062406,1,0.04159837746452455
824487,676282,8,17,0.2782608695652174,5.5,0.639161958711315,1,0.13020409204105476
824487,676282,8,17,0.2782608695652174,6.5,0.4630937196405376,1,0.28826835388943367
824487,676282,8,17,0.2782608695652174,7.5,0.30040109544922333,1,0.48943862724864673
824487,676282,8,17,0.2782608695652174,8.5,0.17395428932455145,0,0.030260094774409756
822891,676440,3,27,0.16818181818181818,3.5,0.6003681594735155,0,0.3604419269096166
822891,676440,3,27,0.16818181818181818,4.5,0.3944529317773522,0,0.15559311538774845
822891,676440,3,27,0.16818181818181818,5.5,0.224254702329199,0,0.05029017151675765
822891,676440,3,27,0.16818181818181818,6.5,0.11043669864458697,0,0.012196264407515317
822891,676440,3,27,0.16818181818181818,7.5,0.04725521695874713,0,0.0022330555298182625
822891,676440,3,27,0.16818181818181818,8.5,0.017628505852408504,0,0.0003107642185884009
824425,676440,8,25,0.14414414414414414,3.5,0.48132010385385127,1,0.26902883466617966
824425,676440,8,25,0.14414414414414414,4.5,0.28138000500538046,1,0.5164146972060669
824425,676440,8,25,0.14414414414414414,5.5,0.14058599031031124,1,0.7385924400509084
824425,676440,8,25,0.14414414414414414,6.5,0.060329597197845246,1,0.8829804659023638
824425,676440,8,25,0.14414414414414414,7.5,0.02235689789094983,1,0.9557860351014067
824425,676440,8,25,0.14414414414414414,8.5,0.007188741684047832,0,5.167800699996685e-05
824179,676440,7,22,0.14666666666666667,3.5,0.5066778248853171,1,0.24336676845988187
824179,676440,7,22,0.14666666666666667,4.5,0.3035730995692702,1,0.48501042764355357
824179,676440,7,22,0.14666666666666667,5.5,0.15555210858015345,1,0.713092241323425
824179,676440,7,22,0.14666666666666667,6.5,0.06841376137539573,1,0.8678529199947382
824179,676440,7,22,0.14666666666666667,7.5,0.025946660705297227,0,0.0006732292017558152
824179,676440,7,22,0.14666666666666667,8.5,0.008523188861762392,0,7.264474837327049e-05
824583,676440,3,21,0.16371681415929204,3.5,0.6012750575696578,0,0.3615316948553953
824583,676440,3,21,0.16371681415929204,4.5,0.39489515173020334,0,0.15594218086002032
824583,676440,3,21,0.16371681415929204,5.5,0.22399295063901303,0,0.05017284193597133
824583,676440,3,21,0.16371681415929204,6.5,0.10975768105849859,0,0.0120467485513391
824583,676440,3,21,0.16371681415929204,7.5,0.04657887530426126,0,0.0021695916246099196
824583,676440,3,21,0.16371681415929204,8.5,0.01717342603857592,0,0.0002949265619024374
824418,676440,2,26,0.17194570135746606,3.5,0.621858084840412,0,0.38670747768138514
824418,676440,2,26,0.17194570135746606,4.5,0.41742056477694905,0,0.17423992789870713
824418,676440,2,26,0.17194570135746606,5.5,0.24331593573164859,0,0.059202644580967745
824418,676440,2,26,0.17194570135746606,6.5,0.12319355066694122,0,0.015176650925928214
824418,676440,2,26,0.17194570135746606,7.5,0.0543117176091188,0,0.0029497626696526652
824418,676440,2,26,0.17194570135746606,8.5,0.020909070347092495,0,0.0004371892227796627
824413,676440,1,19,0.17105263157894737,3.5,0.6463443736417426,0,0.4177610493383365
824413,676440,1,19,0.17105263157894737,4.5,0.44081818549774693,0,0.19432067266552602
824413,676440,1,19,0.17105263157894737,5.5,0.260365038574513,0,0.06778995331190764
824413,676440,1,19,0.17105263157894737,6.5,0.13303598380456325,0,0.017698572986848016
824413,676440,1,19,0.17105263157894737,7.5,0.05892694233317709,0,0.0034723845327375787
824413,676440,1,19,0.17105263157894737,8.5,0.0226960421369145,0,0.0005151103286805985
823844,676440,3,27,0.16818181818181818,3.5,0.6003681594735155,0,0.3604419269096166
823844,676440,3,27,0.16818181818181818,4.5,0.3944529317773522,0,0.15559311538774845
823844,676440,3,27,0.16818181818181818,5.5,0.224254702329199,0,0.05029017151675765
823844,676440,3,27,0.16818181818181818,6.5,0.11043669864458697,0,0.012196264407515317
823844,676440,3,27,0.16818181818181818,7.5,0.04725521695874713,0,0.0022330555298182625
823844,676440,3,27,0.16818181818181818,8.5,0.017628505852408504,0,0.0003107642185884009
824410,676440,5,25,0.15765765765765766,3.5,0.5541566496317266,1,0.19877629306760697
824410,676440,5,25,0.15765765765765766,4.5,0.3487841508980427,1,0.4240820821215832
824410,676440,5,25,0.15765765765765766,5.5,0.189116442869421,0,0.03576502896358298
824410,676440,5,25,0.15765765765765766,6.5,0.08856138136528266,0,0.007843118269327034
824410,676440,5,25,0.15765765765765766,7.5,0.035956349165235976,0,0.001292859045292366
824410,676440,5,25,0.15765765765765766,8.5,0.01270401592254586,0,0.00016139202056029875
822948,676440,5,28,0.1598173515981735,3.5,0.5550446863887103,1,0.19798523111092117
822948,676440,5,28,0.1598173515981735,4.5,0.34849176573432916,1,0.4244629793159722
822948,676440,5,28,0.1598173515981735,5.5,0.18804858359737697,0,0.03536226979297968
822948,676440,5,28,0.1598173515981735,6.5,0.08742068675379074,0,0.007642376472504403
822948,676440,5,28,0.1598173515981735,7.5,0.035150790362269826,0,0.0012355780630922413
822948,676440,5,28,0.1598173515981735,8.5,0.012272053842407534,0,0.00015060330551094951
824407,676440,3,27,0.16818181818181818,3.5,0.6003681594735155,0,0.3604419269096166
824407,676440,3,27,0.16818181818181818,4.5,0.3944529317773522,0,0.15559311538774845
824407,676440,3,27,0.16818181818181818,5.5,0.224254702329199,0,0.05029017151675765
824407,676440,3,27,0.16818181818181818,6.5,0.11043669864458697,0,0.012196264407515317
824407,676440,3,27,0.16818181818181818,7.5,0.04725521695874713,0,0.0022330555298182625
824407,676440,3,27,0.16818181818181818,8.5,0.017628505852408504,0,0.0003107642185884009
823284,676664,5,25,0.18018018018018017,3.5,0.4288334671387326,1,0.32623120826076124
823284,676664,5,25,0.18018018018018017,4.5,0.2419124298233318,1,0.5746967640563648
823284,676664,5,25,0.18018018018018017,5.5,0.11777370870309087,0,0.013870646461680501
823284,676664,5,25,0.18018018018018017,6.5,0.04992142033018115,0,0.0024921482077826236
823284,676664,5,25,0.18018018018018017,7.5,0.018587788541554042,0,0.0003455058828655277
823284,676664,5,25,0.18018018018018017,8.5,0.006123681795432656,0,3.749947873171332e-05
824661,676664,4,25,0.1891891891891892,3.5,0.4658725278074675,1,0.2852921565507845
824661,676664,4,25,0.1891891891891892,4.5,0.27345907965617505,0,0.07477986824640229
824661,676664,4,25,0.1891891891891892,5.5,0.13901033378551733,0,0.019323872899160943
824661,676664,4,25,0.1891891891891892,6.5,0.06166776279510045,0,0.0038029129681527753
824661,676664,4,25,0.1891891891891892,7.5,0.024071977390548647,0,0.0005794600954910853
824661,676664,4,25,0.1891891891891892,8.5,0.008326556501229732,0,6.933154316817112e-05
823931,676664,5,17,0.16806722689075632,3.5,0.42955942226116195,1,0.32540245273101936
823931,676664,5,17,0.16806722689075632,4.5,0.24636543083107618,1,0.5679650638464294
823931,676664,5,17,0.16806722689075632,5.5,0.12237756700236645,0,0.014976268905418689
823931,676664,5,17,0.16806722689075632,6.5,0.05283375160321276,0,0.0027914053084699872
823931,676664,5,17,0.16806722689075632,7.5,0.01989203442999763,0,0.0003956930337642112
823931,676664,5,17,0.16806722689075632,8.5,0.006547910411036457,0,4.2875130750959625e-05
823278,676664,3,19,0.18803418803418803,3.5,0.4989469569928777,0,0.24894806589245258
823278,676664,3,19,0.18803418803418803,4.5,0.3094404614720575,0,0.09575339919603991
823278,676664,3,19,0.18803418803418803,5.5,0.1686393304389712,0,0.028439223770904517
823278,676664,3,19,0.18803418803418803,6.5,0.08092055965757988,0,0.006548136975295945
823278,676664,3,19,0.18803418803418803,7.5,0.03422017195445853,0,0.00117102016859271
823278,676664,3,19,0.18803418803418803,8.5,0.01274930053269874,0,0.00016254466407307236
824898,676664,3,18,0.1864406779661017,3.5,0.49994316958955665,0,0.24994317281925219
824898,676664,3,18,0.1864406779661017,4.5,0.30987448517709154,0,0.09602219656376752
824898,676664,3,18,0.1864406779661017,5.5,0.1683056526647682,0,0.0283267927189136
824898,676664,3,18,0.1864406779661017,6.5,0.0802144119887016,0,0.006434351890693156
824898,676664,3,18,0.1864406779661017,7.5,0.033585684210686244,0,0.0011279981838999392
824898,676664,3,18,0.1864406779661017,8.5,0.012360186980550674,0,0.00015277422219417438
823841,676664,3,12,0.1774193548387097,3.5,0.5043290327574684,0,0.2543477732820837
823841,676664,3,12,0.1774193548387097,4.5,0.30200013024406636,0,0.09120407866743305
823841,676664,3,12,0.1774193548387097,5.5,0.15576260529865804,0,0.024261989209425534
823841,676664,3,12,0.1774193548387097,6.5,0.06974828515469145,0,0.004864823282020151
823841,676664,3,12,0.1774193548387097,7.5,0.027314396090368964,0,0.0007460762337815634
823841,676664,3,12,0.1774193548387097,8.5,0.009398730872547494,0,8.833614201457737e-05
823271,676664,2,20,0.19827586206896552,3.5,0.5321128938819247,0,0.2831441318353965
823271,676664,2,20,0.19827586206896552,4.5,0.34079158283518457,0,0.11613890293131046
823271,676664,2,20,0.19827586206896552,5.5,0.1929110465714574,0,0.03721467188929501
823271,676664,2,20,0.19827586206896552,6.5,0.09676159097035497,0,0.009362805487114281
823271,676664,2,20,0.19827586206896552,7.5,0.04304726090838322,0,0.001853066671714418
823271,676664,2,20,0.19827586206896552,8.5,0.016968612105351874,0,0.00028793379678189414
823291,676760,3,10,0.12195121951219512,3.5,0.02848885549997548,0,0.0008116148876984833
823291,676760,3,10,0.12195121951219512,4.5,0.004846878867806003,0,2.34922347591844e-05
823291,676760,3,10,0.12195121951219512,5.5,0.000599652460159102,0,3.595830729748634e-07
823291,676760,3,10,0.12195121951219512,6.5,5.367046451013702e-05,0,2.8805187607338773e-09
823291,676760,3,10,0.12195121951219512,7.5,3.397882735339961e-06,0,1.1545607083121377e-11
823291,676760,3,10,0.12195121951219512,8.5,1.448139347681937e-07,0,2.097107570304666e-14
823283,676760,1,11,0.175,3.5,0.08217802478504171,0,0.00675322775757093
823283,676760,1,11,0.175,4.5,0.01970954709465833,0,0.00038846624667655463
823283,676760,1,11,0.175,5.5,0.003433610220005537,0,1.1789679142926472e-05
823283,676760,1,11,0.175,6.5,0.00042991030541736434,0,1.8482287070405147e-07
823283,676760,1,11,0.175,7.5,3.766819611699579e-05,0,1.4188929987084567e-09
823283,676760,1,11,0.175,8.5,2.1898711617678378e-06,0,4.79553570514242e-12
824661,676760,1,11,0.175,3.5,0.08217802478504171,0,0.00675322775757093
824661,676760,1,11,0.175,4.5,0.01970954709465833,0,0.00038846624667655463
824661,676760,1,11,0.175,5.5,0.003433610220005537,0,1.1789679142926472e-05
824661,676760,1,11,0.175,6.5,0.00042991030541736434,0,1.8482287070405147e-07
824661,676760,1,11,0.175,7.5,3.766819611699579e-05,0,1.4188929987084567e-09
824661,676760,1,11,0.175,8.5,2.1898711617678378e-06,0,4.79553570514242e-12
823355,676760,1,9,0.16666666666666666,3.5,0.08264828918567634,0,0.006830739705319184
823355,676760,1,9,0.16666666666666666,4.5,0.01998412302441616,0,0.00039936517305500007
823355,676760,1,9,0.16666666666666666,5.5,0.0035234740162830864,0,1.2414869143422064e-05
823355,676760,1,9,0.16666666666666666,6.5,0.00044840771806042444,0,2.0106948161615708e-07
823355,676760,1,9,0.16666666666666666,7.5,4.012160451489436e-05,0,1.6097431488495914e-09
823355,676760,1,9,0.16666666666666666,8.5,2.3939003518264464e-06,0,5.7307588944747836e-12
824483,676760,2,10,0.14634146341463414,3.5,0.05151405874104422,0,0.0026536982479757544
824483,676760,2,10,0.14634146341463414,4.5,0.010646260568084487,0,0.00011334286408355062
824483,676760,2,10,0.14634146341463414,5.5,0.0016065728533083876,0,2.581076332987454e-06
824483,676760,2,10,0.14634146341463414,6.5,0.00017583786878376105,0,3.091895609841517e-08
824483,676760,2,10,0.14634146341463414,7.5,1.3636968918415152e-05,0,1.8596692128182093e-10
824483,676760,2,10,0.14634146341463414,8.5,7.128865882879355e-07,0,5.082072877608126e-13
822730,676917,6,23,0.251063829787234,3.5,0.8011023251113673,1,0.03956028507610425
822730,676917,6,23,0.251063829787234,4.5,0.6374847698748047,1,0.1314172920727233
822730,676917,6,23,0.251063829787234,5.5,0.454716005531413,1,0.29733463462361803
822730,676917,6,23,0.251063829787234,6.5,0.28800520909241023,0,0.08294700046436293
822730,676917,6,23,0.251063829787234,7.5,0.16103382912213246,0,0.025931894121736156
822730,676917,6,23,0.251063829787234,8.5,0.07918798136009514,0,0.0062707363918867755
825074,676917,2,22,0.2669491525423729,3.5,0.8411636680579151,0,0.7075563164606463
825074,676917,2,22,0.2669491525423729,4.5,0.6958946895330022,0,0.48426941892023345
825074,676917,2,22,0.2669491525423729,5.5,0.5215223429981981,0,0.2719855542463302
825074,676917,2,22,0.2669491525423729,6.5,0.35005705495980427,0,0.12253994172713142
825074,676917,2,22,0.2669491525423729,7.5,0.20881885103642836,0,0.043605312548174055
825074,676917,2,22,0.2669491525423729,8.5,0.11009421188971881,0,0.012120735491618302
822725,676917,5,20,0.25210084033613445,3.5,0.8116760422407436,1,0.035465913066110175
822725,676917,5,20,0.25210084033613445,4.5,0.6531462569718789,1,0.12030751905261787
822725,676917,5,20,0.25210084033613445,5.5,0.4724359805593237,0,0.22319575572704967
822725,676917,5,20,0.25210084033613445,6.5,0.3038865991824791,0,0.09234706516269273
822725,676917,5,20,0.25210084033613445,7.5,0.17257919340483777,0,0.0297835779962644
822725,676917,5,20,0.25210084033613445,8.5,0.08610716562516843,0,0.0074144439720001875
822967,676917,1,16,0.2644628099173554,3.5,0.8562402119950563,0,0.7331473006373389
822967,676917,1,16,0.2644628099173554,4.5,0.7156453672383416,0,0.5121482916497008
822967,676917,1,16,0.2644628099173554,5.5,0.5406432022578804,0,0.29229507214765543
822967,676917,1,16,0.2644628099173554,6.5,0.3641150216543066,0,0.13257974899431615
822967,676917,1,16,0.2644628099173554,7.5,0.21669842235891,0,0.04695820625284054
822967,676917,1,16,0.2644628099173554,8.5,0.11335563539837906,0,0.012849500076570248
822717,676917,7,25,0.24892703862660945,3.5,0.7917219113651764,1,0.04337976220537542
822717,676917,7,25,0.24892703862660945,4.5,0.623302879120047,1,0.1419007208792459
822717,676917,7,25,0.24892703862660945,5.5,0.4379871203919832,1,0.3158584768452952
822717,676917,7,25,0.24892703862660945,6.5,0.27209037253128615,1,0.5298524257616417
822717,676917,7,25,0.24892703862660945,7.5,0.14856804821459144,0,0.022072464950293167
822717,676917,7,25,0.24892703862660945,8.5,0.07103747075480626,0,0.005046322251239956
824742,676917,13,23,0.22127659574468084,3.5,0.7111036859712738,1,0.08346108025938437
824742,676917,13,23,0.22127659574468084,4.5,0.5204630936669161,1,0.22995564453550485
824742,676917,13,23,0.22127659574468084,5.5,0.3354493701843507,1,0.44162753958837614
824742,676917,13,23,0.22127659574468084,6.5,0.18934001781238494,1,0.6571696067204243
824742,676917,13,23,0.22127659574468084,7.5,0.09335126628421427,1,0.8220119263484377
824742,676917,13,23,0.22127659574468084,8.5,0.04015733151585894,1,0.9212979482427567
822715,676917,3,15,0.2551440329218107,3.5,0.8403854032190066,0,0.7062476259435723
822715,676917,3,15,0.2551440329218107,4.5,0.6889602420918441,0,0.47466621518325247
822715,676917,3,15,0.2551440329218107,5.5,0.5067702863195205,0,0.25681612309636875
822715,676917,3,15,0.2551440329218107,6.5,0.33032017140950926,0,0.10911141564000758
822715,676917,3,15,0.2551440329218107,7.5,0.18944383388008307,0,0.03588896619518451
822715,676917,3,15,0.2551440329218107,8.5,0.09523170665239122,0,0.009069077951927094
822708,676917,5,21,0.25316455696202533,3.5,0.8113582856531947,1,0.0355856963917017
822708,676917,5,21,0.25316455696202533,4.5,0.6526552826042529,1,0.12064835270273144
822708,676917,5,21,0.25316455696202533,5.5,0.47204472879423653,0,0.22282622598242433
822708,676917,5,21,0.25316455696202533,6.5,0.3038265743879182,0,0.0923105873042972
822708,676917,5,21,0.25316455696202533,7.5,0.17283602728904077,0,0.029872292329058043
822708,676917,5,21,0.25316455696202533,8.5,0.08648799333717537,0,0.007480172991491291
824981,676917,9,21,0.23628691983122363,3.5,0.7651375038388937,1,0.05516039210302568
824981,676917,9,21,0.23628691983122363,4.5,0.5893858136456859,1,0.16860401003541542
824981,676917,9,21,0.23628691983122363,5.5,0.40404832999327556,1,0.3551583929838038
824981,676917,9,21,0.23628691983122363,6.5,0.24447320681067783,1,0.5708207352269408
824981,676917,9,21,0.23628691983122363,7.5,0.12989840298704747,1,0.7570767891244905
824981,676917,9,21,0.23628691983122363,8.5,0.06041794407824691,1,0.8828144398101485
824327,676917,8,24,0.24358974358974358,3.5,0.7787297003586476,1,0.04896054550337386
824327,676917,8,24,0.24358974358974358,4.5,0.6062633268669626,1,0.15502856776987234
824327,676917,8,24,0.24358974358974358,5.5,0.42061849991032746,1,0.3356829226461592
824327,676917,8,24,0.24358974358974358,6.5,0.2578458106965362,1,0.5507928407006816
824327,676917,8,24,0.24358974358974358,7.5,0.13897398783599624,1,0.7413657936230471
824327,676917,8,24,0.24358974358974358,8.5,0.06566587737129537,0,0.004312007450942001
822703,676917,3,25,0.26609442060085836,3.5,0.8342788963240458,0,0.696021276851668
822703,676917,3,25,0.26609442060085836,4.5,0.6840546134644612,0,0.4679307142020134
822703,676917,3,25,0.26609442060085836,5.5,0.5058225641084325,0,0.25585646636122933
822703,676917,3,25,0.26609442060085836,6.5,0.33343887257012306,0,0.11118148174083477
822703,676917,3,25,0.26609442060085836,7.5,0.19445594739349487,0,0.037813115476701645
822703,676917,3,25,0.26609442060085836,8.5,0.09979968124584311,0,0.009959976376771889
824891,676917,3,23,0.26382978723404255,3.5,0.8322399747984577,0,0.6926233756525375
824891,676917,3,23,0.26382978723404255,4.5,0.6821659089719324,0,0.4653503273635028
824891,676917,3,23,0.26382978723404255,5.5,0.5050255636749268,0,0.25505081996517753
824891,676917,3,23,0.26382978723404255,6.5,0.334042656641628,0,0.1115844964561966
824891,676917,3,23,0.26382978723404255,7.5,0.19599966478661138,0,0.03841586859646403
824891,676917,3,23,0.26382978723404255,8.5,0.10152115698371403,0,0.010306545315311907
824669,676962,5,19,0.15555555555555556,3.5,0.4722825575279187,1,0.27848569908927445
824669,676962,5,19,0.15555555555555556,4.5,0.26582308690416895,1,0.5390157397229235
824669,676962,5,19,0.15555555555555556,5.5,0.12506286482708617,0,0.015640720158758028
824669,676962,5,19,0.15555555555555556,6.5,0.049352993535813634,0,0.0024357179709460623
824669,676962,5,19,0.15555555555555556,7.5,0.016412720387056316,0,0.00026937739050369406
824669,676962,5,19,0.15555555555555556,8.5,0.004619436963957345,0,2.1339197863975452e-05
823213,676962,3,23,0.21951219512195122,3.5,0.6852859327244012,0,0.4696168095899525
823213,676962,3,23,0.21951219512195122,4.5,0.47788434321290835,0,0.2283734454880328
823213,676962,3,23,0.21951219512195122,5.5,0.2863371591319679,0,0.08198896869976591
823213,676962,3,23,0.21951219512195122,6.5,0.14666849116864136,0,0.021511646301685828
823213,676962,3,23,0.21951219512195122,7.5,0.06417739340760907,0,0.004118737824595024
823213,676962,3,23,0.21951219512195122,8.5,0.024010684273809115,0,0.0005765129592965444
824663,676962,4,22,0.19047619047619047,3.5,0.5828198163015648,1,0.17403930567066017
824663,676962,4,22,0.19047619047619047,4.5,0.3704600088286898,0,0.1372406181413529
824663,676962,4,22,0.19047619047619047,5.5,0.20076260933095624,0,0.04030562530537416
824663,676962,4,22,0.19047619047619047,6.5,0.09284518138536685,0,0.008620227706481671
824663,676962,4,22,0.19047619047619047,7.5,0.03676347814917037,0,0.0013515533256245275
824663,676962,4,22,0.19047619047619047,8.5,0.01250768191481221,0,0.00015644210688212044
822727,676974,7,24,0.24539877300613497,3.5,0.8354850677134675,1,0.027065162945242364
822727,676974,7,24,0.24539877300613497,4.5,0.6901969164406023,1,0.09597795058291114
822727,676974,7,24,0.24539877300613497,5.5,0.5177266183015767,1,0.23258761469483305
822727,676974,7,24,0.24539877300613497,6.5,0.3489936716416957,1,0.42380923956256034
822727,676974,7,24,0.24539877300613497,7.5,0.21001350859042447,0,0.04410567379046029
822727,676974,7,24,0.24539877300613497,8.5,0.11236965417183495,0,0.012626939178697784
823858,676974,5,25,0.25925925925925924,3.5,0.8632884830855053,1,0.018690038857062163
823858,676974,5,25,0.25925925925925924,4.5,0.731914587764099,1,0.07186978825369297
823858,676974,5,25,0.25925925925925924,5.5,0.5673651784662654,0,0.3219032457360572
823858,676974,5,25,0.25925925925925924,6.5,0.3975084020906905,0,0.15801292973269407
823858,676974,5,25,0.25925925925925924,7.5,0.2497956244749557,0,0.06239785400683309
823858,676974,5,25,0.25925925925925924,8.5,0.14011652833103197,0,0.019632641511540885
823368,676974,9,28,0.2389937106918239,3.5,0.809838612385358,1,0.03616135333952611
823368,676974,9,28,0.2389937106918239,4.5,0.649820230917448,1,0.12262587067470944
823368,676974,9,28,0.2389937106918239,5.5,0.4678047546903858,1,0.2832317791301604
823368,676974,9,28,0.2389937106918239,6.5,0.29888965233196646,1,0.49155571960719097
823368,676974,9,28,0.2389937106918239,7.5,0.1683207829403473,1,0.691690320088957
823368,676974,9,28,0.2389937106918239,8.5,0.08318066393911586,1,0.8405576949751205
823854,676974,7,23,0.24390243902439024,3.5,0.8352480527100633,1,0.02714320413582608
823854,676974,7,23,0.24390243902439024,4.5,0.6902932943928639,1,0.09591824349802526
823854,676974,7,23,0.24390243902439024,5.5,0.5181396805510996,1,0.23218936745939633
823854,676974,7,23,0.24390243902439024,6.5,0.3494562163159458,1,0.4232072144899655
823854,676974,7,23,0.24390243902439024,7.5,0.2102772481408043,0,0.04421652108566939
823854,676974,7,23,0.24390243902439024,8.5,0.11238621438980528,0,0.012630661184871276
823039,676974,5,25,0.25925925925925924,3.5,0.8632884830855053,1,0.018690038857062163
823039,676974,5,25,0.25925925925925924,4.5,0.731914587764099,1,0.07186978825369297
823039,676974,5,25,0.25925925925925924,5.5,0.5673651784662654,0,0.3219032457360572
823039,676974,5,25,0.25925925925925924,6.5,0.3975084020906905,0,0.15801292973269407
823039,676974,5,25,0.25925925925925924,7.5,0.2497956244749557,0,0.06239785400683309
823039,676974,5,25,0.25925925925925924,8.5,0.14011652833103197,0,0.019632641511540885
824337,676974,5,25,0.25925925925925924,3.5,0.8632884830855053,1,0.018690038857062163
824337,676974,5,25,0.25925925925925924,4.5,0.731914587764099,1,0.07186978825369297
824337,676974,5,25,0.25925925925925924,5.5,0.5673651784662654,0,0.3219032457360572
824337,676974,5,25,0.25925925925925924,6.5,0.3975084020906905,0,0.15801292973269407
824337,676974,5,25,0.25925925925925924,7.5,0.2497956244749557,0,0.06239785400683309
824337,676974,5,25,0.25925925925925924,8.5,0.14011652833103197,0,0.019632641511540885
823847,676974,4,21,0.25903614457831325,3.5,0.8752747885670391,1,0.015556378366996798
823847,676974,4,21,0.25903614457831325,4.5,0.7521904404205394,0,0.5657904586600451
823847,676974,4,21,0.25903614457831325,5.5,0.5934335833895021,0,0.35216341789450517
823847,676974,4,21,0.25903614457831325,6.5,0.42398788303241675,0,0.1797657249583103
823847,676974,4,21,0.25903614457831325,7.5,0.27159937300944226,0,0.07376621941912215
823847,676974,4,21,0.25903614457831325,8.5,0.1549312648628435,0,0.024003696832000567
823763,676974,5,16,0.24561403508771928,3.5,0.8783327486283159,1,0.014802920056340568
823763,676974,5,16,0.24561403508771928,4.5,0.7457500352928815,1,0.06464304455357099
823763,676974,5,16,0.24561403508771928,5.5,0.5728918681193074,0,0.32820509255722985
823763,676974,5,16,0.24561403508771928,6.5,0.3926849387786571,0,0.1542014611435977
823763,676974,5,16,0.24561403508771928,7.5,0.23838078248662462,0,0.05682539745893544
823763,676974,5,16,0.24561403508771928,8.5,0.12776145189305274,0,0.01632298858982083
824098,677865,2,12,0.2,3.5,0.12087388159999989,0,0.014610495253050792
824098,677865,2,12,0.2,4.5,0.03279349759999999,0,0.0010754134848412053
824098,677865,2,12,0.2,5.5,0.006369382400000004,0,4.056903215742981e-05
824098,677865,2,12,0.2,6.5,0.0008643584000000002,0,7.471154436505604e-07
824098,677865,2,12,0.2,7.5,7.79264e-05,0,6.07252381696e-09
824098,677865,2,12,0.2,8.5,4.198399999999997e-06,0,1.7626562559999973e-11
823041,677865,2,10,0.18181818181818182,3.5,0.1252704843214431,0,0.015692694242128925
823041,677865,2,10,0.18181818181818182,4.5,0.03653296725534695,0,0.0013346576964802525
823041,677865,2,10,0.18181818181818182,5.5,0.008041593178037853,0,6.466722084106494e-05
823041,677865,2,10,0.18181818181818182,6.5,0.0013348835509756256,0,1.7819140946652956e-06
823041,677865,2,10,0.18181818181818182,7.5,0.00016534249685256724,0,2.7338141265441208e-08
823041,677865,2,10,0.18181818181818182,8.5,1.4898177809891934e-05,0,2.2195570205515644e-10
824906,677865,2,10,0.18181818181818182,3.5,0.1252704843214431,0,0.015692694242128925
824906,677865,2,10,0.18181818181818182,4.5,0.03653296725534695,0,0.0013346576964802525
824906,677865,2,10,0.18181818181818182,5.5,0.008041593178037853,0,6.466722084106494e-05
824906,677865,2,10,0.18181818181818182,6.5,0.0013348835509756256,0,1.7819140946652956e-06
824906,677865,2,10,0.18181818181818182,7.5,0.00016534249685256724,0,2.7338141265441208e-08
824906,677865,2,10,0.18181818181818182,8.5,1.4898177809891934e-05,0,2.2195570205515644e-10
823542,677944,4,21,0.16666666666666666,3.5,0.5244816150904767,1,0.2261177343869615
823542,677944,4,21,0.16666666666666666,4.5,0.3209113806263196,0,0.10298411421549056
823542,677944,4,21,0.16666666666666666,5.5,0.16855769118589597,0,0.028411695257919874
823542,677944,4,21,0.16666666666666666,6.5,0.0761765700761013,0,0.005802869828559173
823542,677944,4,21,0.16666666666666666,7.5,0.02971314983342979,0,0.0008828712730238489
823542,677944,4,21,0.16666666666666666,8.5,0.010030869473085102,0,0.00010061834238607059
824429,677944,7,23,0.15168539325842698,3.5,0.44012554131598347,1,0.3134594094867205
824429,677944,7,23,0.15168539325842698,4.5,0.2464862397737673,1,0.5677829868502765
824429,677944,7,23,0.15168539325842698,5.5,0.11757346080923382,1,0.7786765970681928
824429,677944,7,23,0.15168539325842698,6.5,0.04803859577053727,1,0.9062305151425305
824429,677944,7,23,0.15168539325842698,7.5,0.01690265960421441,0,0.0002856999016959417
824429,677944,7,23,0.15168539325842698,8.5,0.005143224580996423,0,2.645275909056583e-05
823775,677944,4,22,0.16759776536312848,3.5,0.524192445968786,1,0.22639282847316664
823775,677944,4,22,0.16759776536312848,4.5,0.32079625381435484,0,0.10291023646132397
823775,677944,4,22,0.16759776536312848,5.5,0.16867202564074094,0,0.028450252233750768
823775,677944,4,22,0.16759776536312848,6.5,0.07639878672422061,0,0.005836774612932948
823775,677944,4,22,0.16759776536312848,7.5,0.02990827756910953,0,0.0008945050671509003
823775,677944,4,22,0.16759776536312848,8.5,0.010148009500887723,0,0.0001029820968301075
824177,677944,1,25,0.1875,3.5,0.6031084735187751,0,0.363739830830147
824177,677944,1,25,0.1875,4.5,0.3973244305267431,0,0.1578667030934007
824177,677944,1,25,0.1875,5.5,0.2266061603727285,0,0.051350351918870746
824177,677944,1,25,0.1875,6.5,0.11196028591070388,0,0.012535105621206558
824177,677944,1,25,0.1875,7.5,0.048037823928831797,0,0.0023076325278174447
824177,677944,1,25,0.1875,8.5,0.01794465905966368,0,0.0003220107887675697
824421,677944,4,24,0.1694915254237288,3.5,0.5242321873535813,1,0.22635501155035773
824421,677944,4,24,0.1694915254237288,4.5,0.32034506822524533,0,0.10262096273623708
824421,677944,4,24,0.1694915254237288,5.5,0.16813585592407745,0,0.02826966604732213
824421,677944,4,24,0.1694915254237288,6.5,0.07605299593498442,0,0.005784058190686757
824421,677944,4,24,0.1694915254237288,7.5,0.029767789754711154,0,0.0008861213068806864
824421,677944,4,24,0.1694915254237288,8.5,0.010117180867179073,0,0.0001023573486992143
824416,677944,3,25,0.17613636363636365,3.5,0.5515602183484394,0,0.3042186744645781
824416,677944,3,25,0.17613636363636365,4.5,0.3456922829534113,0,0.11950315449354139
824416,677944,3,25,0.17613636363636365,5.5,0.18641020968401065,0,0.034748766274436814
824416,677944,3,25,0.17613636363636365,6.5,0.08669807469205829,0,0.007516556155309717
824416,677944,3,25,0.17613636363636365,7.5,0.03490493176222343,0,0.0012183542613254741
824416,677944,3,25,0.17613636363636365,8.5,0.012205494942959957,0,0.0001489741068026211
823684,677944,4,17,0.16304347826086957,3.5,0.5264541242092989,1,0.22424569647838208
823684,677944,4,17,0.16304347826086957,4.5,0.31937123081924906,0,0.10199798307500206
823684,677944,4,17,0.16304347826086957,5.5,0.1651927610203249,0,0.027288648293518174
823684,677944,4,17,0.16304347826086957,6.5,0.07307045348092511,0,0.005339291171908041
823684,677944,4,17,0.16304347826086957,7.5,0.02776341263946057,0,0.0007708070813889589
823684,677944,4,17,0.16304347826086957,8.5,0.009100401673280953,0,8.281731061505477e-05
824408,677944,5,26,0.1657142857142857,3.5,0.4976380431519358,1,0.2523675356882163
824408,677944,5,26,0.1657142857142857,4.5,0.29463128610602424,1,0.49754502254044136
824408,677944,5,26,0.1657142857142857,5.5,0.14883971949908043,0,0.022153262100564942
824408,677944,5,26,0.1657142857142857,6.5,0.06439783617644294,0,0.004147081304207984
824408,677944,5,26,0.1657142857142857,7.5,0.023967471254149227,0,0.0005744396783184695
824408,677944,5,26,0.1657142857142857,8.5,0.007701447282063302,0,5.931229023840022e-05
824490,677944,2,18,0.17486338797814208,3.5,0.5793967332302711,0,0.3357005744779099
824490,677944,2,18,0.17486338797814208,4.5,0.37189058586969653,0,0.13830260785850612
824490,677944,2,18,0.17486338797814208,5.5,0.2052072589834287,0,0.04211001913949198
824490,677944,2,18,0.17486338797814208,6.5,0.09739139733606901,0,0.00948508427507207
824490,677944,2,18,0.17486338797814208,7.5,0.03985664615631563,0,0.0015885522428297494
824490,677944,2,18,0.17486338797814208,8.5,0.014106371652854027,0,0.00019898972120844366
824915,677952,5,25,0.2647058823529412,3.5,0.8792871866559879,1,0.014571583305426298
824915,677952,5,25,0.2647058823529412,4.5,0.7468414891765912,1,0.06408923160232599
824915,677952,5,25,0.2647058823529412,5.5,0.5736559361024336,0,0.32908113302555936
824915,677952,5,25,0.2647058823529412,6.5,0.39279177752872807,0,0.1542853804941778
824915,677952,5,25,0.2647058823529412,7.5,0.2378484391533836,0,0.056571880007700824
824915,677952,5,25,0.2647058823529412,8.5,0.12688627414833945,0,0.016100126567247554
823370,677952,4,22,0.26570048309178745,3.5,0.88742354656135,1,0.012673457868824525
823370,677952,4,22,0.26570048309178745,4.5,0.7611605304360325,0,0.5793653530936623
823370,677952,4,22,0.26570048309178745,5.5,0.5928946684917751,0,0.3515240879259719
823370,677952,4,22,0.26570048309178745,6.5,0.41329311015059184,0,0.17081119489794924
823370,677952,4,22,0.26570048309178745,7.5,0.255618421300568,0,0.06534077730819468
823370,677952,4,22,0.26570048309178745,8.5,0.13963418567358152,0,0.019497705808724237
824992,677952,7,25,0.2549019607843137,3.5,0.858345854807995,1,0.020065896850077643
824992,677952,7,25,0.2549019607843137,4.5,0.7134306960091963,1,0.08212196598977367
824992,677952,7,25,0.2549019607843137,5.5,0.5327759113860623,1,0.2182983489811247
824992,677952,7,25,0.2549019607843137,6.5,0.35289157853800346,1,0.41874930912703695
824992,677952,7,25,0.2549019607843137,7.5,0.20595137333781025,0,0.0424159681797301
824992,677952,7,25,0.2549019607843137,8.5,0.10561115932917513,0,0.011153716974852415
823367,677952,10,23,0.23786407766990292,3.5,0.8204073691964711,1,0.03225351303893265
823367,677952,10,23,0.23786407766990292,4.5,0.6573974192825238,1,0.11737652831427478
823367,677952,10,23,0.23786407766990292,5.5,0.4692452124430185,1,0.28170064451465665
823367,677952,10,23,0.23786407766990292,6.5,0.2953572796784964,1,0.4965213633020887
823367,677952,10,23,0.23786407766990292,7.5,0.16320530413161433,1,0.7002253630334639
823367,677952,10,23,0.23786407766990292,8.5,0.07906044389386017,1,0.848129666000974
823444,677952,8,24,0.24878048780487805,3.5,0.8459972079653085,1,0.023716859954480432
823444,677952,8,24,0.24878048780487805,4.5,0.6949140296947693,1,0.09307744927708408
823444,677952,8,24,0.24878048780487805,5.5,0.5115306934481743,1,0.23860226344322152
823444,677952,8,24,0.24878048780487805,6.5,0.3334867780729607,1,0.44423987500356277
823444,677952,8,24,0.24878048780487805,7.5,0.191458443676708,1,0.6537394483016913
823444,677952,8,24,0.24878048780487805,8.5,0.09658906744048235,0,0.009329447949022046
822716,677952,7,23,0.2524271844660194,3.5,0.8570326275893284,1,0.020439669574011658
822716,677952,7,23,0.2524271844660194,4.5,0.7121827773514927,1,0.08283875365310042
822716,677952,7,23,0.2524271844660194,5.5,0.5322633626343518,1,0.21877756193412387
822716,677952,7,23,0.2524271844660194,6.5,0.3533374506125118,1,0.41817245278032567
822716,677952,7,23,0.2524271844660194,7.5,0.2070093639434143,0,0.04285287676025695
822716,677952,7,23,0.2524271844660194,8.5,0.10673439459086669,0,0.011392230988678831
823357,677952,6,22,0.2560386473429952,3.5,0.8677999363846353,1,0.017476856819906482
823357,677952,6,22,0.2560386473429952,4.5,0.7292307311871358,1,0.07331599693345313
823357,677952,6,22,0.2560386473429952,5.5,0.5529408845343311,1,0.19986185272094628
823357,677952,6,22,0.2560386473429952,6.5,0.37330919060254564,0,0.13935975178832774
823357,677952,6,22,0.2560386473429952,7.5,0.22277182764718595,0,0.04962728719326752
823357,677952,6,22,0.2560386473429952,8.5,0.1170833223376677,0,0.013708504369626198
823522,677952,2,20,0.2727272727272727,3.5,0.9059178341167972,0,0.8206871221708688
823522,677952,2,20,0.2727272727272727,4.5,0.792149873427818,0,0.627501421971708
823522,677952,2,20,0.2727272727272727,5.5,0.6326150811925351,0,0.4002018409522377
823522,677952,2,20,0.2727272727272727,6.5,0.45379852579145485,0,0.20593310201049772
823522,677952,2,20,0.2727272727272727,7.5,0.2893637729148494,0,0.08373139307551652
823522,677952,2,20,0.2727272727272727,8.5,0.16303570578062337,0,0.02658064135938599
823354,677952,5,26,0.2660098522167488,3.5,0.8804543822464603,1,0.014291154724075418
823354,677952,5,26,0.2660098522167488,4.5,0.7482530328663329,1,0.06337653546099964
823354,677952,5,26,0.2660098522167488,5.5,0.5746803051759449,0,0.3302574531571172
823354,677952,5,26,0.2660098522167488,6.5,0.39293360854422615,0,0.15439682072358715
823354,677952,5,26,0.2660098522167488,7.5,0.23711817131831178,0,0.056225027169340254
823354,677952,5,26,0.2660098522167488,8.5,0.12571777204179657,0,0.01580495820715313
824485,677952,5,19,0.2571428571428571,3.5,0.8808254457481101,1,0.01420257438113666
824485,677952,5,19,0.2571428571428571,4.5,0.7486010879839329,1,0.06320141296286226
824485,677952,5,19,0.2571428571428571,5.5,0.5747877003051977,0,0.33038090042213775
824485,677952,5,19,0.2571428571428571,6.5,0.39273689945764334,0,0.15424227219560305
824485,677952,5,19,0.2571428571428571,7.5,0.2367563459438739,0,0.0560535673446953
824485,677952,5,19,0.2571428571428571,8.5,0.12538679522557578,0,0.015721848416940472
822892,677958,5,22,0.24257425742574257,3.5,0.8081275561984134,1,0.036815034690393024
822892,677958,5,22,0.24257425742574257,4.5,0.6451145109607432,1,0.12594371033063242
822892,677958,5,22,0.24257425742574257,5.5,0.4631487873648584,0,0.21450679923753885
822892,677958,5,22,0.24257425742574257,6.5,0.2981179271489189,0,0.0888742984875681
822892,677958,5,22,0.24257425742574257,7.5,0.1723756120764074,0,0.029713351638716086
822892,677958,5,22,0.24257425742574257,8.5,0.08983118958396248,0,0.008069642622069809
824101,677958,3,20,0.25,3.5,0.8342827885827175,0,0.6960277713253553
824101,677958,3,20,0.25,4.5,0.6824923646201705,0,0.46579582776483175
824101,677958,3,20,0.25,5.5,0.5044339770720331,0,0.2544536372247084
824101,677958,3,20,0.25,6.5,0.33494827022389484,0,0.11219034372597927
824101,677958,3,20,0.25,7.5,0.19977431577554178,0,0.03990977724358588
824101,677958,3,20,0.25,8.5,0.10724838104314738,0,0.011502215236376134
822888,677958,4,20,0.24509803921568626,3.5,0.8220400049210357,1,0.031669759848505
822888,677958,4,20,0.24509803921568626,4.5,0.664744975496564,0,0.4418858824479274
822888,677958,4,20,0.24509803921568626,5.5,0.48438737429212597,0,0.23463112837362013
822888,677958,4,20,0.24509803921568626,6.5,0.31649773451736485,0,0.10017081595462436
822888,677958,4,20,0.24509803921568626,7.5,0.18549526742245978,0,0.03440849423612987
822888,677958,4,20,0.24509803921568626,8.5,0.09774625976271231,0,0.009554331297599632
823851,677958,9,19,0.21951219512195122,3.5,0.7513582657581003,1,0.06182271200681949
823851,677958,9,19,0.21951219512195122,4.5,0.5686424981448394,1,0.18606929440672493
823851,677958,9,19,0.21951219512195122,5.5,0.38229749453184225,1,0.38155638526163943
823851,677958,9,19,0.21951219512195122,6.5,0.22797417818193955,1,0.5960238695538517
823851,677958,9,19,0.21951219512195122,7.5,0.12091389205732266,1,0.7727923851778047
823851,677958,9,19,0.21951219512195122,8.5,0.05726023309086296,1,0.8887582681118941
822795,677958,5,23,0.24378109452736318,3.5,0.8083614233491558,1,0.03672534406076147
822795,677958,5,23,0.24378109452736318,4.5,0.645047251937676,1,0.12599145335699566
822795,677958,5,23,0.24378109452736318,5.5,0.4627585881086014,0,0.2141455108682662
822795,677958,5,23,0.24378109452736318,6.5,0.29765292752976835,0,0.08859726526704154
822795,677958,5,23,0.24378109452736318,7.5,0.17210049464603638,0,0.029618580257410397
822795,677958,5,23,0.24378109452736318,8.5,0.0898142524753606,0,0.008066599947707817
822879,677958,4,18,0.24271844660194175,3.5,0.8250823007245105,1,0.03059620151983058
822879,677958,4,18,0.24271844660194175,4.5,0.6673693799031013,0,0.44538188923225
822879,677958,4,18,0.24271844660194175,5.5,0.4852182083288879,0,0.23543670969389607
822879,677958,4,18,0.24271844660194175,6.5,0.31529435949746115,0,0.09941053313091427
822879,677958,4,18,0.24271844660194175,7.5,0.18313710044899453,0,0.03353919756086511
822879,677958,4,18,0.24271844660194175,8.5,0.09535691753431273,0,0.009092941721645719
822875,677958,6,28,0.24489795918367346,3.5,0.8016391502481255,1,0.039347026714285735
822875,677958,6,28,0.24489795918367346,4.5,0.632152188129845,1,0.13531201269766097
822875,677958,6,28,0.24489795918367346,5.5,0.44430003773936855,1,0.3088024480564672
822875,677958,6,28,0.24489795918367346,6.5,0.2769816596108645,0,0.07671883976078882
822875,677958,6,28,0.24489795918367346,7.5,0.1534085865326394,0,0.02353419442194231
822875,677958,6,28,0.24489795918367346,8.5,0.07586019273065396,0,0.005754768841131964
822871,677958,6,21,0.23645320197044334,3.5,0.7947275770382438,1,0.04213676762859013
822871,677958,6,21,0.23645320197044334,4.5,0.6267540750195462,1,0.13931252051451457
822871,677958,6,21,0.23645320197044334,5.5,0.44334596523746156,1,0.3098637144174133
822871,677958,6,21,0.23645320197044334,6.5,0.2804859476010466,0,0.07867236680165707
822871,677958,6,21,0.23645320197044334,7.5,0.15899136810785136,0,0.025278255132806293
822871,677958,6,21,0.23645320197044334,8.5,0.080993537556735,0,0.006559953125954242
822868,677958,7,25,0.23618090452261306,3.5,0.7819275357564308,1,0.047555599661262764
822868,677958,7,25,0.23618090452261306,4.5,0.6077197664053282,1,0.15388378166909025
822868,677958,7,25,0.23618090452261306,5.5,0.42176087498392567,1,0.3343604856993552
822868,677958,7,25,0.23618090452261306,6.5,0.261086619224812,1,0.545992984288618
822868,677958,7,25,0.23618090452261306,7.5,0.14481412578837516,0,0.020971131027851343
822868,677958,7,25,0.23618090452261306,8.5,0.07241594122176433,0,0.005244068543034026
824163,677958,5,28,0.25,3.5,0.8153916240424738,1,0.03408025247367534
824163,677958,5,28,0.25,4.5,0.6514418945079835,1,0.1214927529041837
824163,677958,5,28,0.25,5.5,0.46516923759234374,0,0.21638241960224233
824163,677958,5,28,0.25,6.5,0.2951791817058252,0,0.08713074931252056
824163,677958,5,28,0.25,7.5,0.16661376289828467,0,0.027760145987125822
824163,677958,5,28,0.25,8.5,0.08403348927664074,0,0.007061627320007294
823538,677960,4,26,0.23857868020304568,3.5,0.7784197314539905,1,0.049097815408921705
823538,677960,4,26,0.23857868020304568,4.5,0.6105673128693903,0,0.3727924435445479
823538,677960,4,26,0.23857868020304568,5.5,0.4292311251150176,0,0.18423935876750389
823538,677960,4,26,0.23857868020304568,6.5,0.26810791856344074,0,0.07188185599642057
823538,677960,4,26,0.23857868020304568,7.5,0.14805181012365187,0,0.021919338480889866
823538,677960,4,26,0.23857868020304568,8.5,0.07209242969862287,0,0.00519731841985088
822803,677960,2,20,0.2413793103448276,3.5,0.8036024724712052,0,0.6457769337618341
822803,677960,2,20,0.2413793103448276,4.5,0.6475954825487027,0,0.4193799090174871
822803,677960,2,20,0.2413793103448276,5.5,0.4713152106923605,0,0.22213802782998415
822803,677960,2,20,0.2413793103448276,6.5,0.3064229239754506,0,0.09389500833766479
822803,677960,2,20,0.2413793103448276,7.5,0.17667206560825632,0,0.031213018766288028
822803,677960,2,20,0.2413793103448276,8.5,0.08993262952103712,0,0.008087877852568117
823533,677960,8,22,0.21393034825870647,3.5,0.7129513469030868,1,0.082396929244752
823533,677960,8,22,0.21393034825870647,4.5,0.5286813758802057,1,0.22214124544217595
823533,677960,8,22,0.21393034825870647,5.5,0.34797811196397654,1,0.4251325424780607
823533,677960,8,22,0.21393034825870647,6.5,0.2020388391699368,1,0.6367420141932619
823533,677960,8,22,0.21393034825870647,7.5,0.10314166604445434,1,0.8043548711855172
823533,677960,8,22,0.21393034825870647,8.5,0.046228935503645464,0,0.002137114477800212
824259,677960,6,26,0.22842639593908629,3.5,0.748370325445019,1,0.06331749311664564
824259,677960,6,26,0.22842639593908629,4.5,0.5709286200748265,1,0.1841022490708926
824259,677960,6,26,0.22842639593908629,5.5,0.3879776631582168,1,0.37457134079327714
824259,677960,6,26,0.22842639593908629,6.5,0.2331249509835089,0,0.05434724277106343
824259,677960,6,26,0.22842639593908629,7.5,0.12338565339801175,0,0.015224019464454288
824259,677960,6,26,0.22842639593908629,8.5,0.05742902578610759,0,0.0032980930027414106
823529,677960,3,14,0.22966507177033493,3.5,0.8047599777200107,0,0.6476386217399122
823529,677960,3,14,0.22966507177033493,4.5,0.6363578481560515,0,0.40495131090980024
823529,677960,3,14,0.22966507177033493,5.5,0.4475966434914757,0,0.2003427552648352
823529,677960,3,14,0.22966507177033493,6.5,0.27762862551098716,0,0.07707765370311995
823529,677960,3,14,0.22966507177033493,7.5,0.1513436755442944,0,0.022904908127256655
823529,677960,3,14,0.22966507177033493,8.5,0.07245867951222563,0,0.005250260236655427
823525,677960,6,19,0.22058823529411764,3.5,0.7482186907431821,1,0.06339382769107735
823525,677960,6,19,0.22058823529411764,4.5,0.5720019259050502,1,0.18318235142898617
823525,677960,6,19,0.22058823529411764,5.5,0.3894124518872169,1,0.3728171539103803
823525,677960,6,19,0.22058823529411764,6.5,0.2340237926036933,0,0.054767135504616454
823525,677960,6,19,0.22058823529411764,7.5,0.1235538022384891,0,0.015265542047587673
823525,677960,6,19,0.22058823529411764,8.5,0.05718484174349316,0,0.003270106125228358
822709,677960,6,23,0.225,3.5,0.7457653423975763,1,0.06463526112622162
822709,677960,6,23,0.225,4.5,0.5695687776967719,1,0.18527103713345092
822709,677960,6,23,0.225,5.5,0.3884932373036254,1,0.3739405208234002
822709,677960,6,23,0.225,6.5,0.23497556424564414,0,0.055213515792558836
822709,677960,6,23,0.225,7.5,0.1255268441804409,0,0.015756988609900692
822709,677960,6,23,0.225,8.5,0.0591063365506322,0,0.0034935590204366
823522,677960,5,23,0.23,3.5,0.7610569363766356,1,0.057093787653719155
823522,677960,5,23,0.23,4.5,0.5894400392217178,1,0.16855948139426458
823522,677960,5,23,0.23,5.5,0.40895494084849515,0,0.16724414364439616
823522,677960,5,23,0.23,6.5,0.2522097630957503,0,0.06360976460081448
823522,677960,5,23,0.23,7.5,0.13763559544385584,0,0.01894355713318475
823522,677960,5,23,0.23,8.5,0.06629743648886847,0,0.004395350084995549
823435,677960,7,24,0.22110552763819097,3.5,0.7301633626177364,1,0.07281181087376722
823435,677960,7,24,0.22110552763819097,4.5,0.5492445084564677,1,0.20318051315665145
823435,677960,7,24,0.22110552763819097,5.5,0.36769245600631056,1,0.39981283019133146
823435,677960,7,24,0.22110552763819097,6.5,0.21770787826509463,1,0.6119809637285
823435,677960,7,24,0.22110552763819097,7.5,0.11365936574715682,0,0.012918451422045965
823435,677960,7,24,0.22110552763819097,8.5,0.05225760322084676,0,0.0027308570943874533
824568,677960,4,26,0.23857868020304568,3.5,0.7784197314539905,1,0.049097815408921705
824568,677960,4,26,0.23857868020304568,4.5,0.6105673128693903,0,0.3727924435445479
824568,677960,4,26,0.23857868020304568,5.5,0.4292311251150176,0,0.18423935876750389
824568,677960,4,26,0.23857868020304568,6.5,0.26810791856344074,0,0.07188185599642057
824568,677960,4,26,0.23857868020304568,7.5,0.14805181012365187,0,0.021919338480889866
824568,677960,4,26,0.23857868020304568,8.5,0.07209242969862287,0,0.00519731841985088
824093,677976,2,18,0.1348314606741573,3.5,0.35228208358266416,0,0.12410266641334318
824093,677976,2,18,0.1348314606741573,4.5,0.17591436493877693,0,0.030945863791813192
824093,677976,2,18,0.1348314606741573,5.5,0.07387050827256848,0,0.005456851992447609
824093,677976,2,18,0.1348314606741573,6.5,0.02636640232743021,0,0.0006951871716919171
824093,677976,2,18,0.1348314606741573,7.5,0.008077522166618814,0,6.524636435221831e-05
824093,677976,2,18,0.1348314606741573,8.5,0.0021409039382522498,0,4.583469672823993e-06
823605,677976,2,23,0.14285714285714285,3.5,0.3515035248916532,0,0.12355472801125707
823605,677976,2,23,0.14285714285714285,4.5,0.17697273945282035,0,0.03131935050943584
823605,677976,2,23,0.14285714285714285,5.5,0.07568410703181039,0,0.0057280840572025305
823605,677976,2,23,0.14285714285714285,6.5,0.027871477370587608,0,0.0007768192508191772
823605,677976,2,23,0.14285714285714285,7.5,0.008940066868324596,0,7.992479561011516e-05
823605,677976,2,23,0.14285714285714285,8.5,0.0025174656688192664,0,6.3376333936836365e-06
824088,677976,3,21,0.12790697674418605,3.5,0.2944897583670472,0,0.08672421778308186
824088,677976,3,21,0.12790697674418605,4.5,0.13779956958536646,0,0.018988721377912254
824088,677976,3,21,0.12790697674418605,5.5,0.05446213133710308,0,0.002966123749779865
824088,677976,3,21,0.12790697674418605,6.5,0.018407233246576588,0,0.00033882623579387447
824088,677976,3,21,0.12790697674418605,7.5,0.005371163305072631,0,2.8849395249758752e-05
824088,677976,3,21,0.12790697674418605,8.5,0.0013618911408677975,0,1.8547474795741911e-06
824247,677976,3,19,0.125,3.5,0.29447518332512157,0,0.08671563359436396
824247,677976,3,19,0.125,4.5,0.13683675685496763,0,0.01872429802658553
824247,677976,3,19,0.125,5.5,0.05338826675488315,0,0.002850307027090562
824247,677976,3,19,0.125,6.5,0.017698155535654427,0,0.00031322470936421545
824247,677976,3,19,0.125,7.5,0.00503439891832664,0,2.5345172468848446e-05
824247,677976,3,19,0.125,8.5,0.0012382279759005075,0,1.5332085203026677e-06
823677,677976,4,26,0.12345679012345678,3.5,0.23618569253630015,1,0.5834122962862514
823677,677976,4,26,0.12345679012345678,4.5,0.09784623957354688,0,0.00957388659868393
823677,677976,4,26,0.12345679012345678,5.5,0.03336036893329186,0,0.0011129142153653447
823677,677976,4,26,0.12345679012345678,6.5,0.00948223689144278,0,8.991281646543845e-05
823677,677976,4,26,0.12345679012345678,7.5,0.002271113190417353,0,5.157955123687687e-06
823677,677976,4,26,0.12345679012345678,8.5,0.00046215793759339955,0,2.135899592805846e-07
824186,678022,6,19,0.26595744680851063,3.5,0.8223444787958472,1,0.0315614842143192
824186,678022,6,19,0.26595744680851063,4.5,0.6705753736675188,1,0.10852058443429484
824186,678022,6,19,0.26595744680851063,5.5,0.4927772553357892,1,0.2572749127046952
824186,678022,6,19,0.26595744680851063,6.5,0.3221073056148945,0,0.10375311633048703
824186,678022,6,19,0.26595744680851063,7.5,0.1857936723202599,0,0.03451928867424811
824186,678022,6,19,0.26595744680851063,8.5,0.09423053769973351,0,0.008879394235180898
824996,678022,4,20,0.27807486631016043,3.5,0.8447444156968807,1,0.02410429645730297
824996,678022,4,20,0.27807486631016043,4.5,0.70403480345965,0,0.495665004482468
824996,678022,4,20,0.27807486631016043,5.5,0.5324752549666888,0,0.28352989715184024
824996,678022,4,20,0.27807486631016043,6.5,0.36049067627370784,0,0.12995352768027524
824996,678022,4,20,0.27807486631016043,7.5,0.2165180558515985,0,0.04688006850975593
824996,678022,4,20,0.27807486631016043,8.5,0.11484214432184761,0,0.013188718112440075
824991,678022,6,22,0.2702702702702703,3.5,0.8223453099689623,1,0.0315611888900241
824991,678022,6,22,0.2702702702702703,4.5,0.6697384521439196,1,0.1090726899922941
824991,678022,6,22,0.2702702702702703,5.5,0.49153911039153286,1,0.25853247626143383
824991,678022,6,22,0.2702702702702703,6.5,0.32123580008323777,0,0.1031924392551179
824991,678022,6,22,0.2702702702702703,7.5,0.18566922210626274,0,0.034473060037544724
824991,678022,6,22,0.2702702702702703,8.5,0.0946739643009969,0,0.008963159516466434
824987,678022,8,21,0.25806451612903225,3.5,0.7960124797142756,1,0.041610908432318836
824987,678022,8,21,0.25806451612903225,4.5,0.6327160550316198,1,0.13489749623153616
824987,678022,8,21,0.25806451612903225,5.5,0.45052093583253994,1,0.3019272419583477
824987,678022,8,21,0.25806451612903225,6.5,0.2843099197595236,1,0.5122122909546196
824987,678022,8,21,0.25806451612903225,7.5,0.1581103632449202,1,0.7087781604756002
824987,678022,8,21,0.25806451612903225,8.5,0.07735228954543663,0,0.005983376697921065
824015,678022,5,21,0.27419354838709675,3.5,0.8336350326411571,1,0.027677302364308855
824015,678022,5,21,0.27419354838709675,4.5,0.686945377110381,1,0.0980031969125616
824015,678022,5,21,0.27419354838709675,5.5,0.5120061112242753,0,0.262150257931005
824015,678022,5,21,0.27419354838709675,6.5,0.34081176530749085,0,0.11615265937200822
824015,678022,5,21,0.27419354838709675,7.5,0.20102411147880278,0,0.04041069339584213
824015,678022,5,21,0.27419354838709675,8.5,0.10469792723082971,0,0.010961655966432114
824982,678022,8,23,0.2608695652173913,3.5,0.7975074421382479,1,0.04100323598939504
824982,678022,8,23,0.2608695652173913,4.5,0.6335695831190502,1,0.13427125041554666
824982,678022,8,23,0.2608695652173913,5.5,0.4502782240306235,1,0.3021940309749253
824982,678022,8,23,0.2608695652173913,6.5,0.28322667309337335,1,0.5137640021647939
824982,678022,8,23,0.2608695652173913,7.5,0.15682427943717536,1,0.7109452957466386
824982,678022,8,23,0.2608695652173913,8.5,0.07636303730947341,0,0.005831313467128028
824251,678022,2,13,0.27835051546391754,3.5,0.8830407774410465,0,0.7797610146236877
824251,678022,2,13,0.27835051546391754,4.5,0.7504540231831771,0,0.5631812409118165
824251,678022,2,13,0.27835051546391754,5.5,0.5750627094242864,0,0.3306971197704012
824251,678022,2,13,0.27835051546391754,6.5,0.3912841540160874,0,0.1531032891840852
824251,678022,2,13,0.27835051546391754,7.5,0.2345526424507315,0,0.0550149420806207
824251,678022,2,13,0.27835051546391754,8.5,0.12356245483320681,0,0.015267680244408274
825056,678022,4,21,0.27956989247311825,3.5,0.8448098089706999,1,0.024083995391710657
825056,678022,4,21,0.27956989247311825,4.5,0.7037801998761853,0,0.4953065697377634
825056,678022,4,21,0.27956989247311825,5.5,0.5319981404005839,0,0.2830220213896794
825056,678022,4,21,0.27956989247311825,6.5,0.3600813429280051,0,0.1296585735248356
825056,678022,4,21,0.27956989247311825,7.5,0.21638302331354453,0,0.04682161277830996
825056,678022,4,21,0.27956989247311825,8.5,0.1149668927008331,0,0.013217386417284871
824977,678022,4,21,0.27956989247311825,3.5,0.8448098089706999,1,0.024083995391710657
824977,678022,4,21,0.27956989247311825,4.5,0.7037801998761853,0,0.4953065697377634
824977,678022,4,21,0.27956989247311825,5.5,0.5319981404005839,0,0.2830220213896794
824977,678022,4,21,0.27956989247311825,6.5,0.3600813429280051,0,0.1296585735248356
824977,678022,4,21,0.27956989247311825,7.5,0.21638302331354453,0,0.04682161277830996
824977,678022,4,21,0.27956989247311825,8.5,0.1149668927008331,0,0.013217386417284871
824972,678022,9,26,0.2596685082872928,3.5,0.788871930615767,1,0.044575061681913504
824972,678022,9,26,0.2596685082872928,4.5,0.619082330144161,1,0.14509827120840194
824972,678022,9,26,0.2596685082872928,5.5,0.43133324595837774,1,0.32338187715223493
824972,678022,9,26,0.2596685082872928,6.5,0.26328856806494616,1,0.5427437339437975
824972,678022,9,26,0.2596685082872928,7.5,0.13956946994182257,1,0.7403406970561961
824972,678022,9,26,0.2596685082872928,8.5,0.06389329749856913,1,0.8762957584681025
824753,678394,4,26,0.2549019607843137,3.5,0.6433703535124422,1,0.12718470475384044
824753,678394,4,26,0.2549019607843137,4.5,0.4374564164630964,0,0.19136811630473405
824753,678394,4,26,0.2549019607843137,5.5,0.2591822680226104,0,0.06717544805734425
824753,678394,4,26,0.2549019607843137,6.5,0.13438713536917904,0,0.01805990215273405
824753,678394,4,26,0.2549019607843137,7.5,0.06126201652660814,0,0.003753034668906409
824753,678394,4,26,0.2549019607843137,8.5,0.024571290239006505,0,0.0006037483040094964
823602,678394,5,14,0.19047619047619047,3.5,0.5695651787189945,1,0.18527413537121115
823602,678394,5,14,0.19047619047619047,4.5,0.37120583316865163,1,0.3953821042411296
823602,678394,5,14,0.19047619047619047,5.5,0.2126253652373044,0,0.0452095459422971
823602,678394,5,14,0.19047619047619047,6.5,0.1073798930973516,0,0.011530441441598658
823602,678394,5,14,0.19047619047619047,7.5,0.047906212322386774,0,0.0022950051790776023
823602,678394,5,14,0.19047619047619047,8.5,0.018885568609778903,0,0.0003566647017146662
824732,678394,5,21,0.21428571428571427,3.5,0.5499089080969051,1,0.20258199101052024
824732,678394,5,21,0.21428571428571427,4.5,0.3638550376157177,1,0.40468041316689995
824732,678394,5,21,0.21428571428571427,5.5,0.22050698239262445,0,0.04862332928390119
824732,678394,5,21,0.21428571428571427,6.5,0.12351174399274335,0,0.015255150904128973
824732,678394,5,21,0.21428571428571427,7.5,0.06354149002728553,0,0.004037520954887626
824732,678394,5,21,0.21428571428571427,8.5,0.029570129706426442,0,0.0008743925708548835
823922,678394,3,16,0.22950819672131148,3.5,0.676397540817925,0,0.45751363322453653
823922,678394,3,16,0.22950819672131148,4.5,0.4977113986721665,0,0.2477166363682043
823922,678394,3,16,0.22950819672131148,5.5,0.3319178094400488,0,0.11016943222348054
823922,678394,3,16,0.22950819672131148,6.5,0.19983709649785142,0,0.03993486513669158
823922,678394,3,16,0.22950819672131148,7.5,0.10796820036563048,0,0.011657132290192931
823922,678394,3,16,0.22950819672131148,8.5,0.05202942550668367,0,0.0027070611185555453
824185,678906,1,23,0.2072072072072072,3.5,0.5253490839173487,0,0.27599165997279745
824185,678906,1,23,0.2072072072072072,4.5,0.35606607465931295,0,0.12678304952329142
824185,678906,1,23,0.2072072072072072,5.5,0.21572576348021946,0,0.04653760502912359
824185,678906,1,23,0.2072072072072072,6.5,0.11488580582993678,0,0.013198748381193936
824185,678906,1,23,0.2072072072072072,7.5,0.053261993391770665,0,0.002836839940065022
824185,678906,1,23,0.2072072072072072,8.5,0.021427357565137105,0,0.0004591316522242383
824023,678906,5,25,0.1743119266055046,3.5,0.3973556563402565,1,0.363180204945083
824023,678906,5,25,0.1743119266055046,4.5,0.23162730705050028,1,0.5903965952704662
824023,678906,5,25,0.1743119266055046,5.5,0.11694745010391962,0,0.013676706085808768
824023,678906,5,25,0.1743119266055046,6.5,0.050600130970151105,0,0.002560373254196445
824023,678906,5,25,0.1743119266055046,7.5,0.01867631776663994,0,0.00034880484532051067
824023,678906,5,25,0.1743119266055046,8.5,0.005877831727006425,0,3.454890581100333e-05
824181,678906,9,20,0.13157894736842105,3.5,0.2574641322421931,1,0.5513595149068393
824181,678906,9,20,0.13157894736842105,4.5,0.12469553550236309,1,0.7661579055694948
824181,678906,9,20,0.13157894736842105,5.5,0.0511531025067024,1,0.9003104348826565
824181,678906,9,20,0.13157894736842105,6.5,0.01773554543953593,1,0.964843458692966
824181,678906,9,20,0.13157894736842105,7.5,0.005211118257268994,1,0.9896049192389533
824181,678906,9,20,0.13157894736842105,8.5,0.001303664701532898,1,0.9973943701385883
824177,678906,4,23,0.18018018018018017,3.5,0.43082274914831575,1,0.3239627428870811
824177,678906,4,23,0.18018018018018017,4.5,0.2638439926350819,0,0.06961365244962116
824177,678906,4,23,0.18018018018018017,5.5,0.14164108840530515,0,0.02006219792463947
824177,678906,4,23,0.18018018018018017,6.5,0.06588957571942981,0,0.004341436188486474
824177,678906,4,23,0.18018018018018017,7.5,0.026436569372227596,0,0.0006988922001726022
824177,678906,4,23,0.18018018018018017,8.5,0.009150461774139744,0,8.373095067999267e-05
824257,678906,1,22,0.20535714285714285,3.5,0.5250624091494863,0,0.27569053350186257
824257,678906,1,22,0.20535714285714285,4.5,0.3568998691879037,0,0.12737751662634275
824257,678906,1,22,0.20535714285714285,5.5,0.21695364086237462,0,0.04706888228344023
824257,678906,1,22,0.20535714285714285,6.5,0.11590813142908642,0,0.013434694931382371
824257,678906,1,22,0.20535714285714285,7.5,0.05387893234520218,0,0.0029029393506588732
824257,678906,1,22,0.20535714285714285,8.5,0.0217137023193398,0,0.00047148486841290256
824168,678906,3,10,0.1693548387096774,3.5,0.47150565953679857,0,0.2223175869752314
824168,678906,3,10,0.1693548387096774,4.5,0.2828021324473089,0,0.07997704611674525
824168,678906,3,10,0.1693548387096774,5.5,0.14539309920493718,0,0.021139153296416704
824168,678906,3,10,0.1693548387096774,6.5,0.06388918512754653,0,0.004081827976261913
824168,678906,3,10,0.1693548387096774,7.5,0.02402010122115956,0,0.000576965262674751
824168,678906,3,10,0.1693548387096774,8.5,0.007749256846876831,0,6.005098167886745e-05
824573,678906,1,11,0.18699186991869918,3.5,0.5413855179031961,0,0.2930982789953119
824573,678906,1,11,0.18699186991869918,4.5,0.35314212768400877,0,0.12470936234518876
824573,678906,1,11,0.18699186991869918,5.5,0.19955331703081236,0,0.03982152633799991
824573,678906,1,11,0.18699186991869918,6.5,0.09699001587637168,0,0.00940706317969883
824573,678906,1,11,0.18699186991869918,7.5,0.040493728794233186,0,0.0016397420716609099
824573,678906,1,11,0.18699186991869918,8.5,0.014547406463802908,0,0.00021162703482309464
824510,679883,5,21,0.18556701030927836,3.5,0.4907083078633384,1,0.2593780276794241
824510,679883,5,21,0.18556701030927836,4.5,0.29820868114610455,1,0.49251105521868993
824510,679883,5,21,0.18556701030927836,5.5,0.156444993683026,0,0.024475036048482047
824510,679883,5,21,0.18556701030927836,6.5,0.07089293765293656,0,0.005025808609063149
824510,679883,5,21,0.18556701030927836,7.5,0.027827352242969974,0,0.000774361532854326
824510,679883,5,21,0.18556701030927836,8.5,0.009494800671135051,0,9.015123978458662e-05
823697,679883,3,18,0.19289340101522842,3.5,0.5336975615303919,0,0.2848330871834865
823697,679883,3,18,0.19289340101522842,4.5,0.3387942252742493,0,0.11478152707917878
823697,679883,3,18,0.19289340101522842,5.5,0.18619627321979723,0,0.03466905216094138
823697,679883,3,18,0.19289340101522842,6.5,0.08839393508792848,0,0.007813487760328914
823697,679883,3,18,0.19289340101522842,7.5,0.036284665138048074,0,0.0013165769241802812
823697,679883,3,18,0.19289340101522842,8.5,0.01291211812834695,0,0.00016672279456038595
824102,679883,0,10,0.2,3.5,0.5997313136531395,0,0.35967764857612033
824102,679883,0,10,0.2,4.5,0.3920419125545057,0,0.1536968611993947
824102,679883,0,10,0.2,5.5,0.22095684435138305,0,0.04882192706572131
824102,679883,0,10,0.2,6.5,0.10746750805685416,0,0.011549265287950014
824102,679883,0,10,0.2,7.5,0.04525392459254169,0,0.0020479176910274495
824102,679883,0,10,0.2,8.5,0.01656036495431245,0,0.00027424568742002
822721,679883,5,21,0.18556701030927836,3.5,0.4907083078633384,1,0.2593780276794241
822721,679883,5,21,0.18556701030927836,4.5,0.29820868114610455,1,0.49251105521868993
822721,679883,5,21,0.18556701030927836,5.5,0.156444993683026,0,0.024475036048482047
822721,679883,5,21,0.18556701030927836,6.5,0.07089293765293656,0,0.005025808609063149
822721,679883,5,21,0.18556701030927836,7.5,0.027827352242969974,0,0.000774361532854326
822721,679883,5,21,0.18556701030927836,8.5,0.009494800671135051,0,9.015123978458662e-05
822963,679883,6,22,0.18134715025906736,3.5,0.4691430724547603,1,0.2818090775227719
822963,679883,6,22,0.18134715025906736,4.5,0.2782540101025764,1,0.520917273933012
822963,679883,6,22,0.18134715025906736,5.5,0.14202541734550042,1,0.7361203844811627
822963,679883,6,22,0.18134715025906736,6.5,0.06249950381510811,0,0.003906187977134713
822963,679883,6,22,0.18134715025906736,7.5,0.023805626968971903,0,0.0005667078753858423
822963,679883,6,22,0.18134715025906736,8.5,0.00788321909477645,0,6.214514329624802e-05
824580,679883,4,20,0.18974358974358974,3.5,0.5120337320787287,1,0.23811107862901393
824580,679883,4,20,0.18974358974358974,4.5,0.3183369030234007,0,0.10133838382653
824580,679883,4,20,0.18974358974358974,5.5,0.17126855562785423,0,0.0293329181468514
824580,679883,4,20,0.18974358974358974,6.5,0.07968024517482028,0,0.00634894147111947
824580,679883,4,20,0.18974358974358974,7.5,0.03211337981445879,0,0.0010312691631076893
824580,679883,4,20,0.18974358974358974,8.5,0.01124317903408453,0,0.00012640907479247792
824091,679883,4,18,0.18781725888324874,3.5,0.5129404939972046,1,0.23722696238768703
824091,679883,4,18,0.18781725888324874,4.5,0.31876670617891983,0,0.10161221296815781
824091,679883,4,18,0.18781725888324874,5.5,0.17101879516281157,0,0.029247428298939702
824091,679883,4,18,0.18781725888324874,6.5,0.07910013419868506,0,0.006256831230249985
824091,679883,4,18,0.18781725888324874,7.5,0.031592015350350736,0,0.0009980554338967966
824091,679883,4,18,0.18781725888324874,8.5,0.010928200010716647,0,0.00011942555547422733
824817,679883,3,24,0.19895287958115182,3.5,0.534071631541257,0,0.2852325076171402
824817,679883,3,24,0.19895287958115182,4.5,0.3372761045006343,0,0.11375517066712278
824817,679883,3,24,0.19895287958115182,5.5,0.18409854318126254,0,0.033892273601463185
824817,679883,3,24,0.19895287958115182,6.5,0.08675585239186014,0,0.007526577924238224
824817,679883,3,24,0.19895287958115182,7.5,0.03537356574322174,0,0.0012512891533900303
824817,679883,3,24,0.19895287958115182,8.5,0.012528073420412466,0,0.0001569526236272453
824085,679883,7,25,0.17894736842105263,3.5,0.4484508586722621,1,0.304206455299365
824085,679883,7,25,0.17894736842105263,4.5,0.2577965236649943,1,0.5508660002837674
824085,679883,7,25,0.17894736842105263,5.5,0.12627845688058292,1,0.7633893349109754
824085,679883,7,25,0.17894736842105263,6.5,0.05275822719804754,1,0.8972669761409857
824085,679883,7,25,0.17894736842105263,7.5,0.018856939708063142,0,0.0003555841751535285
824085,679883,7,25,0.17894736842105263,8.5,0.005787121032747543,0,3.3490769847668984e-05
824246,679883,2,21,0.20103092783505155,3.5,0.5528653143280494,0,0.3056600557870529
824246,679883,2,21,0.20103092783505155,4.5,0.3579278538087283,0,0.1281123485321224
824246,679883,2,21,0.20103092783505155,5.5,0.2016818821531881,0,0.040675581588852455
824246,679883,2,21,0.20103092783505155,6.5,0.09872603257638767,0,0.009746829508273958
824246,679883,2,21,0.20103092783505155,7.5,0.042031344379612014,0,0.0017666339103575425
824246,679883,2,21,0.20103092783505155,8.5,0.01560019933198457,0,0.00024336621919765182
824326,679883,2,15,0.195,3.5,0.5565860472179888,0,0.30978802795774524
824326,679883,2,15,0.195,4.5,0.3584740787671192,0,0.12850366514793476
824326,679883,2,15,0.195,5.5,0.19926435417319516,0,0.03970628284406056
824326,679883,2,15,0.195,6.5,0.09539343300483778,0,0.009099907060448475
824326,679883,2,15,0.195,7.5,0.03940805772356241,0,0.0015529950135436267
824326,679883,2,15,0.195,8.5,0.014102123629138583,0,0.00019886989085150875
824026,680570,3,21,0.15447154471544716,3.5,0.3951390029739823,0,0.1561348316712728
824026,680570,3,21,0.15447154471544716,4.5,0.21655615908277895,0,0.04689657003668586
824026,680570,3,21,0.15447154471544716,5.5,0.10122457325331488,0,0.01024641423031571
824026,680570,3,21,0.15447154471544716,6.5,0.040397955297417666,0,0.001631994792212156
824026,680570,3,21,0.15447154471544716,7.5,0.013799626369567702,0,0.00019042968793966827
824026,680570,3,21,0.15447154471544716,8.5,0.0040470736306020124,0,1.6378804971514153e-05
824025,680570,6,25,0.13445378151260504,3.5,0.28061381643745836,1,0.5175164811006789
824025,680570,6,25,0.13445378151260504,4.5,0.13035699461820038,1,0.7562789568094888
824025,680570,6,25,0.13445378151260504,5.5,0.05065349367159736,1,0.9012587890779439
824025,680570,6,25,0.13445378151260504,6.5,0.016548821678149125,0,0.00027386349893517844
824025,680570,6,25,0.13445378151260504,7.5,0.00456833354188985,0,2.086967134995586e-05
824025,680570,6,25,0.13445378151260504,8.5,0.0010701234814700703,0,1.145164265593624e-06
824021,680570,1,12,0.1590909090909091,3.5,0.4706527746972976,0,0.22151403433026517
824021,680570,1,12,0.1590909090909091,4.5,0.2678643912874025,0,0.07175133211977068
824021,680570,1,12,0.1590909090909091,5.5,0.12870204666122614,0,0.01656421681478843
824021,680570,1,12,0.1590909090909091,6.5,0.05245526429571135,0,0.00275155475233293
824021,680570,1,12,0.1590909090909091,7.5,0.018238770153059768,0,0.0003326527366961438
824021,680570,1,12,0.1590909090909091,8.5,0.005438345918316945,0,2.9575606327274576e-05
823685,680570,0,23,0.18181818181818182,3.5,0.504468932787667,0,0.2544889041479277
823685,680570,0,23,0.18181818181818182,4.5,0.3111636085087722,0,0.09682279126020046
823685,680570,0,23,0.18181818181818182,5.5,0.1660079985189691,0,0.02755865557227405
823685,680570,0,23,0.18181818181818182,6.5,0.07645239880532016,0,0.00584496928308772
823685,680570,0,23,0.18181818181818182,7.5,0.030402445434215886,0,0.0009243086883804744
823685,680570,0,23,0.18181818181818182,8.5,0.010457549773444165,0,0.0001093603472640621
824008,680570,3,23,0.15702479338842976,3.5,0.3946181818237947,0,0.1557235094259175
824008,680570,3,23,0.15702479338842976,4.5,0.21555533605925808,0,0.046464102903619686
824008,680570,3,23,0.15702479338842976,5.5,0.10044165693811224,0,0.010088526448473432
824008,680570,3,23,0.15702479338842976,6.5,0.040008733048148025,0,0.001600698720117972
824008,680570,3,23,0.15702479338842976,7.5,0.01366896087062428,0,0.00018684049128265767
824008,680570,3,23,0.15702479338842976,8.5,0.004020768570311315,0,1.6166579896003294e-05
823196,680570,3,18,0.15079365079365079,3.5,0.39635783937528524,0,0.1570995368342444
823196,680570,3,18,0.15079365079365079,4.5,0.215944857088028,0,0.04663218130276883
823196,680570,3,18,0.15079365079365079,5.5,0.0996704136912656,0,0.009934191365388026
823196,680570,3,18,0.15079365079365079,6.5,0.039016304904411644,0,0.001522272048394016
823196,680570,3,18,0.15079365079365079,7.5,0.012996476299286791,0,0.0001689083961979233
823196,680570,3,18,0.15079365079365079,8.5,0.003699463677261386,0,1.3686031499376335e-05
824002,680570,6,22,0.13114754098360656,3.5,0.2816149898200908,1,0.5160770228511883
824002,680570,6,22,0.13114754098360656,4.5,0.13258923181479373,1,0.7524014407636496
824002,680570,6,22,0.13114754098360656,5.5,0.052590257336127134,1,0.8975852204944259
824002,680570,6,22,0.13114754098360656,6.5,0.01767395711622453,0,0.0003123687601461437
824002,680570,6,22,0.13114754098360656,7.5,0.005061385758756734,0,2.5617625798945483e-05
824002,680570,6,22,0.13114754098360656,8.5,0.0012415470280243508,0,1.5414390227960982e-06
822806,680573,3,13,0.08,3.5,0.014949226377618356,0,0.00022347936928928045
822806,680573,3,13,0.08,4.5,0.0022739040897792437,0,5.170639809514771e-06
822806,680573,3,13,0.08,5.5,0.00026620371640530564,0,7.08644186279964e-08
822806,680573,3,13,0.08,6.5,2.4285182478328104e-05,0,5.897700880056943e-10
822806,680573,3,13,0.08,7.5,1.7309501241526207e-06,0,2.9961883323039727e-12
822806,680573,3,13,0.08,8.5,9.57020689197827e-08,0,9.158885995526838e-15
824746,680573,1,14,0.16666666666666666,3.5,0.12682305695017668,0,0.016084087774187756
824746,680573,1,14,0.16666666666666666,4.5,0.03783048993374411,0,0.0014311459686271145
824746,680573,1,14,0.16666666666666666,5.5,0.008635664066689669,0,7.457469387271515e-05
824746,680573,1,14,0.16666666666666666,6.5,0.001513626762542785,0,2.2910659762857523e-06
824746,680573,1,14,0.16666666666666666,7.5,0.00020291923206785877,0,4.1176214743009525e-08
824746,680573,1,14,0.16666666666666666,8.5,2.052559379092646e-05,0,4.213000004701189e-10
822797,680573,1,11,0.14814814814814814,3.5,0.1277586791250273,0,0.01632228009177169
822797,680573,1,11,0.14814814814814814,4.5,0.038572913666758295,0,0.0014878696687431888
822797,680573,1,11,0.14814814814814814,5.5,0.008966593170916944,0,8.039979309273438e-05
822797,680573,1,11,0.14814814814814814,6.5,0.0016122874717575772,0,2.5994708915864405e-06
822797,680573,1,11,0.14814814814814814,7.5,0.00022392007938354524,0,5.01402019511332e-08
822797,680573,1,11,0.14814814814814814,8.5,2.3809948975852678e-05,0,5.66913670232708e-10
822808,680694,3,21,0.23222748815165878,3.5,0.7821716453530392,0,0.6117924827942804
822808,680694,3,21,0.23222748815165878,4.5,0.6340395653113129,0,0.4020061703801586
822808,680694,3,21,0.23222748815165878,5.5,0.4708505520951025,0,0.22170024240826286
822808,680694,3,21,0.23222748815165878,6.5,0.3173463109918223,0,0.10070868110011841
822808,680694,3,21,0.23222748815165878,7.5,0.1930419425893735,0,0.03726519159867897
822808,680694,3,21,0.23222748815165878,8.5,0.10571612741281346,0,0.011175899595162209
824827,680694,5,21,0.22274881516587677,3.5,0.7567225091078029,1,0.05918393757480303
824827,680694,5,21,0.22274881516587677,4.5,0.5996315061731875,1,0.1602949308491504
824827,680694,5,21,0.22274881516587677,5.5,0.4327975175256529,0,0.1873136911763678
824827,680694,5,21,0.22274881516587677,6.5,0.282169374011922,0,0.07961955563027992
824827,680694,5,21,0.22274881516587677,7.5,0.16542569232274712,0,0.027365659680460196
824827,680694,5,21,0.22274881516587677,8.5,0.08706125969658905,0,0.007579662939956921
823127,680694,12,28,0.19607843137254902,3.5,0.6467798213489185,1,0.1247644946063019
823127,680694,12,28,0.19607843137254902,4.5,0.46186283925173055,1,0.2895916037782088
823127,680694,12,28,0.19607843137254902,5.5,0.29418043620496737,1,0.49818125663581014
823127,680694,12,28,0.19607843137254902,6.5,0.16689517141832902,1,0.6940636554060954
823127,680694,12,28,0.19607843137254902,7.5,0.08449692449503453,1,0.8381458812590504
823127,680694,12,28,0.19607843137254902,8.5,0.03830283503086086,1,0.9248614371096796
824016,680694,9,30,0.21287128712871287,3.5,0.7024141672353975,1,0.08855732786220195
824016,680694,9,30,0.21287128712871287,4.5,0.5255705483491955,1,0.22508330459368306
824016,680694,9,30,0.21287128712871287,5.5,0.3524489987491056,1,0.4193222992210358
824016,680694,9,30,0.21287128712871287,6.5,0.21071192454333365,1,0.6229756660580882
824016,680694,9,30,0.21287128712871287,7.5,0.11217411961510879,1,0.7882347938812071
824016,680694,9,30,0.21287128712871287,8.5,0.05324367577927106,1,0.8963475374519461
824821,680694,2,19,0.2347417840375587,3.5,0.7970942447004441,0,0.6353592349345715
824821,680694,2,19,0.2347417840375587,4.5,0.653651873761219,0,0.4272607720715526
824821,680694,2,19,0.2347417840375587,5.5,0.49110209422138956,0,0.2411812669486346
824821,680694,2,19,0.2347417840375587,6.5,0.33443584439594726,0,0.11184733401683025
824821,680694,2,19,0.2347417840375587,7.5,0.20519850485991492,0,0.04210642639674453
824821,680694,2,19,0.2347417840375587,8.5,0.11319642662449692,0,0.012813431000555113
824497,680694,5,29,0.2315270935960591,3.5,0.7605809546481903,1,0.057321479277171905
824497,680694,5,29,0.2315270935960591,4.5,0.600537807590107,1,0.15957004316491838
824497,680694,5,29,0.2315270935960591,5.5,0.430577743695851,0,0.18539719336620997
824497,680694,5,29,0.2315270935960591,6.5,0.27838804608458284,0,0.07749990420279182
824497,680694,5,29,0.2315270935960591,7.5,0.1619048886217294,0,0.0262131929596146
824497,680694,5,29,0.2315270935960591,8.5,0.08475712274234272,0,0.007183769855560549
824813,680694,5,25,0.22705314009661837,3.5,0.7556709067527113,1,0.05969670580704229
824813,680694,5,25,0.22705314009661837,4.5,0.5971576165248837,1,0.1622819859239126
824813,680694,5,25,0.22705314009661837,5.5,0.430306813823807,0,0.1851639540231965
824813,680694,5,25,0.22705314009661837,6.5,0.28103497003814504,0,0.07898065438434108
824813,680694,5,25,0.22705314009661837,7.5,0.16591601954097362,0,0.02752812554032074
824813,680694,5,25,0.22705314009661837,8.5,0.08848545186192486,0,0.007829675191209022
824732,680694,4,23,0.22966507177033493,3.5,0.7684446518942643,1,0.05361787923636846
824732,680694,4,23,0.22966507177033493,4.5,0.6151827537878026,0,0.3784498205579442
824732,680694,4,23,0.22966507177033493,5.5,0.4504631335162842,0,0.20291703465730968
824732,680694,4,23,0.22966507177033493,6.5,0.29941385488340294,0,0.08964865649613947
824732,680694,4,23,0.22966507177033493,7.5,0.1798776323187807,0,0.03235596260861046
824732,680694,4,23,0.22966507177033493,8.5,0.09747646279413237,0,0.009501660798855872
824245,680694,4,24,0.23076923076923078,3.5,0.7684387792260168,1,0.0536205989663374
824245,680694,4,24,0.23076923076923078,4.5,0.6147233853179148,0,0.37788484045671755
824245,680694,4,24,0.23076923076923078,5.5,0.44979328500626875,0,0.20231399923673052
824245,680694,4,24,0.23076923076923078,6.5,0.2989221305639274,0,0.08935444014087766
824245,680694,4,24,0.23076923076923078,7.5,0.17976612464098402,0,0.0323158595684378
824245,680694,4,24,0.23076923076923078,8.5,0.09767305857005022,0,0.00954002637042846
824807,680694,3,12,0.22272727272727272,3.5,0.8068099485496404,0,0.6509422930786734
824807,680694,3,12,0.22272727272727272,4.5,0.6451541754585677,0,0.41622391011162435
824807,680694,3,12,0.22272727272727272,5.5,0.46458482388707056,0,0.21583905858618038
824807,680694,3,12,0.22272727272727272,6.5,0.2999210704431945,0,0.08995264849579164
824807,680694,3,12,0.22272727272727272,7.5,0.1735540435933045,0,0.030121006047586642
824807,680694,3,12,0.22272727272727272,8.5,0.09015644432971186,0,0.008128184454176433
823454,680732,7,21,0.33640552995391704,3.5,0.9804977288925534,1,0.0003803385783483473
823454,680732,7,21,0.33640552995391704,4.5,0.9422593979357556,1,0.0033339771267414204
823454,680732,7,21,0.33640552995391704,5.5,0.8661569214910962,1,0.017913969664740573
823454,680732,7,21,0.33640552995391704,6.5,0.7457887215565698,1,0.06462337408784319
823454,680732,7,21,0.33640552995391704,7.5,0.5904447467595529,0,0.3486249989759526
823454,680732,7,21,0.33640552995391704,8.5,0.4237631385043848,0,0.1795751975550864
824587,680732,6,22,0.3425925925925926,3.5,0.9820664275412017,1,0.0003216130211349704
824587,680732,6,22,0.3425925925925926,4.5,0.946401606099031,1,0.0028727878287634298
824587,680732,6,22,0.3425925925925926,5.5,0.8745027797932001,1,0.015749552279634017
824587,680732,6,22,0.3425925925925926,6.5,0.7591260950707104,0,0.5762724282173052
824587,680732,6,22,0.3425925925925926,7.5,0.6077944326489036,0,0.3694140723590027
824587,680732,6,22,0.3425925925925926,8.5,0.442472321213668,0,0.19578175504021136
823533,680732,8,26,0.33962264150943394,3.5,0.9784216225149207,1,0.0004656263748885769
823533,680732,8,26,0.33962264150943394,4.5,0.9370674852437363,1,0.00396050141354735
823533,680732,8,26,0.33962264150943394,5.5,0.85625578984374,1,0.020662397953447053
823533,680732,8,26,0.33962264150943394,6.5,0.7308214358033551,1,0.07245709942296727
823533,680732,8,26,0.33962264150943394,7.5,0.5720400104739878,1,0.1831497526351045
823533,680732,8,26,0.33962264150943394,8.5,0.40501885031622054,0,0.16404026911147304
824584,680732,6,27,0.35071090047393366,3.5,0.9830488113770156,1,0.0002873427957319955
824584,680732,6,27,0.35071090047393366,4.5,0.9485030300986461,1,0.002651937909020948
824584,680732,6,27,0.35071090047393366,5.5,0.8777406581528164,1,0.014947346668906491
824584,680732,6,27,0.35071090047393366,6.5,0.7626970903237869,0,0.5817068515883707
824584,680732,6,27,0.35071090047393366,7.5,0.6103295347760886,0,0.3725021410199968
824584,680732,6,27,0.35071090047393366,8.5,0.4428920180044116,0,0.19615333961202003
824822,680732,8,23,0.33488372093023255,3.5,0.9776600788797969,1,0.000499072075656897
824822,680732,8,23,0.33488372093023255,4.5,0.935562863272481,1,0.0041521445896409844
824822,680732,8,23,0.33488372093023255,5.5,0.8541560992270788,1,0.021270443392661684
824822,680732,8,23,0.33488372093023255,6.5,0.728816729573561,1,0.07354036615917912
824822,680732,8,23,0.33488372093023255,7.5,0.5710109506435351,1,0.18403160446776345
824822,680732,8,23,0.33488372093023255,8.5,0.40541870579147765,0,0.16436432700563672
824415,680732,11,25,0.323943661971831,3.5,0.9699941412526135,1,0.0009003515591681099
824415,680732,11,25,0.323943661971831,4.5,0.9173410542393868,1,0.00683250131425599
824415,680732,11,25,0.323943661971831,5.5,0.8210628066355659,1,0.0320185191691409
824415,680732,11,25,0.323943661971831,6.5,0.681067451868946,1,0.10171797025736706
824415,680732,11,25,0.323943661971831,7.5,0.5148188981822995,1,0.23540070156103782
824415,680732,11,25,0.323943661971831,8.5,0.3504747555332843,1,0.4218830431995467
824575,680732,9,24,0.3317757009345794,3.5,0.9752967953027549,1,0.0006102483223139911
824575,680732,9,24,0.3317757009345794,4.5,0.9298272877911904,1,0.0049242095387404166
824575,680732,9,24,0.3317757009345794,5.5,0.8435336275030316,1,0.02448172572236006
824575,680732,9,24,0.3317757009345794,6.5,0.7132099928355724,1,0.08224850820937243
824575,680732,9,24,0.3317757009345794,7.5,0.5523418178917101,1,0.20039784800849883
824575,680732,9,24,0.3317757009345794,8.5,0.3869006457883886,1,0.375890818134695
822786,680732,5,23,0.3488372093023256,3.5,0.9837740531047436,1,0.00026328135264767953
822786,680732,5,23,0.3488372093023256,4.5,0.9507666636639875,1,0.0024239214067749244
822786,680732,5,23,0.3488372093023256,5.5,0.8830591209850631,0,0.7797934111549123
822786,680732,5,23,0.3488372093023256,6.5,0.7725060831680595,0,0.5967656485316568
822786,680732,5,23,0.3488372093023256,7.5,0.624937061927021,0,0.3905463313699773
822786,680732,5,23,0.3488372093023256,8.5,0.46080978433392494,0,0.2123456573378784
824571,680732,10,24,0.32710280373831774,3.5,0.972615060390352,1,0.0007499349174240708
824571,680732,10,24,0.32710280373831774,4.5,0.9235300808300133,1,0.005847648537864298
824571,680732,10,24,0.32710280373831774,5.5,0.8322363650097129,1,0.02814463722515429
824571,680732,10,24,0.32710280373831774,6.5,0.6971033701055515,1,0.09174636840141454
824571,680732,10,24,0.32710280373831774,7.5,0.53359850245896,1,0.21753035690852474
824571,680732,10,24,0.32710280373831774,8.5,0.3687536568327602,1,0.3984719457620127
824568,680732,10,23,0.32558139534883723,3.5,0.9725262895437581,1,0.0007548047662334164
824568,680732,10,23,0.32558139534883723,4.5,0.9234053245255965,1,0.0058667443110291834
824568,680732,10,23,0.32558139534883723,5.5,0.8321451180675957,1,0.02817526138854138
824568,680732,10,23,0.32558139534883723,6.5,0.697128140012239,1,0.0917313635724459
824568,680732,10,23,0.32558139534883723,7.5,0.533755558697803,1,0.21738387904519782
824568,680732,10,23,0.32558139534883723,8.5,0.3689664327783662,1,0.39820336296046027
825076,680736,4,24,0.23737373737373738,3.5,0.8615377263358075,1,0.019171801228257738
825076,680736,4,24,0.23737373737373738,4.5,0.7217723060800333,0,0.5209552618240892
825076,680736,4,24,0.23737373737373738,5.5,0.5471601504794743,0,0.299384230272721
825076,680736,4,24,0.23737373737373738,6.5,0.37122209281298174,0,0.13780584219245004
825076,680736,4,24,0.23737373737373738,7.5,0.22421928522528833,0,0.0502742878669392
825076,680736,4,24,0.23737373737373738,8.5,0.12033955965527383,0,0.01448160961802521
823371,680736,1,21,0.24875621890547264,3.5,0.8960174513361543,0,0.8028472730989377
823371,680736,1,21,0.24875621890547264,4.5,0.7767423490656835,0,0.6033286768320761
823371,680736,1,21,0.24875621890547264,5.5,0.6146717861205312,0,0.37782140465260405
823371,680736,1,21,0.24875621890547264,6.5,0.43772973186470576,0,0.1916073181583472
823371,680736,1,21,0.24875621890547264,7.5,0.2782463730673539,0,0.07742104412513708
823371,680736,1,21,0.24875621890547264,8.5,0.15725689037737686,0,0.024729729571162325
823939,680736,5,21,0.22885572139303484,3.5,0.8516665272214121,1,0.022002819146556073
823939,680736,5,21,0.22885572139303484,4.5,0.7052862957976268,1,0.08685616744468393
823939,680736,5,21,0.22885572139303484,5.5,0.5257857204553522,0,0.2764506238347538
823939,680736,5,21,0.22885572139303484,6.5,0.3489029481034636,0,0.12173326719528822
823939,680736,5,21,0.22885572139303484,7.5,0.20499478287356246,0,0.04202286100537902
823939,680736,5,21,0.22885572139303484,8.5,0.10645507276830057,0,0.01133268251810417
823690,680736,3,28,0.24742268041237114,3.5,0.8758714685301598,0,0.7671508293851788
823690,680736,3,28,0.24742268041237114,4.5,0.7429154002838414,0,0.5519232919789003
823690,680736,3,28,0.24742268041237114,5.5,0.5710257208281797,0,0.3260703738473422
823690,680736,3,28,0.24742268041237114,6.5,0.39269843281482036,0,0.154212059135216
823690,680736,3,28,0.24742268041237114,7.5,0.2400786520779004,0,0.057637759183541554
823690,680736,3,28,0.24742268041237114,8.5,0.1301643174812561,0,0.016942749545361232
824984,680736,11,27,0.20512820512820512,3.5,0.7577243575127156,1,0.05869748694262644
824984,680736,11,27,0.20512820512820512,4.5,0.5736159254578517,1,0.1818033790231643
824984,680736,11,27,0.20512820512820512,5.5,0.38323781409421664,1,0.38039559396328004
824984,680736,11,27,0.20512820512820512,6.5,0.22484876369700066,1,0.6008594391420683
824984,680736,11,27,0.20512820512820512,7.5,0.11583485924111549,1,0.7817479961331781
824984,680736,11,27,0.20512820512820512,8.5,0.05251061538938371,1,0.8977361339498043
823929,680736,9,28,0.21649484536082475,3.5,0.7937997350670071,1,0.04251854925843647
823929,680736,9,28,0.21649484536082475,4.5,0.6210018999569447,1,0.1436395598362458
823929,680736,9,28,0.21649484536082475,5.5,0.43116266035610773,1,0.32357591897314086
823929,680736,9,28,0.21649484536082475,6.5,0.2636962451515604,1,0.542143219403911
823929,680736,9,28,0.21649484536082475,7.5,0.14177088479872255,1,0.7365572141791675
823929,680736,9,28,0.21649484536082475,8.5,0.06705307912583594,1,0.8703899571685838
823437,680736,7,25,0.2233502538071066,3.5,0.8221083212538315,1,0.03164544936713002
823437,680736,7,25,0.2233502538071066,4.5,0.6624150967163999,1,0.11396356692499766
823437,680736,7,25,0.2233502538071066,5.5,0.4780280654235853,1,0.2724547004854449
823437,680736,7,25,0.2233502538071066,6.5,0.3063710560569561,1,0.4811211118755423
823437,680736,7,25,0.2233502538071066,7.5,0.17387148721197837,0,0.03023129406530516
823437,680736,7,25,0.2233502538071066,8.5,0.0873673312109485,0,0.007633050562923576
823923,680736,7,25,0.2233502538071066,3.5,0.8221083212538315,1,0.03164544936713002
823923,680736,7,25,0.2233502538071066,4.5,0.6624150967163999,1,0.11396356692499766
823923,680736,7,25,0.2233502538071066,5.5,0.4780280654235853,1,0.2724547004854449
823923,680736,7,25,0.2233502538071066,6.5,0.3063710560569561,1,0.4811211118755423
823923,680736,7,25,0.2233502538071066,7.5,0.17387148721197837,0,0.03023129406530516
823923,680736,7,25,0.2233502538071066,8.5,0.0873673312109485,0,0.007633050562923576
824647,680736,4,23,0.23618090452261306,3.5,0.8618525337542905,1,0.019084722430109446
824647,680736,4,23,0.23618090452261306,4.5,0.7222282016243894,0,0.5216135752215997
824647,680736,4,23,0.23618090452261306,5.5,0.547561451033856,0,0.2998235426583019
824647,680736,4,23,0.23618090452261306,6.5,0.3713592125898561,0,0.13790766477535793
824647,680736,4,23,0.23618090452261306,7.5,0.2240420668837678,0,0.05019484773355068
824647,680736,4,23,0.23618090452261306,8.5,0.11997428441782321,0,0.014393828921568737
822974,680744,4,15,0.24390243902439024,3.5,0.43572144231308174,1,0.31841029066522875
822974,680744,4,15,0.24390243902439024,4.5,0.22514755778751733,0,0.05069142277768345
822974,680744,4,15,0.24390243902439024,5.5,0.09328638007168781,0,0.008702348706879392
822974,680744,4,15,0.24390243902439024,6.5,0.030898928565337096,0,0.0009547437864858047
822974,680744,4,15,0.24390243902439024,7.5,0.008159673947028451,0,6.658027892181487e-05
822974,680744,4,15,0.24390243902439024,8.5,0.00170951426708315,0,2.922439029360839e-06
824269,680744,3,13,0.2558139534883721,3.5,0.5180777085224615,0,0.26840451206788457
824269,680744,3,13,0.2558139534883721,4.5,0.29553577038274215,0,0.08734139157572089
824269,680744,3,13,0.2558139534883721,5.5,0.13706310275053074,0,0.01878629413560255
824269,680744,3,13,0.2558139534883721,6.5,0.05133731731285331,0,0.0026355201488805885
824269,680744,3,13,0.2558139534883721,7.5,0.015439735986714833,0,0.00023838544733945704
824269,680744,3,13,0.2558139534883721,8.5,0.003698543474461355,0,1.3679223832480673e-05
824652,680744,5,15,0.21951219512195122,3.5,0.35150991987676966,1,0.42053938401823365
824652,680744,5,15,0.21951219512195122,4.5,0.16340246227487865,1,0.6998954401277359
824652,680744,5,15,0.21951219512195122,5.5,0.060392232923140665,0,0.003647221797442875
824652,680744,5,15,0.21951219512195122,6.5,0.017751406993648924,0,0.0003151124502541679
824652,680744,5,15,0.21951219512195122,7.5,0.004146714464224456,0,1.7195240847808315e-05
824652,680744,5,15,0.21951219512195122,8.5,0.0007669403401382498,0,5.881974853313743e-07
824975,680744,2,13,0.27906976744186046,3.5,0.5965469051665769,0,0.3558682100638209
824975,680744,2,13,0.27906976744186046,4.5,0.36959107547277603,0,0.13659756306912324
824975,680744,2,13,0.27906976744186046,5.5,0.18808739220192422,0,0.03537686710532047
824975,680744,2,13,0.27906976744186046,6.5,0.07782523962901132,0,0.006056767923313034
824975,680744,2,13,0.27906976744186046,7.5,0.02597288627817651,0,0.0006745908216190897
824975,680744,2,13,0.27906976744186046,8.5,0.0069254900810949635,0,4.796241286334472e-05
823293,681035,3,21,0.31654676258992803,3.5,0.906474380149065,0,0.8216958018666316
823293,681035,3,21,0.31654676258992803,4.5,0.7897552068852803,0,0.6237132868024119
823293,681035,3,21,0.31654676258992803,5.5,0.6254584478100012,0,0.39119826993689594
823293,681035,3,21,0.31654676258992803,6.5,0.4428179802906975,0,0.19608776366873257
823293,681035,3,21,0.31654676258992803,7.5,0.2778330094310018,0,0.07719118112948714
823293,681035,3,21,0.31654676258992803,8.5,0.15405491190937395,0,0.023732915883404967
823619,681035,6,22,0.2971014492753623,3.5,0.8714494244854901,1,0.016525250465111708
823619,681035,6,22,0.2971014492753623,4.5,0.7302074473749224,1,0.07278802145195527
823619,681035,6,22,0.2971014492753623,5.5,0.5485520107547415,1,0.20380528699358705
823619,681035,6,22,0.2971014492753623,6.5,0.3642204637210775,0,0.13265654619319675
823619,681035,6,22,0.2971014492753623,7.5,0.21242176868974574,0,0.045123007813279846
823619,681035,6,22,0.2971014492753623,8.5,0.1087648519826064,0,0.011829793026798279
823609,681035,6,18,0.2887323943661972,3.5,0.870088157750777,1,0.01687708675658701
823609,681035,6,18,0.2887323943661972,4.5,0.7292140195594011,1,0.0733250472031764
823609,681035,6,18,0.2887323943661972,5.5,0.5486752603994588,1,0.20369402057549632
823609,681035,6,18,0.2887323943661972,6.5,0.36539216670820224,0,0.13351143549171465
823609,681035,6,18,0.2887323943661972,7.5,0.21386226799068367,0,0.045737069670119
823609,681035,6,18,0.2887323943661972,8.5,0.10975323495228205,0,0.012045772582490826
824904,681035,7,18,0.28169014084507044,3.5,0.8557643358655771,1,0.02080392680829805
824904,681035,7,18,0.28169014084507044,4.5,0.7066392973616568,1,0.08606050185246245
824904,681035,7,18,0.28169014084507044,5.5,0.5216123382273847,1,0.22885475493627014
824904,681035,7,18,0.28169014084507044,6.5,0.3396987327554365,1,0.4359977635247765
824904,681035,7,18,0.28169014084507044,7.5,0.19399991988875046,0,0.037635968916841595
824904,681035,7,18,0.28169014084507044,8.5,0.09699549379904072,0,0.009408125817319748
823605,681035,5,19,0.2978723404255319,3.5,0.8824238288558937,1,0.013824156020908186
823605,681035,5,19,0.2978723404255319,4.5,0.749583201283641,1,0.06270857307934947
823605,681035,5,19,0.2978723404255319,5.5,0.574401462846666,0,0.32993704052038986
823605,681035,5,19,0.2978723404255319,6.5,0.39127525557319703,0,0.15309632562387065
823605,681035,5,19,0.2978723404255319,7.5,0.23518618232962316,0,0.05531254035878275
823605,681035,5,19,0.2978723404255319,8.5,0.12441890943349666,0,0.015480065024620645
823440,681035,7,20,0.2857142857142857,3.5,0.8548634007913789,1,0.021064632429843914
823440,681035,7,20,0.2857142857142857,4.5,0.7054083777840758,1,0.08678422387980979
823440,681035,7,20,0.2857142857142857,5.5,0.5206130006831187,1,0.2298118951140436
823440,681035,7,20,0.2857142857142857,6.5,0.3394748009267975,1,0.4362935386106938
823440,681035,7,20,0.2857142857142857,7.5,0.19461443336135698,0,0.03787477767256205
823440,681035,7,20,0.2857142857142857,8.5,0.09804011976661163,0,0.009611865083851553
823761,681035,6,18,0.2887323943661972,3.5,0.870088157750777,1,0.01687708675658701
823761,681035,6,18,0.2887323943661972,4.5,0.7292140195594011,1,0.0733250472031764
823761,681035,6,18,0.2887323943661972,5.5,0.5486752603994588,1,0.20369402057549632
823761,681035,6,18,0.2887323943661972,6.5,0.36539216670820224,0,0.13351143549171465
823761,681035,6,18,0.2887323943661972,7.5,0.21386226799068367,0,0.045737069670119
823761,681035,6,18,0.2887323943661972,8.5,0.10975323495228205,0,0.012045772582490826
823598,681035,7,24,0.29411764705882354,3.5,0.8616911910516099,1,0.019129326632722286
823598,681035,7,24,0.29411764705882354,4.5,0.7129154549244159,1,0.0824175360212551
823598,681035,7,24,0.29411764705882354,5.5,0.5249808912208336,1,0.22564315370535354
823598,681035,7,24,0.29411764705882354,6.5,0.33850478255723226,1,0.43757592269965456
823598,681035,7,24,0.29411764705882354,7.5,0.18937544479644938,0,0.03586305909185305
823598,681035,7,24,0.29411764705882354,8.5,0.09150222165140387,0,0.008372656567142643
823460,681190,3,20,0.09285714285714286,3.5,0.08468282637628742,0,0.00717118108307644
823460,681190,3,20,0.09285714285714286,4.5,0.025883598598716966,0,0.0006699606764195029
823460,681190,3,20,0.09285714285714286,5.5,0.006537994610927509,0,4.274537353251715e-05
823460,681190,3,20,0.09285714285714286,6.5,0.0013790301066208609,0,1.901724034966743e-06
823460,681190,3,20,0.09285714285714286,7.5,0.00024494989311880336,0,6.000045013891319e-08
823460,681190,3,20,0.09285714285714286,8.5,3.688035719017725e-05,0,1.3601607464750588e-09
823291,681190,3,22,0.09420289855072464,3.5,0.08383158682404963,0,0.007027734949438172
823291,681190,3,22,0.09420289855072464,4.5,0.025354963579143953,0,0.0006428741780997163
823291,681190,3,22,0.09420289855072464,5.5,0.006325879570534994,0,4.0016752340912e-05
823291,681190,3,22,0.09420289855072464,6.5,0.0013168506472793038,0,1.7340956272399214e-06
823291,681190,3,22,0.09420289855072464,7.5,0.00023090900535536796,0,5.331896875420535e-08
823291,681190,3,22,0.09420289855072464,8.5,3.437051852788066e-05,0,1.1813325438753875e-09
824828,681190,5,23,0.08029197080291971,3.5,0.051290241452213475,1,0.9000502059637994
824828,681190,5,23,0.08029197080291971,4.5,0.013035785880227963,1,0.9740983599530594
824828,681190,5,23,0.08029197080291971,5.5,0.002703090042780096,0,7.306695779376901e-06
824828,681190,5,23,0.08029197080291971,6.5,0.0004629971951399235,0,2.1436640270743642e-07
824828,681190,5,23,0.08029197080291971,7.5,6.613877293129267e-05,0,4.3743372848570915e-09
824828,681190,5,23,0.08029197080291971,8.5,7.936579104623631e-06,0,6.298928788394844e-11
822886,681190,1,21,0.1079136690647482,3.5,0.12400400603909355,0,0.01537699351374355
822886,681190,1,21,0.1079136690647482,4.5,0.04328609223331948,0,0.001873685780831441
822886,681190,1,21,0.1079136690647482,5.5,0.012562153123481091,0,0.00015780769109778573
822886,681190,1,21,0.1079136690647482,6.5,0.0030583901778849505,0,9.353750480183139e-06
822886,681190,1,21,0.1079136690647482,7.5,0.0006294978343301969,0,3.96267523426408e-07
822886,681190,1,21,0.1079136690647482,8.5,0.00011022999535296444,0,1.2150651875514563e-08
823283,681190,1,19,0.10638297872340426,3.5,0.124722502664788,0,0.01555570267096805
823283,681190,1,19,0.10638297872340426,4.5,0.04372632160495826,0,0.0019119912011002398
823283,681190,1,19,0.10638297872340426,5.5,0.012727709793504884,0,0.00016199459658768013
823283,681190,1,19,0.10638297872340426,6.5,0.0031003617052204236,0,9.612242703197292e-06
823283,681190,1,19,0.10638297872340426,7.5,0.000636406987537196,0,4.050138537861687e-07
823283,681190,1,19,0.10638297872340426,8.5,0.00011070979474113403,0,1.2256658651624028e-08
823935,681190,0,16,0.1111111111111111,3.5,0.14691511468169122,0,0.02158405092193448
823935,681190,0,16,0.1111111111111111,4.5,0.054215142304297845,0,0.002939281655075266
823935,681190,0,16,0.1111111111111111,5.5,0.016553564388590517,0,0.00027402049396721217
823935,681190,0,16,0.1111111111111111,6.5,0.004214217466069297,0,1.7759628851323527e-05
823935,681190,0,16,0.1111111111111111,7.5,0.00090126655183453,0,8.122813974557035e-07
823935,681190,0,16,0.1111111111111111,8.5,0.00016299488342120584,0,2.656733202149248e-08
824086,681190,2,11,0.09395973154362416,3.5,0.09963686941011901,0,0.00992750574584911
824086,681190,2,11,0.09395973154362416,4.5,0.031064072345906895,0,0.0009649765907117375
824086,681190,2,11,0.09395973154362416,5.5,0.007932088003202116,0,6.291802009054293e-05
824086,681190,2,11,0.09395973154362416,6.5,0.0016815117662342183,0,2.8274818199841204e-06
824086,681190,2,11,0.09395973154362416,7.5,0.0002991186272556816,0,8.94719531713234e-08
824086,681190,2,11,0.09395973154362416,8.5,4.5009180042848335e-05,0,2.025826288129537e-09
823841,681190,0,10,0.10666666666666667,3.5,0.14073685219983165,0,0.019806861567117258
823841,681190,0,10,0.10666666666666667,4.5,0.04946629438557909,0,0.0024469142802407734
823841,681190,0,10,0.10666666666666667,5.5,0.014317760040378148,0,0.00020499825257384925
823841,681190,0,10,0.10666666666666667,6.5,0.0034538327027965787,0,1.1928960338907121e-05
823841,681190,0,10,0.10666666666666667,7.5,0.0007009725601571772,0,4.913625300933073e-07
823841,681190,0,10,0.10666666666666667,8.5,0.0001205549615714184,0,1.4533498759486166e-08
823271,681190,1,18,0.1056338028169014,3.5,0.12482949517618147,0,0.015582402865940313
823271,681190,1,18,0.1056338028169014,4.5,0.043697078799399,0,0.0019094346956008855
823271,681190,1,18,0.1056338028169014,5.5,0.012674082304751408,0,0.00016063236226761276
823271,681190,1,18,0.1056338028169014,6.5,0.0030699274120394603,0,9.424454315191299e-06
823271,681190,1,18,0.1056338028169014,7.5,0.0006254081558605609,0,3.9113536141690766e-07
823271,681190,1,18,0.1056338028169014,8.5,0.00010779972133265234,0,1.16207799193975e-08
824188,681293,3,19,0.24260355029585798,3.5,0.7417876131089635,0,0.5502488629618932
824188,681293,3,19,0.24260355029585798,4.5,0.5907753527465713,0,0.3490155174128358
824188,681293,3,19,0.24260355029585798,5.5,0.4267309688328168,0,0.18209931976099447
824188,681293,3,19,0.24260355029585798,6.5,0.2757076472457267,0,0.07601470674977408
824188,681293,3,19,0.24260355029585798,7.5,0.1582367245552603,0,0.02503886099797732
824188,681293,3,19,0.24260355029585798,8.5,0.08044636761319099,0,0.006471618062156664
824025,681293,7,26,0.22839506172839505,3.5,0.6768983563101623,1,0.10439467215507486
824025,681293,7,26,0.22839506172839505,4.5,0.5037019220156004,1,0.24631178221100922
824025,681293,7,26,0.22839506172839505,5.5,0.33429887714099354,1,0.44315798497574194
824025,681293,7,26,0.22839506172839505,6.5,0.19618233781449257,1,0.6461228340413745
824025,681293,7,26,0.22839506172839505,7.5,0.10158599516311817,0,0.010319714413281068
824025,681293,7,26,0.22839506172839505,8.5,0.046459419124695374,0,0.0021584776254041102
824099,681293,7,26,0.22839506172839505,3.5,0.6768983563101623,1,0.10439467215507486
824099,681293,7,26,0.22839506172839505,4.5,0.5037019220156004,1,0.24631178221100922
824099,681293,7,26,0.22839506172839505,5.5,0.33429887714099354,1,0.44315798497574194
824099,681293,7,26,0.22839506172839505,6.5,0.19618233781449257,1,0.6461228340413745
824099,681293,7,26,0.22839506172839505,7.5,0.10158599516311817,0,0.010319714413281068
824099,681293,7,26,0.22839506172839505,8.5,0.046459419124695374,0,0.0021584776254041102
824180,681293,8,24,0.21951219512195122,3.5,0.6550478437033964,1,0.11899199013367642
824180,681293,8,24,0.21951219512195122,4.5,0.47940905774186915,1,0.2710149291612085
824180,681293,8,24,0.21951219512195122,5.5,0.31282990010112943,1,0.4722027461950238
824180,681293,8,24,0.21951219512195122,6.5,0.18080322293773915,1,0.6710833595491954
824180,681293,8,24,0.21951219512195122,7.5,0.09246040880924017,1,0.8236281095786914
824180,681293,8,24,0.21951219512195122,8.5,0.04187802118168572,0,0.0017537686580937181
824255,681293,7,19,0.21893491124260356,3.5,0.6755878775582498,1,0.10524322518716113
824255,681293,7,19,0.21893491124260356,4.5,0.5051610300836552,1,0.2448656061478692
824255,681293,7,19,0.21893491124260356,5.5,0.33725313331481244,1,0.4392334093010338
824255,681293,7,19,0.21893491124260356,6.5,0.19903733426516546,1,0.6415411919010523
824255,681293,7,19,0.21893491124260356,7.5,0.10345418177995497,0,0.010702767727759967
824255,681293,7,19,0.21893491124260356,8.5,0.047322632244947295,0,0.0022394315225905256
824173,681293,4,19,0.23668639053254437,3.5,0.726612997791392,1,0.07474045297660944
824173,681293,4,19,0.23668639053254437,4.5,0.5704027143133518,0,0.3253592564960392
824173,681293,4,19,0.23668639053254437,5.5,0.4045226211403803,0,0.16363855101428365
824173,681293,4,19,0.23668639053254437,6.5,0.255836183789896,0,0.06545215293617743
824173,681293,4,19,0.23668639053254437,7.5,0.14341226495038736,0,0.020567077738200105
824173,681293,4,19,0.23668639053254437,8.5,0.07109207716341995,0,0.005054083435409656
822710,681293,2,25,0.25766871165644173,3.5,0.7570060759416953,0,0.5730581990126438
822710,681293,2,25,0.25766871165644173,4.5,0.6085934454935304,0,0.37038598189768684
822710,681293,2,25,0.25766871165644173,5.5,0.4453838562223342,0,0.19836677938347683
822710,681293,2,25,0.25766871165644173,6.5,0.29292858494350527,0,0.08580715587700438
822710,681293,2,25,0.25766871165644173,7.5,0.17220274511281464,0,0.029653785424389005
822710,681293,2,25,0.25766871165644173,8.5,0.09039086925636018,0,0.008170509244920401
824169,681293,6,21,0.2275449101796407,3.5,0.691429118817749,1,0.09521598871359084
824169,681293,6,21,0.2275449101796407,4.5,0.5254546975398513,1,0.225193244086994
824169,681293,6,21,0.2275449101796407,5.5,0.35889295357963613,1,0.41101824496984257
824169,681293,6,21,0.2275449101796407,6.5,0.2181333906996072,0,0.047582176138107474
824169,681293,6,21,0.2275449101796407,7.5,0.11749050384034788,0,0.0138040184926588
824169,681293,6,21,0.2275449101796407,8.5,0.0559939801159812,0,0.0031353258092288983
824573,681293,0,9,0.24581005586592178,3.5,0.8202854002405726,0,0.6728681378478364
824573,681293,0,9,0.24581005586592178,4.5,0.6604805579298039,0,0.436234567403265
824573,681293,0,9,0.24581005586592178,5.5,0.47709025753677364,0,0.227615113836505
824573,681293,0,9,0.24581005586592178,6.5,0.30692889882732427,0,0.09420534893535386
824573,681293,0,9,0.24581005586592178,7.5,0.1754397567890276,0,0.030779108262193156
824573,681293,0,9,0.24581005586592178,8.5,0.08905286394861057,0,0.007930412577449746
824189,681347,3,25,0.14285714285714285,3.5,0.44736432873398474,0,0.20013484262360876
824189,681347,3,25,0.14285714285714285,4.5,0.2477928641591647,0,0.06140130352820226
824189,681347,3,25,0.14285714285714285,5.5,0.11551272118138245,0,0.013343188754727802
824189,681347,3,25,0.14285714285714285,6.5,0.0455921998818975,0,0.0020786486900708943
824189,681347,3,25,0.14285714285714285,7.5,0.015338945322501024,0,0.00023528324360667604
824189,681347,3,25,0.14285714285714285,8.5,0.004425962345468336,0,1.958914268350357e-05
824183,681347,3,26,0.1440677966101695,3.5,0.44765335582523297,0,0.20039352698159263
824183,681347,3,26,0.1440677966101695,4.5,0.2474307584048142,0,0.06122198020478154
824183,681347,3,26,0.1440677966101695,5.5,0.11486550458148946,0,0.013194084142760177
824183,681347,3,26,0.1440677966101695,6.5,0.045036176361163416,0,0.0020282571812338143
824183,681347,3,26,0.1440677966101695,7.5,0.01500745567395026,0,0.00022522372580558185
824183,681347,3,26,0.1440677966101695,8.5,0.004274619092997977,0,1.8272368390222845e-05
824100,681347,5,24,0.125,3.5,0.35255271943309263,1,0.41918798111348365
824100,681347,5,24,0.125,4.5,0.17467312696522166,1,0.6811644473533651
824100,681347,5,24,0.125,5.5,0.0722447934176944,0,0.005219310175965339
824100,681347,5,24,0.125,6.5,0.0251711316079555,0,0.0006335858664250165
824100,681347,5,24,0.125,7.5,0.007450761344299875,0,5.5513844609713286e-05
824100,681347,5,24,0.125,8.5,0.0018870578631858096,0,3.560987379011394e-06
822798,681347,3,21,0.13821138211382114,3.5,0.44771434518067627,0,0.20044813488056173
822798,681347,3,21,0.13821138211382114,4.5,0.24723817639388473,0,0.061126715866573665
822798,681347,3,21,0.13821138211382114,5.5,0.11459934588296952,0,0.013133010076804483
822798,681347,3,21,0.13821138211382114,6.5,0.04483764108415391,0,0.0020104140579914067
822798,681347,3,21,0.13821138211382114,7.5,0.014904143398285176,0,0.00022213349043664757
822798,681347,3,21,0.13821138211382114,8.5,0.004234082664273213,0,1.792745600789895e-05
824175,681347,3,23,0.14049586776859505,3.5,0.4473816311010706,0,0.20015032384665443
824175,681347,3,23,0.14049586776859505,4.5,0.24803022449347395,0,0.061518992262283086
824175,681347,3,23,0.14049586776859505,5.5,0.11576640453320275,0,0.013401860418545146
824175,681347,3,23,0.14049586776859505,6.5,0.0457509380631785,0,0.0020931483336607956
824175,681347,3,23,0.14049586776859505,7.5,0.015407527097321549,0,0.0002373918912546978
824175,681347,3,23,0.14049586776859505,8.5,0.004447113091229922,0,1.9776814846188552e-05
822712,681347,3,25,0.14285714285714285,3.5,0.44736432873398474,0,0.20013484262360876
822712,681347,3,25,0.14285714285714285,4.5,0.2477928641591647,0,0.06140130352820226
822712,681347,3,25,0.14285714285714285,5.5,0.11551272118138245,0,0.013343188754727802
822712,681347,3,25,0.14285714285714285,6.5,0.0455921998818975,0,0.0020786486900708943
822712,681347,3,25,0.14285714285714285,7.5,0.015338945322501024,0,0.00023528324360667604
822712,681347,3,25,0.14285714285714285,8.5,0.004425962345468336,0,1.958914268350357e-05
823049,681517,1,19,0.23404255319148937,3.5,0.7264420452689708,0,0.5277180451345654
823049,681517,1,19,0.23404255319148937,4.5,0.5557389822362128,0,0.3088458163769416
823049,681517,1,19,0.23404255319148937,5.5,0.37827896980508185,0,0.14309497899679402
823049,681517,1,19,0.23404255319148937,6.5,0.22606365468750017,0,0.05110477597066932
823049,681517,1,19,0.23404255319148937,7.5,0.11781276227258058,0,0.013879846954295587
823049,681517,1,19,0.23404255319148937,8.5,0.0534117232308396,0,0.0028528121784878106
823695,681517,5,22,0.21621621621621623,3.5,0.6568252202116092,1,0.11776892948281055
823695,681517,5,22,0.21621621621621623,4.5,0.4700456633062155,1,0.28085159898054907
823695,681517,5,22,0.21621621621621623,5.5,0.29559497231217324,0,0.08737638765623447
823695,681517,5,22,0.21621621621621623,6.5,0.16197720053636339,0,0.02623661349359728
823695,681517,5,22,0.21621621621621623,7.5,0.07711784419138476,0,0.005947161892726696
823695,681517,5,22,0.21621621621621623,8.5,0.03190412469619091,0,0.0010178731726300987
823044,681517,7,24,0.20765027322404372,3.5,0.6189528017082614,1,0.14519696732598356
823044,681517,7,24,0.20765027322404372,4.5,0.4258065742979041,1,0.3296980901195084
823044,681517,7,24,0.20765027322404372,5.5,0.25520010600661497,1,0.5547268820925577
823044,681517,7,24,0.20765027322404372,6.5,0.13237436410782433,1,0.7527742440573022
823044,681517,7,24,0.20765027322404372,7.5,0.059348818138911165,0,0.003522282214485551
823044,681517,7,24,0.20765027322404372,8.5,0.02303091399510735,0,0.0005304229994500316
823043,681517,3,24,0.22950819672131148,3.5,0.6940706075122296,0,0.4817340082123955
823043,681517,3,24,0.22950819672131148,4.5,0.5133872313530528,0,0.2635664493163529
823043,681517,3,24,0.22950819672131148,5.5,0.3354624803582651,0,0.1125350757281194
823043,681517,3,24,0.22950819672131148,6.5,0.19158890427984443,0,0.03670630824315139
823043,681517,3,24,0.22950819672131148,7.5,0.09520839636370983,0,0.009064638738149274
823043,681517,3,24,0.22950819672131148,8.5,0.041140058619843524,0,0.0016925044232441613
823037,681517,5,20,0.21390374331550802,3.5,0.6572604877396934,1,0.11747037326443288
823037,681517,5,20,0.21390374331550802,4.5,0.47079091635671666,1,0.2800622542105637
823037,681517,5,20,0.21390374331550802,5.5,0.29611502551466873,0,0.08768410833555292
823037,681517,5,20,0.21390374331550802,6.5,0.16206122140027518,0,0.02626383948174901
823037,681517,5,20,0.21390374331550802,7.5,0.0769106491764572,0,0.005915247956744076
823037,681517,5,20,0.21390374331550802,8.5,0.031639777327677115,0,0.0010010755093449908
824658,681517,6,20,0.20855614973262032,3.5,0.6382223536128484,1,0.1308830654254269
824658,681517,6,20,0.20855614973262032,4.5,0.44880156189456094,1,0.3038197181698756
824658,681517,6,20,0.20855614973262032,5.5,0.2761577370326146,1,0.5239476216577456
824658,681517,6,20,0.20855614973262032,6.5,0.14749099303875152,0,0.02175359302755705
824658,681517,6,20,0.20855614973262032,7.5,0.06818986006379173,0,0.0046498570155194974
824658,681517,6,20,0.20855614973262032,8.5,0.02729559938315528,0,0.0007450497456857068
823033,681517,2,10,0.2182741116751269,3.5,0.7288093437121159,0,0.5311630594820851
823033,681517,2,10,0.2182741116751269,4.5,0.5334140160642797,0,0.28453051253382367
823033,681517,2,10,0.2182741116751269,5.5,0.3403453031382057,0,0.11583492536823714
823033,681517,2,10,0.2182741116751269,6.5,0.18828362119878186,0,0.03545072201172638
823033,681517,2,10,0.2182741116751269,7.5,0.09023702939069882,0,0.008142721473257841
823033,681517,2,10,0.2182741116751269,8.5,0.037506418412798906,0,0.0014067314221559409
824006,681517,4,20,0.2192513368983957,3.5,0.6755141782098355,1,0.1052910485428384
824006,681517,4,20,0.2192513368983957,4.5,0.4924506891507948,0,0.24250768124509275
824006,681517,4,20,0.2192513368983957,5.5,0.3163506301866119,0,0.1000777212194665
824006,681517,4,20,0.2192513368983957,6.5,0.1772818036992756,0,0.031428837922868484
824006,681517,4,20,0.2192513368983957,7.5,0.08629982449411322,0,0.007447659707714744
824006,681517,4,20,0.2192513368983957,8.5,0.03646111637884001,0,0.0013294130075913152
823028,681517,9,24,0.19672131147540983,3.5,0.576806156840777,1,0.17909302888787307
823028,681517,9,24,0.19672131147540983,4.5,0.3806308034762355,1,0.38361820160249355
823028,681517,9,24,0.19672131147540983,5.5,0.21735802701444262,1,0.6125284578787259
823028,681517,9,24,0.19672131147540983,6.5,0.10693110788282317,1,0.7975720460674015
823028,681517,9,24,0.19672131147540983,7.5,0.04532952061245679,1,0.9113957242140416
823028,681517,9,24,0.19672131147540983,8.5,0.01659690974689892,1,0.967081637919349
822782,681517,3,24,0.22950819672131148,3.5,0.6940706075122296,0,0.4817340082123955
822782,681517,3,24,0.22950819672131148,4.5,0.5133872313530528,0,0.2635664493163529
822782,681517,3,24,0.22950819672131148,5.5,0.3354624803582651,0,0.1125350757281194
822782,681517,3,24,0.22950819672131148,6.5,0.19158890427984443,0,0.03670630824315139
822782,681517,3,24,0.22950819672131148,7.5,0.09520839636370983,0,0.009064638738149274
822782,681517,3,24,0.22950819672131148,8.5,0.041140058619843524,0,0.0016925044232441613
824254,682052,4,14,0.28125,3.5,0.8816003266123302,1,0.014018482658306877
824254,682052,4,14,0.28125,4.5,0.7490275438258871,0,0.5610422614098413
824254,682052,4,14,0.28125,5.5,0.5745342263934102,0,0.33008957729747435
824254,682052,4,14,0.28125,6.5,0.3920022892440984,0,0.1536657947726138
824254,682052,4,14,0.28125,7.5,0.23602569795665837,0,0.055708130095927726
824254,682052,4,14,0.28125,8.5,0.12497100568035495,0,0.015617752260759309
824978,682052,6,19,0.2711864406779661,3.5,0.7787928016261078,1,0.04893262461242651
824978,682052,6,19,0.2711864406779661,4.5,0.6184089707000935,1,0.1456117136421621
824978,682052,6,19,0.2711864406779661,5.5,0.44760769082324253,1,0.30513726323763046
824978,682052,6,19,0.2711864406779661,6.5,0.29329733688730064,0,0.08602332782518272
824978,682052,6,19,0.2711864406779661,7.5,0.1724738769450545,0,0.029747238228457804
824978,682052,6,19,0.2711864406779661,8.5,0.09016717478416778,0,0.00813011940855866
823680,682052,4,21,0.3157894736842105,3.5,0.8523067955408621,1,0.021813282643408715
823680,682052,4,21,0.3157894736842105,4.5,0.7165662554039313,0,0.5134671983836121
823680,682052,4,21,0.3157894736842105,5.5,0.5548340714261805,0,0.3078408468153519
823680,682052,4,21,0.3157894736842105,6.5,0.39450465717894434,0,0.1556339245358764
823680,682052,4,21,0.3157894736842105,7.5,0.2569568394626639,0,0.06602681734664123
823680,682052,4,21,0.3157894736842105,8.5,0.15253559981076995,0,0.02326710920963136
824973,682052,8,24,0.25925925925925924,3.5,0.7033005046503796,1,0.08803059054071939
824973,682052,8,24,0.25925925925925924,4.5,0.5087294936515226,1,0.24134671040788933
824973,682052,8,24,0.25925925925925924,5.5,0.32299140810971033,1,0.45834063349327286
824973,682052,8,24,0.25925925925925924,6.5,0.17899702931775252,1,0.6740458778690753
824973,682052,8,24,0.25925925925925924,7.5,0.08619652630352774,1,0.8350367885397394
824973,682052,8,24,0.25925925925925924,8.5,0.03588900439547034,0,0.0012880206364980892
824269,682243,9,20,0.24324324324324326,3.5,0.8264229257169349,1,0.03012900071666871
824269,682243,9,20,0.24324324324324326,4.5,0.6759413589467715,1,0.10501400284126516
824269,682243,9,20,0.24324324324324326,5.5,0.5006743031533409,1,0.24932615153140167
824269,682243,9,20,0.24324324324324326,6.5,0.3328785268983345,1,0.44505105987333615
824269,682243,9,20,0.24324324324324326,7.5,0.19766149475591485,1,0.6437470769973128
824269,682243,9,20,0.24324324324324326,8.5,0.10454085243721867,1,0.801847084953863
822726,682243,7,26,0.26256983240223464,3.5,0.853143431259322,1,0.021566851782285477
822726,682243,7,26,0.26256983240223464,4.5,0.7135998655338123,1,0.0820250370222504
822726,682243,7,26,0.26256983240223464,5.5,0.5431792275240551,1,0.208685218165519
822726,682243,7,26,0.26256983240223464,6.5,0.3729925725908625,1,0.39313831402622484
822726,682243,7,26,0.26256983240223464,7.5,0.23013882730657015,0,0.05296387983404332
822726,682243,7,26,0.26256983240223464,8.5,0.12741662324427888,0,0.01623499587897451
823124,682243,7,16,0.24867724867724866,3.5,0.8620221677396428,1,0.01903788219526727
823124,682243,7,16,0.24867724867724866,4.5,0.721977283912367,1,0.07729663066074456
823124,682243,7,16,0.24867724867724866,5.5,0.5469077737374526,1,0.20529256549955147
823124,682243,7,16,0.24867724867724866,6.5,0.37068311390166103,1,0.39603974312850965
823124,682243,7,16,0.24867724867724866,7.5,0.22372150551132491,0,0.05005131202825378
823124,682243,7,16,0.24867724867724866,8.5,0.12007966306306417,0,0.014419125481339017
823366,682243,11,22,0.23497267759562843,3.5,0.796298629522999,1,0.04149424833420841
823366,682243,11,22,0.23497267759562843,4.5,0.633655826852184,1,0.13420805319935697
823366,682243,11,22,0.23497267759562843,5.5,0.45434276175021215,1,0.29774182165438573
823366,682243,11,22,0.23497267759562843,6.5,0.29167108247382045,1,0.5017298554038092
823366,682243,11,22,0.23497267759562843,7.5,0.16712101216687691,1,0.6936874083739276
823366,682243,11,22,0.23497267759562843,8.5,0.08532750754482199,1,0.8366257684541677
823119,682243,8,24,0.2541436464088398,3.5,0.8384486470167917,1,0.026098839650705176
823119,682243,8,24,0.2541436464088398,4.5,0.6929322529380088,1,0.09429060128572704
823119,682243,8,24,0.2541436464088398,5.5,0.5205066900378108,1,0.22991383429849604
823119,682243,8,24,0.2541436464088398,6.5,0.3527150094269981,1,0.418977859021091
823119,682243,8,24,0.2541436464088398,7.5,0.21486475492307658,1,0.6164373530620006
823119,682243,8,24,0.2541436464088398,8.5,0.11747512349702788,0,0.013800404640641951
823846,682243,3,28,0.288135593220339,3.5,0.8981735298326332,0,0.806715689692012
823846,682243,3,28,0.288135593220339,4.5,0.7846538916662193,0,0.6156817297069431
823846,682243,3,28,0.288135593220339,5.5,0.6306707507242105,0,0.3977455958190393
823846,682243,3,28,0.288135593220339,6.5,0.46038355898472416,0,0.211953021383441
823846,682243,3,28,0.288135593220339,7.5,0.30272963474238895,0,0.09164523175126023
823846,682243,3,28,0.288135593220339,8.5,0.17838478444214098,0,0.031821131320469105
823115,682243,6,26,0.2681564245810056,3.5,0.864632396268978,1,0.018324388139878994
823115,682243,6,26,0.2681564245810056,4.5,0.7313447739801296,1,0.07217563046778762
823115,682243,6,26,0.2681564245810056,5.5,0.5646948602447133,1,0.18949056469736972
823115,682243,6,26,0.2681564245810056,6.5,0.3943139562490235,0,0.1554834960927568
823115,682243,6,26,0.2681564245810056,7.5,0.24787254141364334,0,0.061440796786858334
823115,682243,6,26,0.2681564245810056,8.5,0.14002385608887366,0,0.0196066802739976
822872,682243,0,23,0.2967032967032967,3.5,0.9159908951060776,0,0.8390393199172332
822872,682243,0,23,0.2967032967032967,4.5,0.8181492229652089,0,0.669368151038575
822872,682243,0,23,0.2967032967032967,5.5,0.6803838665088162,0,0.46292220580548665
822872,682243,0,23,0.2967032967032967,6.5,0.5207931942984894,0,0.2712255512276241
822872,682243,0,23,0.2967032967032967,7.5,0.3641988386863287,0,0.13264079410047047
822872,682243,0,23,0.2967032967032967,8.5,0.23152462811430372,0,0.05360365342346664
823111,682243,3,20,0.2756756756756757,3.5,0.8927219157149695,0,0.7969524187978051
823111,682243,3,20,0.2756756756756757,4.5,0.7789495687617571,0,0.6067624306741274
823111,682243,3,20,0.2756756756756757,5.5,0.6273447115712563,0,0.3935613871364227
823111,682243,3,20,0.2756756756756757,6.5,0.4607953872769916,0,0.21233238893575268
823111,682243,3,20,0.2756756756756757,7.5,0.30619426208754985,0,0.09375492613533917
823111,682243,3,20,0.2756756756756757,8.5,0.1830694544702449,0,0.03351442516003307
825074,683000,1,11,0.21739130434782608,3.5,0.2362964165635412,0,0.05583599648077059
825074,683000,1,11,0.21739130434782608,4.5,0.10695827010929992,0,0.011440071544773962
825074,683000,1,11,0.21739130434782608,5.5,0.042950116041273585,0,0.0018447124679588666
825074,683000,1,11,0.21739130434782608,6.5,0.015218781348138236,0,0.00023161130572244026
825074,683000,1,11,0.21739130434782608,7.5,0.004640537959915287,0,2.1534592557414734e-05
825074,683000,1,11,0.21739130434782608,8.5,0.0011857446105079704,0,1.4059902813486984e-06
822726,683000,2,17,0.225,3.5,0.17139220305307099,0,0.029375287267385114
822726,683000,2,17,0.225,4.5,0.05523932583209811,0,0.0030513831183847017
822726,683000,2,17,0.225,5.5,0.01327107825481842,0,0.0001761215180455143
822726,683000,2,17,0.225,6.5,0.002355041066060223,0,5.546218422830071e-06
822726,683000,2,17,0.225,7.5,0.00030175473248906127,0,9.105591857954493e-08
822726,683000,2,17,0.225,8.5,2.660436304669976e-05,0,7.077921331206038e-10
822716,683000,3,11,0.17391304347826086,3.5,0.1399851445301884,0,0.019595840689137736
822716,683000,3,11,0.17391304347826086,4.5,0.05258688138118928,0,0.0027653800933992714
822716,683000,3,11,0.17391304347826086,5.5,0.01722171268976253,0,0.0002965873879687277
822716,683000,3,11,0.17391304347826086,6.5,0.004870781114450608,0,2.372450866488871e-05
822716,683000,3,11,0.17391304347826086,7.5,0.0011642330053951776,0,1.3554384908514875e-06
822716,683000,3,11,0.17391304347826086,8.5,0.00023046053180387523,0,5.3112056719324986e-08
824981,683000,5,9,0.125,3.5,0.06261299987794272,1,0.8786943879978297
824981,683000,5,9,0.125,4.5,0.017248179290275882,1,0.9658011411082777
824981,683000,5,9,0.125,5.5,0.004011823471679494,0,1.6094727567918512e-05
824981,683000,5,9,0.125,6.5,0.0007893134121097484,0,6.230156625363335e-07
824981,683000,5,9,0.125,7.5,0.00012999828043991346,0,1.6899552917334388e-08
824981,683000,5,9,0.125,8.5,1.7674215930574264e-05,0,3.123779087605651e-10
822706,683000,0,9,0.22916666666666666,3.5,0.290216046887243,0,0.08422535387085843
822706,683000,0,9,0.22916666666666666,4.5,0.13731468016022333,0,0.01885532138750443
822706,683000,0,9,0.22916666666666666,5.5,0.05662626310155542,0,0.0032065336728465768
822706,683000,0,9,0.22916666666666666,6.5,0.020541645337210597,0,0.00042195919315974586
822706,683000,0,9,0.22916666666666666,7.5,0.0064773651196010475,0,4.1956258892624294e-05
822706,683000,0,9,0.22916666666666666,8.5,0.0017347076260619235,0,3.009210547917394e-06
824185,683003,4,21,0.2874251497005988,3.5,0.7946700398954005,1,0.042160392516556414
824185,683003,4,21,0.2874251497005988,4.5,0.6299969602977364,0,0.3968961699843877
824185,683003,4,21,0.2874251497005988,5.5,0.44827355206447506,0,0.20094917748050162
824185,683003,4,21,0.2874251497005988,6.5,0.2839299431199426,0,0.08061621260009383
824185,683003,4,21,0.2874251497005988,7.5,0.15935268374222458,0,0.025393277815849446
824185,683003,4,21,0.2874251497005988,8.5,0.07906852509461981,0,0.006251831660638523
823372,683003,4,16,0.27906976744186046,3.5,0.7953598023156345,1,0.04187761050829618
823372,683003,4,16,0.27906976744186046,4.5,0.6322860903315674,0,0.39978570002677893
823372,683003,4,16,0.27906976744186046,5.5,0.450827657373988,0,0.2032455766533179
823372,683003,4,16,0.27906976744186046,6.5,0.28514078919779645,0,0.08130526966434219
823372,683003,4,16,0.27906976744186046,7.5,0.1588342151846226,0,0.025228307913314995
823372,683003,4,16,0.27906976744186046,8.5,0.07760190355180065,0,0.0060220554348629695
824993,683003,4,21,0.2874251497005988,3.5,0.7946700398954005,1,0.042160392516556414
824993,683003,4,21,0.2874251497005988,4.5,0.6299969602977364,0,0.3968961699843877
824993,683003,4,21,0.2874251497005988,5.5,0.44827355206447506,0,0.20094917748050162
824993,683003,4,21,0.2874251497005988,6.5,0.2839299431199426,0,0.08061621260009383
824993,683003,4,21,0.2874251497005988,7.5,0.15935268374222458,0,0.025393277815849446
824993,683003,4,21,0.2874251497005988,8.5,0.07906852509461981,0,0.006251831660638523
824343,683003,3,12,0.2784090909090909,3.5,0.8216727070718545,0,0.6751460375467896
824343,683003,3,12,0.2784090909090909,4.5,0.658072725305684,0,0.43305971179125013
824343,683003,3,12,0.2784090909090909,5.5,0.46898504250925366,0,0.21994697009740646
824343,683003,3,12,0.2784090909090909,6.5,0.2944515470060966,0,0.08670171353428352
824343,683003,3,12,0.2784090909090909,7.5,0.1621919166295465,0,0.02630621781996576
824343,683003,3,12,0.2784090909090909,8.5,0.07829574690748711,0,0.006130223983801278
823364,683003,4,20,0.2857142857142857,3.5,0.7934881107645073,1,0.0426471603956124
823364,683003,4,20,0.2857142857142857,4.5,0.6292717683751959,0,0.39598295847404624
823364,683003,4,20,0.2857142857142857,5.5,0.44842281349876123,0,0.2010830196661448
823364,683003,4,20,0.2857142857142857,6.5,0.2847762845779595,0,0.08109753225802697
823364,683003,4,20,0.2857142857142857,7.5,0.1603717719423424,0,0.02571910523592668
823364,683003,4,20,0.2857142857142857,8.5,0.07984430437834726,0,0.006375112941662164
823442,683003,6,16,0.26744186046511625,3.5,0.7667063881923103,1,0.054425909310277014
823442,683003,6,16,0.26744186046511625,4.5,0.5933493303523621,1,0.1653647671248723
823442,683003,6,16,0.26744186046511625,5.5,0.4091885707402548,1,0.349058144943943
823442,683003,6,16,0.26744186046511625,6.5,0.24902523706550184,0,0.06201356869552939
823442,683003,6,16,0.26744186046511625,7.5,0.13295791041128968,0,0.01767780594093653
823442,683003,6,16,0.26744186046511625,8.5,0.06209022734617809,0,0.0038551963319000816
823360,683003,8,18,0.25882352941176473,3.5,0.7327150621976879,1,0.07144123797598585
823360,683003,8,18,0.25882352941176473,4.5,0.5504000968566275,1,0.20214007290652994
823360,683003,8,18,0.25882352941176473,5.5,0.36712640525175355,1,0.4005289869295677
823360,683003,8,18,0.25882352941176473,6.5,0.21590885264559054,1,0.6147989273595542
823360,683003,8,18,0.25882352941176473,7.5,0.11147735485868379,1,0.7894724909289212
823360,683003,8,18,0.25882352941176473,8.5,0.05040625671788407,0,0.0025407907163092327
824414,683003,9,19,0.25443786982248523,3.5,0.7155000351167741,1,0.08094023001855678
824414,683003,9,19,0.25443786982248523,4.5,0.5288052212900626,1,0.2220245194835069
824414,683003,9,19,0.25443786982248523,5.5,0.34609740948963486,1,0.42758859787616627
824414,683003,9,19,0.25443786982248523,6.5,0.19946315304478404,1,0.6408592433329989
824414,683003,9,19,0.25443786982248523,7.5,0.10091788871263864,1,0.8083486428369393
824414,683003,9,19,0.25443786982248523,8.5,0.044751398485661065,1,0.9124998906951002
823352,683003,5,21,0.281437125748503,3.5,0.7805846687272985,1,0.04814308759750935
823352,683003,5,21,0.281437125748503,4.5,0.6107899920088742,1,0.15148443032045222
823352,683003,5,21,0.281437125748503,5.5,0.42767367488904323,0,0.18290477219309906
823352,683003,5,21,0.281437125748503,6.5,0.2659303295385994,0,0.07071894016850808
823352,683003,5,21,0.281437125748503,7.5,0.14625731600070746,0,0.0213912024837308
823352,683003,5,21,0.281437125748503,8.5,0.07101886911047298,0,0.005043679769730493
823351,683003,5,24,0.2865853658536585,3.5,0.7870186635088606,1,0.04536104969355194
823351,683003,5,24,0.2865853658536585,4.5,0.6164966456795381,1,0.14707482277504574
823351,683003,5,24,0.2865853658536585,5.5,0.42979683393592677,0,0.1847253184613466
823351,683003,5,24,0.2865853658536585,6.5,0.2636958199720048,0,0.06953548547070797
823351,683003,5,24,0.2865853658536585,7.5,0.1412578279242223,0,0.0199537739498692
823351,683003,5,24,0.2865853658536585,8.5,0.06566712432677438,0,0.004312171217348043
822891,683004,2,23,0.15555555555555556,3.5,0.46951421286776057,0,0.2204435960848328
822891,683004,2,23,0.15555555555555556,4.5,0.26836956285010155,0,0.0720222222643546
822891,683004,2,23,0.15555555555555556,5.5,0.13021570536821855,0,0.016956129924542703
822891,683004,2,23,0.15555555555555556,6.5,0.05396544732708701,0,0.0029122695052126025
822891,683004,2,23,0.15555555555555556,7.5,0.019227578026198514,0,0.00036969975675355194
822891,683004,2,23,0.15555555555555556,8.5,0.005921590922963074,0,3.5065239058918674e-05
824752,683004,3,25,0.13953488372093023,3.5,0.35234931889168747,0,0.12415004252343607
824752,683004,3,25,0.13953488372093023,4.5,0.17285087269302313,0,0.029877424190739688
824752,683004,3,25,0.13953488372093023,5.5,0.0703101739798315,0,0.004943520565074174
824752,683004,3,25,0.13953488372093023,6.5,0.02391487390099856,0,0.000571921193700662
824752,683004,3,25,0.13953488372093023,7.5,0.0068558861263289415,0,4.7003174577189656e-05
824752,683004,3,25,0.13953488372093023,8.5,0.001667335059600668,0,2.780006200973563e-06
822889,683004,4,20,0.10416666666666667,3.5,0.23640086790324455,1,0.5830836345389182
822889,683004,4,20,0.10416666666666667,4.5,0.09800846743188128,0,0.009605659688346134
822889,683004,4,20,0.10416666666666667,5.5,0.03342031444770556,0,0.001116917417783517
822889,683004,4,20,0.10416666666666667,6.5,0.009490368185586948,0,9.006708829800089e-05
822889,683004,4,20,0.10416666666666667,7.5,0.0022678932540494503,0,5.143339811763005e-06
822889,683004,4,20,0.10416666666666667,8.5,0.0004598739487094,0,2.1148404870157588e-07
823041,683352,3,13,0.10588235294117647,3.5,0.18953259723691757,0,0.035922605415371615
823041,683352,3,13,0.10588235294117647,4.5,0.07572539063782928,0,0.0057343347872518425
823041,683352,3,13,0.10588235294117647,5.5,0.025368472390401662,0,0.0006435593914225714
823041,683352,3,13,0.10588235294117647,6.5,0.007204054278645377,0,5.1898398049668764e-05
823041,683352,3,13,0.10588235294117647,7.5,0.0017489923473144103,0,3.058974230964371e-06
823041,683352,3,13,0.10588235294117647,8.5,0.00036546784990761,0,1.3356674931609137e-07
823925,683352,0,15,0.14457831325301204,3.5,0.35707319667024934,0,0.12750126778031057
823925,683352,0,15,0.14457831325301204,4.5,0.18958091196698695,0,0.03594092218223446
823925,683352,0,15,0.14457831325301204,5.5,0.08625743108973602,0,0.007440344418200558
823925,683352,0,15,0.14457831325301204,6.5,0.033692437544216754,0,0.0011351803476709467
823925,683352,0,15,0.14457831325301204,7.5,0.011332496568082166,0,0.00012842547846559407
823925,683352,0,15,0.14457831325301204,8.5,0.003295134456242075,0,1.0857911084713754e-05
825058,683352,4,23,0.10666666666666667,3.5,0.147046574712333,1,0.7275295457099636
825058,683352,4,23,0.10666666666666667,4.5,0.0569631646041436,0,0.003244802121718758
825058,683352,4,23,0.10666666666666667,5.5,0.018993479939920937,0,0.00036075228022817903
825058,683352,4,23,0.10666666666666667,6.5,0.0054762697008492,0,2.998952983643898e-05
825058,683352,4,23,0.10666666666666667,7.5,0.001367616964349028,0,1.8703761611752506e-06
825058,683352,4,23,0.10666666666666667,8.5,0.00029621826949180415,0,8.774526318071911e-08
822704,683352,3,26,0.125,3.5,0.19066896860670973,0,0.03635465558954646
822704,683352,3,26,0.125,4.5,0.07788354170434998,0,0.006065846068413223
822704,683352,3,26,0.125,5.5,0.02694594284387168,0,0.0007260838357451995
822704,683352,3,26,0.125,6.5,0.007939776014197633,0,6.304004315562806e-05
822704,683352,3,26,0.125,7.5,0.0019962659272902503,0,3.985077652460003e-06
822704,683352,3,26,0.125,8.5,0.000428512605897516,0,1.8362305341307987e-07
824407,683352,2,21,0.12987012987012986,3.5,0.2472273220958444,0,0.06112134879068239
824407,683352,2,21,0.12987012987012986,4.5,0.11704705068477918,0,0.013700012074005266
824407,683352,2,21,0.12987012987012986,5.5,0.04810993178246064,0,0.002314565536113016
824407,683352,2,21,0.12987012987012986,6.5,0.017145484457980704,0,0.0002939676372988579
824407,683352,2,21,0.12987012987012986,7.5,0.005286818461637846,0,2.7950449446314765e-05
824407,683352,2,21,0.12987012987012986,8.5,0.0014097348156457523,0,1.987352250443763e-06
824672,684007,5,24,0.22277227722772278,3.5,0.7579800718597614,1,0.05857364561700628
824672,684007,5,24,0.22277227722772278,4.5,0.5735193267814637,1,0.18188576462893596
824672,684007,5,24,0.22277227722772278,5.5,0.3828843145522246,0,0.14660039833012686
824672,684007,5,24,0.22277227722772278,6.5,0.22449578164974113,0,0.05039835597852824
824672,684007,5,24,0.22277227722772278,7.5,0.11563923777460752,0,0.013372433313092215
824672,684007,5,24,0.22277227722772278,8.5,0.05246209409475207,0,0.0027522713168066197
824348,684007,7,19,0.20772946859903382,3.5,0.7252902225738778,1,0.07546546181350962
824348,684007,7,19,0.20772946859903382,4.5,0.531534743684298,1,0.2194596963749364
824348,684007,7,19,0.20772946859903382,5.5,0.34101433191638925,1,0.43426211073960286
824348,684007,7,19,0.20772946859903382,6.5,0.19074969887109325,1,0.6548860498772262
824348,684007,7,19,0.20772946859903382,7.5,0.09306779861127036,0,0.008661615138347978
824348,684007,7,19,0.20772946859903382,8.5,0.03970491271809055,0,0.0015764800939511885
824666,684007,3,22,0.23039215686274508,3.5,0.7885615991569259,0,0.6218293956649283
824666,684007,3,22,0.23039215686274508,4.5,0.61469248738123,0,0.37784685404292356
824666,684007,3,22,0.23039215686274508,5.5,0.4255765018834395,0,0.18111535895534517
824666,684007,3,22,0.23039215686274508,6.5,0.25997085463023667,0,0.06758484525717565
824666,684007,3,22,0.23039215686274508,7.5,0.13990288772967913,0,0.0195728179951032
824666,684007,3,22,0.23039215686274508,8.5,0.06638148831965693,0,0.004406501991532749
823611,684007,4,20,0.22330097087378642,3.5,0.7745249794376472,1,0.05083898489759342
823611,684007,4,20,0.22330097087378642,4.5,0.5953160093689769,0,0.3544011510110038
823611,684007,4,20,0.22330097087378642,5.5,0.404727216220563,0,0.16380411954964635
823611,684007,4,20,0.22330097087378642,6.5,0.24179956192190277,0,0.05846702814562409
823611,684007,4,20,0.22330097087378642,7.5,0.12675723518995724,0,0.016067396673002134
823611,684007,4,20,0.22330097087378642,8.5,0.058360703569309225,0,0.0034059717211047825
824662,684007,4,27,0.23115577889447236,3.5,0.7778498988534547,1,0.049350667439420313
824662,684007,4,27,0.23115577889447236,4.5,0.597543702894205,0,0.35705847686851794
824662,684007,4,27,0.23115577889447236,5.5,0.4046884565285526,0,0.16377274684746224
824662,684007,4,27,0.23115577889447236,6.5,0.23982166740198516,0,0.05751443215546839
824662,684007,4,27,0.23115577889447236,7.5,0.12408811761884175,0,0.015397860934187504
824662,684007,4,27,0.23115577889447236,8.5,0.05608643569861527,0,0.003145688269374905
824658,684007,8,19,0.2028985507246377,3.5,0.7068653770548234,1,0.08592790716921084
824658,684007,8,19,0.2028985507246377,4.5,0.5092014259637025,1,0.24088324027606295
824658,684007,8,19,0.2028985507246377,5.5,0.3201674072964821,1,0.4621723541019873
824658,684007,8,19,0.2028985507246377,6.5,0.17515509579943217,1,0.680369115985644
824658,684007,8,19,0.2028985507246377,7.5,0.0834638259411812,1,0.8400385583583774
824658,684007,8,19,0.2028985507246377,8.5,0.03474175243005061,0,0.0012069893619109273
824493,684007,5,23,0.22167487684729065,3.5,0.7574886994252793,1,0.05881173090644253
824493,684007,5,23,0.22167487684729065,4.5,0.5733164611771974,1,0.18205884230235012
824493,684007,5,23,0.22167487684729065,5.5,0.3830796395139392,0,0.1467500102101296
824493,684007,5,23,0.22167487684729065,6.5,0.22491962381023595,0,0.050588837174938055
824493,684007,5,23,0.22167487684729065,7.5,0.11604575630714818,0,0.013466617556898023
824493,684007,5,23,0.22167487684729065,8.5,0.052721884346018696,0,0.002779597088994971
824653,684007,4,26,0.23,3.5,0.7762037897560649,1,0.050084743719547624
824653,684007,4,26,0.23,4.5,0.5961115675908787,0,0.35534900101565475
824653,684007,4,26,0.23,5.5,0.40421586706234863,0,0.1633904671849663
824653,684007,4,26,0.23,6.5,0.2404597489683538,0,0.05782089087392372
824653,684007,4,26,0.23,7.5,0.12537538045299462,0,0.015718986023733145
824653,684007,4,26,0.23,8.5,0.05740542918260494,0,0.0032953832996390708
823355,684007,4,23,0.22660098522167488,3.5,0.7734670154839728,1,0.05131719307373862
823355,684007,4,23,0.22660098522167488,4.5,0.5942152418923792,0,0.3530917536972187
823355,684007,4,23,0.22660098522167488,5.5,0.4042001950963222,0,0.16337779771590494
823355,684007,4,23,0.22660098522167488,6.5,0.24210203007805264,0,0.058613392967914305
823355,684007,4,23,0.22660098522167488,7.5,0.1276160406552585,0,0.01628585383252459
823355,684007,4,23,0.22660098522167488,8.5,0.05929821273782462,0,0.0035162780339003056
824651,684007,6,23,0.21674876847290642,3.5,0.7407232030595494,1,0.06722445743169965
824651,684007,6,23,0.21674876847290642,4.5,0.551953857499392,1,0.20074534580967515
824651,684007,6,23,0.21674876847290642,5.5,0.36204419718120573,1,0.40698760635017234
824651,684007,6,23,0.21674876847290642,6.5,0.20824396066074657,0,0.043365547151674566
824651,684007,6,23,0.21674876847290642,7.5,0.1051035578838371,0,0.011046757879841097
824651,684007,6,23,0.21674876847290642,8.5,0.046661767028650596,0,0.002177320502236064
825056,684442,5,21,0.18421052631578946,3.5,0.4742275059184755,1,0.2764367155327067
825056,684442,5,21,0.18421052631578946,4.5,0.2636979859458135,1,0.5421406559002514
825056,684442,5,21,0.18421052631578946,5.5,0.12108121435142956,0,0.014660660468816832
825056,684442,5,21,0.18421052631578946,6.5,0.04593904437159282,0,0.0021103957977751738
825056,684442,5,21,0.18421052631578946,7.5,0.014427811799403256,0,0.00020816175331899982
825056,684442,5,21,0.18421052631578946,8.5,0.003754652379790654,0,1.4097414493067621e-05
822706,684442,1,19,0.275,3.5,0.8396493948206316,0,0.705011106222653
822706,684442,1,19,0.275,4.5,0.6782791742996536,0,0.4600626382886198
822706,684442,1,19,0.275,5.5,0.48368202545939,0,0.23394830175249798
822706,684442,1,19,0.275,6.5,0.29966387761031876,0,0.0897984395444521
822706,684442,1,19,0.275,7.5,0.15981476962254815,0,0.02554076058950814
822706,684442,1,19,0.275,8.5,0.07297651645472415,0,0.005325571953866625
824405,684442,6,19,0.15,3.5,0.3522748258432969,1,0.41954790123633146
824405,684442,6,19,0.15,4.5,0.17095663169654596,1,0.6873129065279365
824405,684442,6,19,0.15,5.5,0.06821543165235261,1,0.8682224818108115
824405,684442,6,19,0.15,6.5,0.02253562418031623,0,0.0005078543571964536
824405,684442,6,19,0.15,7.5,0.006203744775327219,0,3.8486449237399766e-05
824405,684442,6,19,0.15,8.5,0.001430207734344441,0,2.0454941633786587e-06
824338,685299,4,24,0.16666666666666666,3.5,0.4520048026874508,1,0.3002987362776197
824338,685299,4,24,0.16666666666666666,4.5,0.27732164180236113,0,0.07690729301195709
824338,685299,4,24,0.16666666666666666,5.5,0.14725018579704163,0,0.02168261721726328
824338,685299,4,24,0.16666666666666666,6.5,0.06750997747349353,0,0.004557597058471604
824338,685299,4,24,0.16666666666666666,7.5,0.026819396133176715,0,0.0007192800089482541
824338,685299,4,24,0.16666666666666666,8.5,0.009282737504531721,0,8.61692155780398e-05
824333,685299,7,23,0.13592233009708737,3.5,0.32341804256078505,1,0.4577631451322796
824333,685299,7,23,0.13592233009708737,4.5,0.16901628469514732,1,0.6905339351018565
824333,685299,7,23,0.13592233009708737,5.5,0.07509688811793393,1,0.8554457663691296
824333,685299,7,23,0.13592233009708737,6.5,0.02847755590852785,1,0.9438558593734676
824333,685299,7,23,0.13592233009708737,7.5,0.009279676872334837,0,8.611240285494606e-05
824333,685299,7,23,0.13592233009708737,8.5,0.002616603623023509,0,6.846614520019754e-06
823200,685299,1,23,0.1941747572815534,3.5,0.5660504412970063,0,0.3204131020925356
823200,685299,1,23,0.1941747572815534,4.5,0.39361295609154273,0,0.15493115920312275
823200,685299,1,23,0.1941747572815534,5.5,0.2415771169978474,0,0.05835950345699165
823200,685299,1,23,0.1941747572815534,6.5,0.12961039274693167,0,0.01679885390801388
823200,685299,1,23,0.1941747572815534,7.5,0.0606909662366469,0,0.003683393382737814
823200,685299,1,23,0.1941747572815534,8.5,0.024856834250820983,0,0.0006178622089727872
824330,685299,2,20,0.1792452830188679,3.5,0.533705126583662,0,0.28484116214168265
824330,685299,2,20,0.1792452830188679,4.5,0.35753171689483493,0,0.1278289285857684
824330,685299,2,20,0.1792452830188679,5.5,0.20867379915201614,0,0.04354475445253597
824330,685299,2,20,0.1792452830188679,6.5,0.10524394156307394,0,0.011076287235731723
824330,685299,2,20,0.1792452830188679,7.5,0.045856048741301385,0,0.0021027772061646085
824330,685299,2,20,0.1792452830188679,8.5,0.017318036868198307,0,0.0002999144009682758
823758,685299,4,9,0.1452991452991453,3.5,0.4466836203771404,1,0.3061590159589485
823758,685299,4,9,0.1452991452991453,4.5,0.24844524699778417,0,0.06172504075578998
823758,685299,4,9,0.1452991452991453,5.5,0.11681275117335924,0,0.013645218836689139
823758,685299,4,9,0.1452991452991453,6.5,0.046763279730199094,0,0.0021868043311248494
823758,685299,4,9,0.1452991452991453,7.5,0.016066603852206183,0,0.00025813575934372656
823758,685299,4,9,0.1452991452991453,8.5,0.004772551491895902,0,2.2777247742797803e-05
824324,685299,3,27,0.18181818181818182,3.5,0.4949858142649729,0,0.24501095632355824
824324,685299,3,27,0.18181818181818182,4.5,0.3147181282055464,0,0.09904750022120273
824324,685299,3,27,0.18181818181818182,5.5,0.1726032814823825,0,0.029791892778486564
824324,685299,3,27,0.18181818181818182,6.5,0.0810159149581117,0,0.006563578476499987
824324,685299,3,27,0.18181818181818182,7.5,0.0325088579657135,0,0.0010568258462349339
824324,685299,3,27,0.18181818181818182,8.5,0.011170603365224381,0,0.00012478237954316227
825078,686218,3,22,0.2658959537572254,3.5,0.7532148342583755,0,0.5673325865468721
825078,686218,3,22,0.2658959537572254,4.5,0.5934328154321755,0,0.3521625064317585
825078,686218,3,22,0.2658959537572254,5.5,0.41992154535652293,0,0.17633410425461035
825078,686218,3,22,0.2658959537572254,6.5,0.26290412978906064,0,0.06911858146014324
825078,686218,3,22,0.2658959537572254,7.5,0.14451404335496232,0,0.02088430872679993
825078,686218,3,22,0.2658959537572254,8.5,0.06959694838271267,0,0.004843735224185972
823941,686218,2,9,0.25268817204301075,3.5,0.7943660027781139,0,0.6310173463696784
823941,686218,2,9,0.25268817204301075,4.5,0.6195045086775386,0,0.38378583627179846
823941,686218,2,9,0.25268817204301075,5.5,0.42674318219551705,0,0.18210974355035625
823941,686218,2,9,0.25268817204301075,6.5,0.2572151647690881,0,0.06615964098718916
823941,686218,2,9,0.25268817204301075,7.5,0.13516180433081773,0,0.01826871334996226
823941,686218,2,9,0.25268817204301075,8.5,0.06190539817360948,0,0.003832278323033132
824586,686218,8,21,0.23563218390804597,3.5,0.6736666938266087,1,0.10649342671805634
824586,686218,8,21,0.23563218390804597,4.5,0.4924337724127389,1,0.25762347538716335
824586,686218,8,21,0.23563218390804597,5.5,0.3177415302885791,1,0.4654766194929698
824586,686218,8,21,0.23563218390804597,6.5,0.17915329974076832,1,0.673789305326469
824586,686218,8,21,0.23563218390804597,7.5,0.08795479500063814,1,0.831826455962328
824586,686218,8,21,0.23563218390804597,8.5,0.037620967208402495,0,0.0014153371736956959
823934,686218,4,21,0.25862068965517243,3.5,0.7381669795183985,1,0.06855653061451876
823934,686218,4,21,0.25862068965517243,4.5,0.5739912992571745,0,0.32946601162293926
823934,686218,4,21,0.25862068965517243,5.5,0.3997015549842652,0,0.15976133305683957
823934,686218,4,21,0.25862068965517243,6.5,0.24577975619889705,0,0.060407688557189275
823934,686218,4,21,0.25862068965517243,7.5,0.13252767369030397,0,0.017563584293763687
823934,686218,4,21,0.25862068965517243,8.5,0.06254819717605528,0,0.00391227696997469
823281,686218,5,20,0.25142857142857145,3.5,0.7229969682801429,1,0.07673067958199214
823281,686218,5,20,0.25142857142857145,4.5,0.5545877329788587,1,0.19839208761291252
823281,686218,5,20,0.25142857142857145,5.5,0.37963698489550946,0,0.14412424030055326
823281,686218,5,20,0.25142857142857145,6.5,0.22881992217846606,0,0.052358556785759264
823281,686218,5,20,0.25142857142857145,7.5,0.12064626889784104,0,0.014555522198970166
823281,686218,5,20,0.25142857142857145,8.5,0.05555047669256079,0,0.0030858554607707395
823931,686218,5,19,0.25,3.5,0.7233608246736517,1,0.07652923332524207
823931,686218,5,19,0.25,4.5,0.5552213900666256,1,0.1978280118542648
823931,686218,5,19,0.25,5.5,0.3801156681370195,0,0.14448792116325276
823931,686218,5,19,0.25,6.5,0.22890353795772714,0,0.05239682968956463
823931,686218,5,19,0.25,7.5,0.12041374273794861,0,0.014499469440160872
823931,686218,5,19,0.25,8.5,0.05522357941403212,0,0.0030496437232979123
823925,686218,7,21,0.2413793103448276,3.5,0.690955864508711,1,0.09550827768155816
823925,686218,7,21,0.2413793103448276,4.5,0.5135317327281995,1,0.2366513750624279
823925,686218,7,21,0.2413793103448276,5.5,0.3381086199087545,1,0.4381001990390936
823925,686218,7,21,0.2413793103448276,6.5,0.1950177632778049,1,0.6479964014382681
823925,686218,7,21,0.2413793103448276,7.5,0.09810948846068485,0,0.009625471726017253
823925,686218,7,21,0.2413793103448276,8.5,0.04304903111627319,0,0.001853219080049857
823436,686218,6,25,0.2529411764705882,3.5,0.7130740165619981,1,0.08232651997186455
823436,686218,6,25,0.2529411764705882,4.5,0.5377430571512118,1,0.2136814812119078
823436,686218,6,25,0.2529411764705882,5.5,0.35843894791580105,1,0.4116005835513843
823436,686218,6,25,0.2529411764705882,6.5,0.20795184376801387,0,0.04324396932651645
823436,686218,6,25,0.2529411764705882,7.5,0.10406681446720314,0,0.010829901873351281
823436,686218,6,25,0.2529411764705882,8.5,0.04470380070132995,0,0.0019984297971442277
823599,686218,5,21,0.25287356321839083,3.5,0.7231967348818513,1,0.0766200475800681
823599,686218,5,21,0.25287356321839083,4.5,0.5543514709716065,1,0.19860261142517086
823599,686218,5,21,0.25287356321839083,5.5,0.3791546700486403,0,0.14375826381969328
823599,686218,5,21,0.25287356321839083,6.5,0.22837822640459024,0,0.052156614295706276
823599,686218,5,21,0.25287356321839083,7.5,0.12040509035168093,0,0.014497385782596448
823599,686218,5,21,0.25287356321839083,8.5,0.05549529379353749,0,0.0030797276332310405
823919,686218,4,16,0.25139664804469275,3.5,0.7428029809323657,1,0.06615030661727703
823919,686218,4,16,0.25139664804469275,4.5,0.5784703839145174,0,0.3346279850662092
823919,686218,4,16,0.25139664804469275,5.5,0.4012023160787494,0,0.16096329842695273
823919,686218,4,16,0.25139664804469275,6.5,0.2439470649936441,0,0.05951017051901322
823919,686218,4,16,0.25139664804469275,7.5,0.12908421950372817,0,0.016662735724886676
823919,686218,4,16,0.25139664804469275,8.5,0.05934977803327505,0,0.0035223961525990173
824182,686613,7,22,0.19375,3.5,0.6633316883688883,1,0.11334555205654331
824182,686613,7,22,0.19375,4.5,0.46127485772849497,1,0.29022477891545334
824182,686613,7,22,0.19375,5.5,0.27878859155494023,1,0.5201458956713069
824182,686613,7,22,0.19375,6.5,0.1459683215405257,1,0.729370107812307
824182,686613,7,22,0.19375,7.5,0.06620010355821582,0,0.004382453711118499
824182,686613,7,22,0.19375,8.5,0.026036456352544896,0,0.0006778970593979755
822800,686613,4,17,0.20606060606060606,3.5,0.74310928130634,1,0.06599284135094514
822800,686613,4,17,0.20606060606060606,4.5,0.5502666779519383,0,0.30279341686426214
822800,686613,4,17,0.20606060606060606,5.5,0.3553376167797273,0,0.12626482189869634
822800,686613,4,17,0.20606060606060606,6.5,0.19875862531980443,0,0.039504991139018404
822800,686613,4,17,0.20606060606060606,7.5,0.09615023322645068,0,0.009244867349500861
822800,686613,4,17,0.20606060606060606,8.5,0.04026621836656261,0,0.0016213683415437043
824256,686613,4,26,0.21794871794871795,3.5,0.7386206268681964,1,0.06831917669877462
824256,686613,4,26,0.21794871794871795,4.5,0.5488569385269444,0,0.30124393896917
824256,686613,4,26,0.21794871794871795,5.5,0.3575415806052828,0,0.12783598186172393
824256,686613,4,26,0.21794871794871795,6.5,0.20272380868751827,0,0.04109694260877351
824256,686613,4,26,0.21794871794871795,7.5,0.09974687746892018,0,0.009949439564799776
824256,686613,4,26,0.21794871794871795,8.5,0.04254911976709314,0,0.0018104275929544363
824171,686613,3,22,0.21875,3.5,0.7571890129817436,0,0.5733352013802671
824171,686613,3,22,0.21875,4.5,0.5748688797406465,0,0.33047422889426586
824171,686613,3,22,0.21875,5.5,0.38542869896641474,0,0.14855528198694315
824171,686613,3,22,0.21875,6.5,0.22648881005937105,0,0.05129718108210986
824171,686613,3,22,0.21875,7.5,0.11625612212129406,0,0.013515485930681238
824171,686613,3,22,0.21875,8.5,0.052063854985492104,0,0.002710644995950351
822878,686613,4,25,0.21656050955414013,3.5,0.7371200872927033,1,0.06910584850499595
822878,686613,4,25,0.21656050955414013,4.5,0.5478645299984733,0,0.30015554323044813
822878,686613,4,25,0.21656050955414013,5.5,0.35757224247514197,0,0.12785790858870172
822878,686613,4,25,0.21656050955414013,6.5,0.20362905640985507,0,0.04146479261436794
822878,686613,4,25,0.21656050955414013,7.5,0.10096499987910786,0,0.010193931200588249
822878,686613,4,25,0.21656050955414013,8.5,0.043585674765683674,0,0.0018997110447799546
824168,686613,4,24,0.21518987341772153,3.5,0.7361215192158856,1,0.0696318526209322
824168,686613,4,24,0.21518987341772153,4.5,0.5473304485267252,0,0.29957061988446615
824168,686613,4,24,0.21518987341772153,5.5,0.35776923080167766,0,0.1279988225084241
824168,686613,4,24,0.21518987341772153,6.5,0.20434422078147074,0,0.041756560566786456
824168,686613,4,24,0.21518987341772153,7.5,0.10178044279513011,0,0.010359258535572754
824168,686613,4,24,0.21518987341772153,8.5,0.04420945613110356,0,0.00195447601140797
824571,686613,7,23,0.1949685534591195,3.5,0.6632297105427054,1,0.11341422786114999
824571,686613,7,23,0.1949685534591195,4.5,0.46106957878713145,1,0.29044599890867984
824571,686613,7,23,0.1949685534591195,5.5,0.27863669290580223,1,0.520365020821878
824571,686613,7,23,0.1949685534591195,6.5,0.14594983177798795,1,0.7294016898400472
824571,686613,7,23,0.1949685534591195,7.5,0.06627472678902221,0,0.004392339410959538
824571,686613,7,23,0.1949685534591195,8.5,0.026127258119624665,0,0.000682633616849493
824164,686613,5,23,0.20754716981132076,3.5,0.7128161051991546,1,0.08247458943298303
824164,686613,5,23,0.20754716981132076,4.5,0.5190503626540951,1,0.23131255366315745
824164,686613,5,23,0.20754716981132076,5.5,0.3311366984610426,0,0.10965151306767945
824164,686613,5,23,0.20754716981132076,6.5,0.18413824658124772,0,0.033906893854016386
824164,686613,5,23,0.20754716981132076,7.5,0.08912716305340854,0,0.007943651193948872
824164,686613,5,23,0.20754716981132076,8.5,0.037560892000827434,0,0.0014108206078978223
823856,686753,1,10,0.14285714285714285,3.5,0.03343421072619359,0,0.0011178464468835185
823856,686753,1,10,0.14285714285714285,4.5,0.005685910555653678,0,3.232957884689392e-05
823856,686753,1,10,0.14285714285714285,5.5,0.000675800802639526,0,4.567067248482275e-07
823856,686753,1,10,0.14285714285714285,6.5,5.488976487281545e-05,0,3.012886287792965e-09
823856,686753,1,10,0.14285714285714285,7.5,2.892288803682051e-06,0,8.365334523904548e-12
823856,686753,1,10,0.14285714285714285,8.5,8.850332936603582e-08,0,7.832839308873019e-15
825069,686753,1,9,0.13793103448275862,3.5,0.033903932843479284,0,0.0011494766622551532
825069,686753,1,9,0.13793103448275862,4.5,0.005867809224983006,0,3.443118510079567e-05
825069,686753,1,9,0.13793103448275862,5.5,0.0007164834847536617,0,5.133485839247505e-07
825069,686753,1,9,0.13793103448275862,6.5,6.0521385326007476e-05,0,3.662838081779073e-09
825069,686753,1,9,0.13793103448275862,7.5,3.3711437877465222e-06,0,1.1364610437661968e-11
825069,686753,1,9,0.13793103448275862,8.5,1.1153546287262635e-07,0,1.244015947821101e-14
823041,686753,1,9,0.13793103448275862,3.5,0.033903932843479284,0,0.0011494766622551532
823041,686753,1,9,0.13793103448275862,4.5,0.005867809224983006,0,3.443118510079567e-05
823041,686753,1,9,0.13793103448275862,5.5,0.0007164834847536617,0,5.133485839247505e-07
823041,686753,1,9,0.13793103448275862,6.5,6.0521385326007476e-05,0,3.662838081779073e-09
823041,686753,1,9,0.13793103448275862,7.5,3.3711437877465222e-06,0,1.1364610437661968e-11
823041,686753,1,9,0.13793103448275862,8.5,1.1153546287262635e-07,0,1.244015947821101e-14
825057,686753,2,10,0.10714285714285714,3.5,0.0125170471112414,0,0.00015667646838503666
825057,686753,2,10,0.10714285714285714,4.5,0.0015623492259449752,0,2.440935103810863e-06
825057,686753,2,10,0.10714285714285714,5.5,0.0001356213375391332,0,1.83931471959035e-08
825057,686753,2,10,0.10714285714285714,6.5,8.023409406233447e-06,0,6.437509850003536e-11
825057,686753,2,10,0.10714285714285714,7.5,3.075419256472502e-07,0,9.458203603081875e-14
825057,686753,2,10,0.10714285714285714,8.5,6.844602061725744e-09,0,4.684857738338031e-17
823782,686790,4,22,0.1566265060240964,3.5,0.41118345492518477,1,0.346704923753842
823782,686790,4,22,0.1566265060240964,4.5,0.21895961377708287,0,0.047943312465409296
823782,686790,4,22,0.1566265060240964,5.5,0.09818111405180233,0,0.009639531156453017
823782,686790,4,22,0.1566265060240964,6.5,0.03743519470041055,0,0.0014013938022576459
823782,686790,4,22,0.1566265060240964,7.5,0.012259508632085074,0,0.00015029555190016844
823782,686790,4,22,0.1566265060240964,8.5,0.0034783764217281225,0,1.2099102531234138e-05
824670,686790,6,21,0.1437125748502994,3.5,0.3520140033375373,1,0.41988585187064514
824670,686790,6,21,0.1437125748502994,4.5,0.17465112594563623,1,0.681200763902806
824670,686790,6,21,0.1437125748502994,5.5,0.07262325776991206,1,0.860027622029291
824670,686790,6,21,0.1437125748502994,6.5,0.02559453152236451,0,0.0006550800438493105
824670,686790,6,21,0.1437125748502994,7.5,0.007725358308110348,0,5.9681160988689576e-05
824670,686790,6,21,0.1437125748502994,8.5,0.002014155182682509,0,4.056821099926811e-06
823213,686790,4,20,0.15476190476190477,3.5,0.41133658083448466,1,0.34652462106363524
823213,686790,4,20,0.15476190476190477,4.5,0.21927227253615986,0,0.04808032950317197
823213,686790,4,20,0.15476190476190477,5.5,0.09840643253639308,0,0.009683825964539684
823213,686790,4,20,0.15476190476190477,6.5,0.037513928151289136,0,0.0014072948053400836
823213,686790,4,20,0.15476190476190477,7.5,0.012257268854248368,0,0.0001502406397653271
823213,686790,4,20,0.15476190476190477,8.5,0.003459055387313464,0,1.1965064172502297e-05
823854,686790,1,20,0.17261904761904762,3.5,0.4986130416310166,0,0.2486149652845339
823854,686790,1,20,0.17261904761904762,4.5,0.29239297629170546,0,0.08549365258472183
823854,686790,1,20,0.17261904761904762,5.5,0.14553591664266946,0,0.021180703033022035
823854,686790,1,20,0.17261904761904762,6.5,0.061854279573524226,0,0.0038259519015596964
823854,686790,1,20,0.17261904761904762,7.5,0.022611663879564755,0,0.0005112873434024134
823854,686790,1,20,0.17261904761904762,8.5,0.00715788102767509,0,5.1235260806351e-05
823206,686790,3,24,0.16463414634146342,3.5,0.44120520374793604,0,0.19466203181425776
823206,686790,3,24,0.16463414634146342,4.5,0.24183406690695428,0,0.05848371591675724
823206,686790,3,24,0.16463414634146342,5.5,0.11143990638538494,0,0.012418852735183358
823206,686790,3,24,0.16463414634146342,6.5,0.043536417497793814,0,0.0018954196485422073
823206,686790,3,24,0.16463414634146342,7.5,0.014560431824855042,0,0.00021200617492625153
823206,686790,3,24,0.16463414634146342,8.5,0.004208422083731281,0,1.771081643483714e-05
825064,686790,5,19,0.14792899408284024,3.5,0.3818232129148552,1,0.3821425400909124
825064,686790,5,19,0.14792899408284024,4.5,0.19630470129790037,1,0.6459261331558572
825064,686790,5,19,0.14792899408284024,5.5,0.08464583952855373,0,0.007164918149493669
825064,686790,5,19,0.14792899408284024,6.5,0.030907335957640565,0,0.0009552634159984614
825064,686790,5,19,0.14792899408284024,7.5,0.00964664815157928,0,9.305782056036793e-05
825064,686790,5,19,0.14792899408284024,8.5,0.0025943098442623774,0,6.730443568036681e-06
823203,686790,0,18,0.17647058823529413,3.5,0.5275320045236919,0,0.2782900157967845
823203,686790,0,18,0.17647058823529413,4.5,0.3177039256641689,0,0.10093578438242375
823203,686790,0,18,0.17647058823529413,5.5,0.16244014549358451,0,0.026386800867976904
823203,686790,0,18,0.17647058823529413,6.5,0.0708311161587506,0,0.00501704701629442
823203,686790,0,18,0.17647058823529413,7.5,0.026513098375677013,0,0.000702944385478327
823203,686790,0,18,0.17647058823529413,8.5,0.008575642848081141,0,7.354165025784523e-05
823199,686790,4,25,0.15950920245398773,3.5,0.4120291555193833,1,0.3457097139592495
823199,686790,4,25,0.15950920245398773,4.5,0.21758224732759385,0,0.04734203435212622
823199,686790,4,25,0.15950920245398773,5.5,0.09593462977850169,0,0.009203453190738183
823199,686790,4,25,0.15950920245398773,6.5,0.0355908676929468,0,0.0012667098631368445
823199,686790,4,25,0.15950920245398773,7.5,0.011203879408723937,0,0.00012552691380522823
823199,686790,4,25,0.15950920245398773,8.5,0.0030161427084782833,0,9.097116837906715e-06
824087,686790,3,19,0.15976331360946747,3.5,0.4409615694776342,0,0.1944471057561784
824087,686790,3,19,0.15976331360946747,4.5,0.2428032278889889,0,0.05895340747331227
824087,686790,3,19,0.15976331360946747,5.5,0.1127243579500996,0,0.012706780875262181
824087,686790,3,19,0.15976331360946747,6.5,0.04446538206148599,0,0.00197717020187392
824087,686790,3,19,0.15976331360946747,7.5,0.015026577759718756,0,0.00022579803916887434
824087,686790,3,19,0.15976331360946747,8.5,0.004382608590511629,0,1.9207258057626325e-05
824186,686930,7,14,0.2127659574468085,3.5,0.4243012892420061,1,0.33142900556841626
824186,686930,7,14,0.2127659574468085,4.5,0.2449193523796141,1,0.5701467844108214
824186,686930,7,14,0.2127659574468085,5.5,0.1246787262298984,1,0.7661873323145132
824186,686930,7,14,0.2127659574468085,6.5,0.05600235001109843,1,0.8911315631845687
824186,686930,7,14,0.2127659574468085,7.5,0.02205994642712528,0,0.0004866412363676374
824186,686930,7,14,0.2127659574468085,8.5,0.007553833057256401,0,5.706039385689959e-05
824982,686930,2,11,0.3,3.5,0.7541196465643794,0,0.5686964413343845
824982,686930,2,11,0.3,4.5,0.567308755996122,0,0.32183922462986747
824982,686930,2,11,0.3,5.5,0.3783836035832494,0,0.14317415146064563
824982,686930,2,11,0.3,6.5,0.22463544905699653,0,0.050461084973038486
824982,686930,2,11,0.3,7.5,0.11949595687880878,0,0.014279283710382127
824982,686930,2,11,0.3,8.5,0.05706051115705921,0,0.0032559019335048783
823679,686930,2,15,0.32608695652173914,3.5,0.7244290867425986,0,0.5247975017187155
823679,686930,2,15,0.32608695652173914,4.5,0.5455077820998168,0,0.29757874033146114
823679,686930,2,15,0.32608695652173914,5.5,0.37651482755971616,0,0.1417634153723228
823679,686930,2,15,0.32608695652173914,6.5,0.24117450778353797,0,0.058165143204631814
823679,686930,2,15,0.32608695652173914,7.5,0.14340846766116366,0,0.020565988596923025
823679,686930,2,15,0.32608695652173914,8.5,0.07799009174347056,0,0.006082454410154955
824974,686930,6,21,0.275,3.5,0.5158077832276072,1,0.2344421027829638
824974,686930,6,21,0.275,4.5,0.2973148622064986,1,0.49376640287587203
824974,686930,6,21,0.275,5.5,0.1408935649951921,1,0.7380638666666702
824974,686930,6,21,0.275,6.5,0.05457282549549996,0,0.0029781932825622905
824974,686930,6,21,0.275,7.5,0.017158021183056833,0,0.000294397690918227
824974,686930,6,21,0.275,8.5,0.004330991189231886,0,1.875748468120423e-05
822810,687064,4,26,0.21333333333333335,3.5,0.808865537599764,1,0.03653238271702724
822810,687064,4,26,0.21333333333333335,4.5,0.639629898008696,0,0.4091264064266148
822810,687064,4,26,0.21333333333333335,5.5,0.44823957426893685,0,0.20091871594079774
822810,687064,4,26,0.21333333333333335,6.5,0.27557425792174856,0,0.0759411716291224
822810,687064,4,26,0.21333333333333335,7.5,0.14800388023864686,0,0.021905148565695722
822810,687064,4,26,0.21333333333333335,8.5,0.0693730363793546,0,0.004812618176491257
824831,687064,5,25,0.2079646017699115,3.5,0.7940862895593215,1,0.0424004561474476
824831,687064,5,25,0.2079646017699115,4.5,0.6192152457787132,1,0.14499702904736578
824831,687064,5,25,0.2079646017699115,5.5,0.42663622375386395,0,0.18201846741895708
824831,687064,5,25,0.2079646017699115,6.5,0.25736275463838265,0,0.06623558747505635
824831,687064,5,25,0.2079646017699115,7.5,0.13544931342912261,0,0.018346516508420695
824831,687064,5,25,0.2079646017699115,8.5,0.06216352241579265,0,0.0038643035191387553
823128,687064,2,26,0.2222222222222222,3.5,0.8355351903989635,0,0.6981190543950322
823128,687064,2,26,0.2222222222222222,4.5,0.6782941663901928,0,0.46008297615896654
823128,687064,2,26,0.2222222222222222,5.5,0.49117547473295353,0,0.24125334697914227
823128,687064,2,26,0.2222222222222222,6.5,0.31354483532341576,0,0.0983103637579879
823128,687064,2,26,0.2222222222222222,7.5,0.17545174895621646,0,0.030783316211795204
823128,687064,2,26,0.2222222222222222,8.5,0.08589064232624785,0,0.0073772024392154386
823934,687064,5,22,0.2052401746724891,3.5,0.795369584522137,1,0.041873606938642824
823934,687064,5,22,0.2052401746724891,4.5,0.6201385797020067,1,0.1442946986308087
823934,687064,5,22,0.2052401746724891,5.5,0.42669621857378426,0,0.18206966294516666
823934,687064,5,22,0.2052401746724891,6.5,0.2566310742346846,0,0.06585950826284821
823934,687064,5,22,0.2052401746724891,7.5,0.13440449295386253,0,0.018064567726184883
823934,687064,5,22,0.2052401746724891,8.5,0.06125593618817411,0,0.003752289718289659
824825,687064,8,24,0.19383259911894274,3.5,0.7458878031745391,1,0.0645730085754618
824825,687064,8,24,0.19383259911894274,4.5,0.5554968105795706,1,0.19758308540493416
824825,687064,8,24,0.19383259911894274,5.5,0.3620346889157511,1,0.4069997381468225
824825,687064,8,24,0.19383259911894274,6.5,0.20514197496609354,1,0.6317992799608023
824825,687064,8,24,0.19383259911894274,7.5,0.10090673700964405,1,0.8083686955546454
824825,687064,8,24,0.19383259911894274,8.5,0.04312307334375757,0,0.0018595994546110946
824499,687064,5,25,0.2079646017699115,3.5,0.7940862895593215,1,0.0424004561474476
824499,687064,5,25,0.2079646017699115,4.5,0.6192152457787132,1,0.14499702904736578
824499,687064,5,25,0.2079646017699115,5.5,0.42663622375386395,0,0.18201846741895708
824499,687064,5,25,0.2079646017699115,6.5,0.25736275463838265,0,0.06623558747505635
824499,687064,5,25,0.2079646017699115,7.5,0.13544931342912261,0,0.018346516508420695
824499,687064,5,25,0.2079646017699115,8.5,0.06216352241579265,0,0.0038643035191387553
824817,687064,5,27,0.20982142857142858,3.5,0.7949891052590612,1,0.04202946696248029
824817,687064,5,27,0.20982142857142858,4.5,0.6198973038226617,1,0.14447805964128194
824817,687064,5,27,0.20982142857142858,5.5,0.4267277973951076,0,0.18209661306967997
824817,687064,5,27,0.20982142857142858,6.5,0.2568825817977579,0,0.06598866083108179
824817,687064,5,27,0.20982142857142858,7.5,0.13471741156642417,0,0.018148780979157318
824817,687064,5,27,0.20982142857142858,8.5,0.06150464305789349,0,0.003782821117678886
824168,687064,7,27,0.20089285714285715,3.5,0.7635749010019033,1,0.05589682743625983
824168,687064,7,27,0.20089285714285715,4.5,0.577730570960974,1,0.178311470700945
824168,687064,7,27,0.20089285714285715,5.5,0.3834134177518458,1,0.38017901340845983
824168,687064,7,27,0.20089285714285715,6.5,0.22148743473037813,1,0.6060818142826873
824168,687064,7,27,0.20089285714285715,7.5,0.11110447104719597,0,0.012344203486677207
824168,687064,7,27,0.20089285714285715,8.5,0.048409452342830894,0,0.0023434750761328156
824811,687064,6,25,0.20353982300884957,3.5,0.7788047189236784,1,0.04892735237043291
824811,687064,6,25,0.20353982300884957,4.5,0.5984562516275183,1,0.16123738185702294
824811,687064,6,25,0.20353982300884957,5.5,0.40502744752255215,1,0.3539923382015294
824811,687064,6,25,0.20353982300884957,6.5,0.23944320031525496,0,0.057333046177211314
824811,687064,6,25,0.20353982300884957,7.5,0.12329867430617021,0,0.015202563085659038
824811,687064,6,25,0.20353982300884957,8.5,0.05530291744705319,0,0.0030584126781555807
824809,687064,5,24,0.20704845814977973,3.5,0.7941532817764269,1,0.04237287140341512
824809,687064,5,24,0.20704845814977973,4.5,0.6193008705190699,1,0.14493182718753797
824809,687064,5,24,0.20704845814977973,5.5,0.4266938794139265,0,0.18206766672930644
824809,687064,5,24,0.20704845814977973,6.5,0.25736066861168033,0,0.06623451374825114
824809,687064,5,24,0.20704845814977973,7.5,0.1353964905939784,0,0.018332209665165283
824809,687064,5,24,0.20704845814977973,8.5,0.0620940578252783,0,0.003855672017209005
824350,687075,2,23,0.26136363636363635,3.5,0.7715940837173028,0,0.595357430027544
824350,687075,2,23,0.26136363636363635,4.5,0.5927651287870871,0,0.35137049790597197
824350,687075,2,23,0.26136363636363635,5.5,0.40402588571877185,0,0.1632369163308381
824350,687075,2,23,0.26136363636363635,6.5,0.2431455084804733,0,0.05911973829422792
824350,687075,2,23,0.26136363636363635,7.5,0.12913790020074983,0,0.016676597268258823
824350,687075,2,23,0.26136363636363635,8.5,0.060606456898939995,0,0.0036731426178430713
824996,687075,3,21,0.25280898876404495,3.5,0.7532367770877575,0,0.567365642357552
824996,687075,3,21,0.25280898876404495,4.5,0.570600381345509,0,0.32558479519164024
824996,687075,3,21,0.25280898876404495,5.5,0.38344326645447213,0,0.14702873858927532
824996,687075,3,21,0.25280898876404495,6.5,0.22774943548233725,0,0.0518698053625233
824996,687075,3,21,0.25280898876404495,7.5,0.11952737954444001,0,0.014286794460760616
824996,687075,3,21,0.25280898876404495,8.5,0.05545285507860193,0,0.0030750191363684283
823774,687075,6,15,0.22826086956521738,3.5,0.7062251975165128,1,0.08630363457421192
823774,687075,6,15,0.22826086956521738,4.5,0.5089826924244765,1,0.24109799633871629
823774,687075,6,15,0.22826086956521738,5.5,0.32049004744386,1,0.4617337756228476
823774,687075,6,15,0.22826086956521738,6.5,0.17573751975946286,0,0.0308836758512076
823774,687075,6,15,0.22826086956521738,7.5,0.08396642340546012,0,0.007050360259505001
823774,687075,6,15,0.22826086956521738,8.5,0.035027525353695896,0,0.0012269275324038088
824501,687075,10,19,0.2111111111111111,3.5,0.620984067373923,1,0.14365307718441495
824501,687075,10,19,0.2111111111111111,4.5,0.41702180643203945,1,0.33986357417576246
824501,687075,10,19,0.2111111111111111,5.5,0.24362637356040645,1,0.5721010627733817
824501,687075,10,19,0.2111111111111111,6.5,0.12385524001522091,1,0.7676296404487862
824501,687075,10,19,0.2111111111111111,7.5,0.05489139083907167,1,0.8932302831101043
824501,687075,10,19,0.2111111111111111,8.5,0.021243877737198363,1,0.9579635468669163
823768,687075,7,22,0.23163841807909605,3.5,0.6828851902219247,1,0.10056180258058486
823768,687075,7,22,0.23163841807909605,4.5,0.4843285496357255,1,0.26591704472079447
823768,687075,7,22,0.23163841807909605,5.5,0.3010259533690522,1,0.4885647178636423
823768,687075,7,22,0.23163841807909605,6.5,0.16387943732433563,1,0.6990975953290696
823768,687075,7,22,0.23163841807909605,7.5,0.07831630438778639,0,0.00613344353296041
823768,687075,7,22,0.23163841807909605,8.5,0.03293699235519087,0,0.0010848454654059016
825061,687075,4,20,0.24581005586592178,3.5,0.7362370034353101,1,0.06957091835678464
825061,687075,4,20,0.24581005586592178,4.5,0.5496439831632106,0,0.3021085082275198
825061,687075,4,20,0.24581005586592178,5.5,0.36316897327438935,0,0.13189170314917412
825061,687075,4,20,0.24581005586592178,6.5,0.2116554918171343,0,0.044798047216353006
825061,687075,4,20,0.24581005586592178,7.5,0.10874438648414754,0,0.01182534159181365
825061,687075,4,20,0.24581005586592178,8.5,0.04925365169150258,0,0.0024259222049478548
823357,687075,3,17,0.24725274725274726,3.5,0.7549470463442037,0,0.5699450427838373
823357,687075,3,17,0.24725274725274726,4.5,0.5727002860312541,0,0.3279856176202803
823357,687075,3,17,0.24725274725274726,5.5,0.38466252913587284,0,0.14796526132120622
823357,687075,3,17,0.24725274725274726,6.5,0.22741558642954782,0,0.05171784895109513
823357,687075,3,17,0.24725274725274726,7.5,0.11808116542760203,0,0.013943161628740717
823357,687075,3,17,0.24725274725274726,8.5,0.05381375981922467,0,0.0028959207458811994
823760,687075,4,21,0.24719101123595505,3.5,0.7366183798861254,1,0.06936987781380934
823760,687075,4,21,0.24719101123595505,4.5,0.5495825267729838,0,0.30204095373417744
823760,687075,4,21,0.24719101123595505,5.5,0.3627247311625064,0,0.13156923059691256
823760,687075,4,21,0.24719101123595505,6.5,0.21115817187677294,0,0.044587773550340784
823760,687075,4,21,0.24719101123595505,7.5,0.10844248117183575,0,0.011759771722703951
823760,687075,4,21,0.24719101123595505,8.5,0.049167711870835906,0,0.002417463890613538
823195,687075,5,25,0.2471264367816092,3.5,0.7255180925713541,1,0.07534031750566772
823195,687075,5,25,0.2471264367816092,4.5,0.5320483022284231,1,0.2189787914473012
823195,687075,5,25,0.2471264367816092,5.5,0.3416187469454344,0,0.11670336826456876
823195,687075,5,25,0.2471264367816092,6.5,0.19104585790969242,0,0.03649851982445038
823195,687075,5,25,0.2471264367816092,7.5,0.09288074570624497,0,0.008626832922948142
823195,687075,5,25,0.2471264367816092,8.5,0.03921786188913209,0,0.001538040691155039
823757,687075,4,16,0.24043715846994534,3.5,0.7400771835046744,1,0.06755987053486269
823757,687075,4,16,0.24043715846994534,4.5,0.552425378957364,0,0.3051737993161872
823757,687075,4,16,0.24043715846994534,5.5,0.3632745524734872,0,0.13196840047481243
823757,687075,4,16,0.24043715846994534,6.5,0.20935159180124735,0,0.043828088989716095
823757,687075,4,16,0.24043715846994534,7.5,0.10559038252852167,0,0.011149328882519533
823757,687075,4,16,0.24043715846994534,8.5,0.046629743719009104,0,0.002174332999300469
822719,687223,3,12,0.2608695652173913,3.5,0.3510569072406298,0,0.12324095212135618
822719,687223,3,12,0.2608695652173913,4.5,0.15686143415981726,0,0.024605509526674688
822719,687223,3,12,0.2608695652173913,5.5,0.05369876926061064,0,0.002883557820104302
822719,687223,3,12,0.2608695652173913,6.5,0.013896767686283363,0,0.00019312015212652944
822719,687223,3,12,0.2608695652173913,7.5,0.0026655969634081763,0,7.1054071713308905e-06
822719,687223,3,12,0.2608695652173913,8.5,0.0003667587737730183,0,1.34511998139488e-07
822709,687223,4,12,0.21739130434782608,3.5,0.22757954785223025,1,0.5966333548961651
822709,687223,4,12,0.21739130434782608,4.5,0.08353146937421023,0,0.006977506375814621
822709,687223,4,12,0.21739130434782608,5.5,0.02319132983397293,0,0.0005378377794681229
822709,687223,4,12,0.21739130434782608,6.5,0.004829645756373451,0,2.3325478132056088e-05
822709,687223,4,12,0.21739130434782608,7.5,0.0007418616363267599,0,5.503586874534177e-07
822709,687223,4,12,0.21739130434782608,8.5,8.149033462401717e-05,0,6.640674637134292e-09
824329,687223,2,11,0.2916666666666667,3.5,0.4816635576994216,0,0.23199978281566402
824329,687223,2,11,0.2916666666666667,4.5,0.2546489364842925,0,0.06484608085258123
824329,687223,2,11,0.2916666666666667,5.5,0.10508636250726622,0,0.011043143585008568
824329,687223,2,11,0.2916666666666667,6.5,0.03323767500849868,0,0.0011047430399705779
824329,687223,2,11,0.2916666666666667,7.5,0.007879314714816022,0,6.20836003751163e-05
824329,687223,2,11,0.2916666666666667,8.5,0.00135326610982416,0,1.8313291639986156e-06
824336,687312,1,11,0.22727272727272727,3.5,0.7681105709910148,0,0.5899938492681427
824336,687312,1,11,0.22727272727272727,4.5,0.5805044845077102,0,0.3369854565335623
824336,687312,1,11,0.22727272727272727,5.5,0.38292308372243816,0,0.14663008804750138
824336,687312,1,11,0.22727272727272727,6.5,0.21844905742821993,0,0.04771999069127773
824336,687312,1,11,0.22727272727272727,7.5,0.10740369435498373,0,0.011535553561098763
824336,687312,1,11,0.22727272727272727,8.5,0.04548902093661817,0,0.002069251025772086
823928,687312,7,24,0.18666666666666668,3.5,0.470397283948674,1,0.2804790368489413
823928,687312,7,24,0.18666666666666668,4.5,0.2845960011395835,1,0.5118028815854748
823928,687312,7,24,0.18666666666666668,5.5,0.1479629134802849,1,0.7259671968050044
823928,687312,7,24,0.18666666666666668,6.5,0.06553681175035851,1,0.8732214501936849
823928,687312,7,24,0.18666666666666668,7.5,0.02462083115374253,0,0.0006061853267010987
823928,687312,7,24,0.18666666666666668,8.5,0.007833661756440263,0,6.136625651431475e-05
824332,687312,6,21,0.19230769230769232,3.5,0.5199057768580226,1,0.23049046309429874
824332,687312,6,21,0.19230769230769232,4.5,0.33613118735705755,1,0.4407218003999502
824332,687312,6,21,0.19230769230769232,5.5,0.18961486368787783,1,0.6567240691556169
824332,687312,6,21,0.19230769230769232,6.5,0.09236383734952933,0,0.00853107844993031
824332,687312,6,21,0.19230769230769232,7.5,0.03865959915931284,0,0.0014945646071587418
824332,687312,6,21,0.19230769230769232,8.5,0.013892100675528802,0,0.0001929904611790278
824327,687312,5,21,0.20512820512820512,3.5,0.5672362665589302,1,0.18728444898185329
824327,687312,5,21,0.20512820512820512,4.5,0.3848423051361578,1,0.378418989550196
824327,687312,5,21,0.20512820512820512,5.5,0.22985640213573025,0,0.052833965602782536
824327,687312,5,21,0.20512820512820512,6.5,0.11932314718900558,0,0.01423801345508909
824327,687312,5,21,0.20512820512820512,7.5,0.05345570946909202,0,0.002857512874843974
824327,687312,5,21,0.20512820512820512,8.5,0.020616913756470078,0,0.00042505713284172515
823273,687312,2,22,0.24675324675324675,3.5,0.6884589097682081,0,0.4739756704392297
823273,687312,2,22,0.24675324675324675,4.5,0.5225837857993987,0,0.2730938131804318
823273,687312,2,22,0.24675324675324675,5.5,0.3587098495393898,0,0.12867275615657164
823273,687312,2,22,0.24675324675324675,6.5,0.21878423584318488,0,0.04786654185348634
823273,687312,2,22,0.24675324675324675,7.5,0.11702126063940661,0,0.013693975441635935
823273,687312,2,22,0.24675324675324675,8.5,0.054499376037604644,0,0.0029701819884882354
822728,687473,3,11,0.18120805369127516,3.5,0.3485927091687721,0,0.12151687688562414
822728,687473,3,11,0.18120805369127516,4.5,0.19166495946751302,0,0.03673545668768341
822728,687473,3,11,0.18120805369127516,5.5,0.09517620168623774,0,0.009058509367419403
822728,687473,3,11,0.18120805369127516,6.5,0.04294924849664743,0,0.0018446379464267713
822728,687473,3,11,0.18120805369127516,7.5,0.01753842619085405,0,0.0003075963932520353
822728,687473,3,11,0.18120805369127516,8.5,0.006420574213820341,0,4.122377323517469e-05
823860,687473,1,10,0.19333333333333333,3.5,0.3945571439522558,0,0.15567533984376108
823860,687473,1,10,0.19333333333333333,4.5,0.22642630086865392,0,0.051268869725062186
823860,687473,1,10,0.19333333333333333,5.5,0.1177269127387467,0,0.013859625982996482
823860,687473,1,10,0.19333333333333333,6.5,0.05594684698387385,0,0.0031300496874369947
823860,687473,1,10,0.19333333333333333,7.5,0.02421935710172361,0,0.0005865772584208098
823860,687473,1,10,0.19333333333333333,8.5,0.009454015236614995,0,8.937840409414847e-05
823856,687473,4,16,0.18055555555555555,3.5,0.32369800633391443,1,0.45738438663672204
823856,687473,4,16,0.18055555555555555,4.5,0.17732948889624542,0,0.031445747632203626
823856,687473,4,16,0.18055555555555555,5.5,0.08888660434356647,0,0.00790082843172973
823856,687473,4,16,0.18055555555555555,6.5,0.0406986447755763,0,0.0016563796865685437
823856,687473,4,16,0.18055555555555555,7.5,0.016828510702803452,0,0.00028319877247437035
823856,687473,4,16,0.18055555555555555,8.5,0.006206610306884131,0,3.852201150152033e-05
823452,687473,1,26,0.21641791044776118,3.5,0.396244823712175,0,0.15700996031869266
823452,687473,1,26,0.21641791044776118,4.5,0.22125847649999647,0,0.04895531342309949
823452,687473,1,26,0.21641791044776118,5.5,0.11029940329534224,0,0.012165958367308554
823452,687473,1,26,0.21641791044776118,6.5,0.04999420669625843,0,0.0024994207031882117
823452,687473,1,26,0.21641791044776118,7.5,0.020789123606261322,0,0.00043218766031641174
823452,687473,1,26,0.21641791044776118,8.5,0.007920580009412762,0,6.273558768550908e-05
823852,687473,6,18,0.16901408450704225,3.5,0.2771172172173749,1,0.5225595176435519
823852,687473,6,18,0.16901408450704225,4.5,0.14346745217703452,1,0.7336480054801007
823852,687473,6,18,0.16901408450704225,5.5,0.06812435926735057,1,0.8683922097908858
823852,687473,6,18,0.16901408450704225,6.5,0.029592320299172064,0,0.000875705420688791
823852,687473,6,18,0.16901408450704225,7.5,0.011592501842970608,0,0.00013438609897927693
823852,687473,6,18,0.16901408450704225,8.5,0.004035433554686206,0,1.6284723974287352e-05
823038,687473,4,15,0.1793103448275862,3.5,0.3245391089975691,1,0.4562474152737978
823038,687473,4,15,0.1793103448275862,4.5,0.17748554024896104,0,0.03150111699746557
823038,687473,4,15,0.1793103448275862,5.5,0.08844040832151648,0,0.00782170582407656
823038,687473,4,15,0.1793103448275862,6.5,0.0401157601750618,0,0.0016092742144230743
823038,687473,4,15,0.1793103448275862,7.5,0.016406681268799156,0,0.0002691791902559651
823038,687473,4,15,0.1793103448275862,8.5,0.005985319584416245,0,3.582405052759665e-05
824335,687473,2,16,0.19444444444444445,3.5,0.3686029748470005,0,0.13586815306605848
824335,687473,2,16,0.19444444444444445,4.5,0.21220924180088935,0,0.045032762305708324
824335,687473,2,16,0.19444444444444445,5.5,0.1123844839375896,0,0.012630272229918334
824335,687473,2,16,0.19444444444444445,6.5,0.054752818930347634,0,0.002997871180819434
824335,687473,2,16,0.19444444444444445,7.5,0.024260693725105583,0,0.0005885812600233774
824335,687473,2,16,0.19444444444444445,8.5,0.009644425457002911,0,9.301494239568581e-05
823763,687473,2,11,0.18791946308724833,3.5,0.3717965098459821,0,0.1382326447336535
823763,687473,2,11,0.18791946308724833,4.5,0.20977031492305848,0,0.04400358502291913
823763,687473,2,11,0.18791946308724833,5.5,0.10711897677326433,0,0.011474475184951144
823763,687473,2,11,0.18791946308724833,6.5,0.049842408515801455,0,0.0024842656866560374
823763,687473,2,11,0.18791946308724833,7.5,0.021049206781585377,0,0.00044306910613393984
823763,687473,2,11,0.18791946308724833,8.5,0.007991285982555362,0,6.386065165498582e-05
823843,687473,4,13,0.17687074829931973,3.5,0.325627633658537,1,0.4547780884849844
823843,687473,4,13,0.17687074829931973,4.5,0.17659346240521073,0,0.031185250964260575
823843,687473,4,13,0.17687074829931973,5.5,0.08664176041466189,0,0.0075067946477516715
823843,687473,4,13,0.17687074829931973,6.5,0.03854097608597485,0,0.0014854068376596852
823843,687473,4,13,0.17687074829931973,7.5,0.015449505722978076,0,0.0002386872270843323
823843,687473,4,13,0.17687074829931973,8.5,0.005530887010633777,0,3.0590711124397436e-05
823837,687473,3,24,0.19852941176470587,3.5,0.344566887310759,0,0.1187263398310253
823837,687473,3,24,0.19852941176470587,4.5,0.18547010186983554,0,0.03439915868760717
823837,687473,3,24,0.19852941176470587,5.5,0.0910805993272272,0,0.0082956755738069
823837,687473,3,24,0.19852941176470587,6.5,0.04176427743151457,0,0.0017442548693765172
823837,687473,3,24,0.19852941176470587,7.5,0.01797645825086966,0,0.00032315305124525984
823837,687473,3,24,0.19852941176470587,8.5,0.0071843063667778395,0,5.16142579717246e-05
822970,687562,4,23,0.19534883720930232,3.5,0.7043685947753671,1,0.08739792775509113
822970,687562,4,23,0.19534883720930232,4.5,0.5079780817718387,0,0.25804173156059684
822970,687562,4,23,0.19534883720930232,5.5,0.3208095234107092,0,0.10291875031100636
822970,687562,4,23,0.19534883720930232,6.5,0.17702393557363866,0,0.03133747376597977
822970,687562,4,23,0.19534883720930232,7.5,0.085485681764592,0,0.007307801786757096
822970,687562,4,23,0.19534883720930232,8.5,0.03623433233372307,0,0.0013129268396706892
824746,687562,5,20,0.18807339449541285,3.5,0.6871792037945579,1,0.09785685053860675
824746,687562,5,20,0.18807339449541285,4.5,0.48631133673092036,1,0.2638760427711738
824746,687562,5,20,0.18807339449541285,5.5,0.2997122580909769,0,0.08982743764999235
824746,687562,5,20,0.18807339449541285,6.5,0.16053816073790378,0,0.02577250105310903
824746,687562,5,20,0.18807339449541285,7.5,0.07488336111127088,0,0.005607517771320995
824746,687562,5,20,0.18807339449541285,8.5,0.030523452356261686,0,0.0009316811437449771
824344,687562,9,21,0.17050691244239632,3.5,0.6020793782971993,1,0.15834082117634346
824344,687562,9,21,0.17050691244239632,4.5,0.39395057170750797,1,0.3672959095336564
824344,687562,9,21,0.17050691244239632,5.5,0.22225832240970364,1,0.6048821170609684
824344,687562,9,21,0.17050691244239632,6.5,0.10829982544561945,1,0.7951292013003127
824344,687562,9,21,0.17050691244239632,7.5,0.04577037584322997,1,0.9105541756183706
824344,687562,9,21,0.17050691244239632,8.5,0.01685749685857604,1,0.9665691814831847
824745,687562,3,23,0.2,3.5,0.7226785005116361,0,0.5222642151017468
824745,687562,3,23,0.2,4.5,0.5300895127219765,0,0.2809948914978225
824745,687562,3,23,0.2,5.5,0.34147281419909115,0,0.11660368283704703
824745,687562,3,23,0.2,6.5,0.1925826825446581,0,0.03708808961609656
824745,687562,3,23,0.2,7.5,0.09518538043166055,0,0.009060256647919948
824745,687562,3,23,0.2,8.5,0.04133702490801222,0,0.0017087496282456227
824013,687562,6,28,0.19047619047619047,3.5,0.6682085855572546,1,0.11008554269791765
824013,687562,6,28,0.19047619047619047,4.5,0.4637489723379864,1,0.2875651646685657
824013,687562,6,28,0.19047619047619047,5.5,0.2790510426746169,1,0.5197673990685571
824013,687562,6,28,0.19047619047619047,6.5,0.14537542507749884,0,0.02113401421646348
824013,687562,6,28,0.19047619047619047,7.5,0.06572033801463911,0,0.004319162828758419
824013,687562,6,28,0.19047619047619047,8.5,0.025874980570490792,0,0.000669514619523276
824578,687562,4,25,0.19718309859154928,3.5,0.7046281752754049,1,0.08724451484113693
824578,687562,4,25,0.19718309859154928,4.5,0.5078678309901492,0,0.25792973375463873
824578,687562,4,25,0.19718309859154928,5.5,0.3204359506062674,0,0.10267919844094224
824578,687562,4,25,0.19718309859154928,6.5,0.17665413416366404,0,0.031206683117113818
824578,687562,4,25,0.19718309859154928,7.5,0.08528031136754599,0,0.007272731506945594
824578,687562,4,25,0.19718309859154928,8.5,0.03618302577835928,0,0.0013092113544774123
824766,687562,3,21,0.19815668202764977,3.5,0.7237665905231879,0,0.52383807755756
824766,687562,3,21,0.19815668202764977,4.5,0.5307887034135093,0,0.2817366476713943
824766,687562,3,21,0.19815668202764977,5.5,0.34140143655341365,0,0.11655494088073452
824766,687562,3,21,0.19815668202764977,6.5,0.19188382937022463,0,0.03681940397378148
824766,687562,3,21,0.19815668202764977,7.5,0.09430068762701316,0,0.008892619686927512
824766,687562,3,21,0.19815668202764977,8.5,0.04062144497478186,0,0.0016501017918392304
824735,687562,4,26,0.19811320754716982,3.5,0.7052658595339946,1,0.08686821355623502
824735,687562,4,26,0.19811320754716982,4.5,0.5081249496480728,0,0.25819096445485645
824735,687562,4,26,0.19811320754716982,5.5,0.32019686685344867,0,0.10252603354276514
824735,687562,4,26,0.19811320754716982,6.5,0.1761308889112376,0,0.03102209002866272
824735,687562,4,26,0.19811320754716982,7.5,0.0847633166643988,0,0.007184819851949148
824735,687562,4,26,0.19811320754716982,8.5,0.035829091762462906,0,0.0012837238165229873
824976,687562,4,27,0.1990521327014218,3.5,0.7062364422932756,1,0.08629702783651197
824976,687562,4,27,0.1990521327014218,4.5,0.5086406106426813,0,0.2587152707949597
824976,687562,4,27,0.1990521327014218,5.5,0.32000014482295436,0,0.10240009268671177
824976,687562,4,27,0.1990521327014218,6.5,0.17543517531270308,0,0.030777500736998867
824976,687562,4,27,0.1990521327014218,7.5,0.08397623678884959,0,0.007052008345216936
824976,687562,4,27,0.1990521327014218,8.5,0.03522971082291772,0,0.0012411325246664058
823919,687562,4,24,0.19626168224299065,3.5,0.7043293218768196,1,0.08742114990182133
823919,687562,4,24,0.19626168224299065,4.5,0.5078335772797563,0,0.2578949422127542
823919,687562,4,24,0.19626168224299065,5.5,0.32065986240414085,0,0.10282274735704254
823919,687562,4,24,0.19626168224299065,6.5,0.17696345634654753,0,0.03131606488211643
823919,687562,4,24,0.19626168224299065,7.5,0.0855205833340359,0,0.007313770173793778
823919,687562,4,24,0.19626168224299065,8.5,0.03631041970675287,0,0.001318446579280547
823700,687570,7,27,0.2392638036809816,3.5,0.8144251279936662,1,0.03443803312016718
823700,687570,7,27,0.2392638036809816,4.5,0.6597325886731802,1,0.11578191121105519
823700,687570,7,27,0.2392638036809816,5.5,0.48544132837447274,1,0.2647706265450272
823700,687570,7,27,0.2392638036809816,6.5,0.32327358646674337,1,0.45795863877358434
823700,687570,7,27,0.2392638036809816,7.5,0.19471172347676705,0,0.03791265525929299
823700,687570,7,27,0.2392638036809816,8.5,0.10606688430472871,0,0.011250183946112706
823696,687570,7,18,0.22674418604651161,3.5,0.8200321282485772,1,0.03238843486273657
823696,687570,7,18,0.22674418604651161,4.5,0.6662283797942433,1,0.11140349445477588
823696,687570,7,18,0.22674418604651161,5.5,0.4896393905686633,1,0.26046795165912534
823696,687570,7,18,0.22674418604651161,6.5,0.3231493541872728,1,0.45812679673710593
823696,687570,7,18,0.22674418604651161,7.5,0.19086147708735687,0,0.036428103435967654
823696,687570,7,18,0.22674418604651161,8.5,0.10074905777517593,0,0.010150372642585738
823694,687570,2,26,0.2682926829268293,3.5,0.8796924462108673,0,0.7738587999204596
823694,687570,2,26,0.2682926829268293,4.5,0.7581242625501708,0,0.5747523974672404
823694,687570,2,26,0.2682926829268293,5.5,0.6032738258639958,0,0.36393930897258275
823694,687570,2,26,0.2682926829268293,6.5,0.440462542832079,0,0.194007251638101
823694,687570,2,26,0.2682926829268293,7.5,0.29427766232884794,0,0.08659934254573146
823694,687570,2,26,0.2682926829268293,8.5,0.17958610955980628,0,0.03225117074682674
825069,687570,4,30,0.2625,3.5,0.8638699719220233,1,0.018531384544510723
825069,687570,4,30,0.2625,4.5,0.730334242412688,0,0.5333881056405149
825069,687570,4,30,0.2625,5.5,0.5642117732698458,0,0.31833492509630396
825069,687570,4,30,0.2625,6.5,0.3948501267305629,0,0.1559066225791416
825069,687570,4,30,0.2625,7.5,0.24908027631815952,0,0.0620409840507307
825069,687570,4,30,0.2625,8.5,0.14111810141367723,0,0.01991431854660089
823686,687570,10,26,0.21951219512195122,3.5,0.7604840202024394,1,0.05736790457838544
823686,687570,10,26,0.21951219512195122,4.5,0.5879382805208384,1,0.16979486066012325
823686,687570,10,26,0.21951219512195122,5.5,0.40955038236220287,1,0.34863075096862084
823686,687570,10,26,0.21951219512195122,6.5,0.2566634754523189,1,0.5525491887266253
823686,687570,10,26,0.21951219512195122,7.5,0.14475746119520175,1,0.7314398001812769
823686,687570,10,26,0.21951219512195122,8.5,0.07348441308909993,1,0.8584311327888496
823684,687570,6,21,0.23668639053254437,3.5,0.8281062493131307,1,0.02954746152519958
823684,687570,6,21,0.23668639053254437,4.5,0.6821319948371695,1,0.10104006870619726
823684,687570,6,21,0.23668639053254437,5.5,0.512970700358123,1,0.23719753870965724
823684,687570,6,21,0.23668639053254437,6.5,0.349773684084916,0,0.12234163007833461
823684,687570,6,21,0.23668639053254437,7.5,0.21525953922113417,0,0.046336669225695
823684,687570,6,21,0.23668639053254437,8.5,0.11914391055107658,0,0.014195271421402937
823678,687570,5,18,0.23837209302325582,3.5,0.8494224776222148,1,0.022673590245432407
823678,687570,5,18,0.23837209302325582,4.5,0.7095549265326693,1,0.08435834070144314
823678,687570,5,18,0.23837209302325582,5.5,0.5400154557528728,0,0.2916166924519829
823678,687570,5,18,0.23837209302325582,6.5,0.37117468453218044,0,0.13777064643756368
823678,687570,5,18,0.23837209302325582,7.5,0.22934183953209655,0,0.052597679359965926
823678,687570,5,18,0.23837209302325582,8.5,0.12709014253483708,0,0.016151904329525204
823109,687570,5,24,0.2469879518072289,3.5,0.8407586300975808,1,0.025357813888399104
823109,687570,5,24,0.2469879518072289,4.5,0.7000555726301945,1,0.08996665951020055
823109,687570,5,24,0.2469879518072289,5.5,0.5342776737932877,0,0.28545263271396676
823109,687570,5,24,0.2469879518072289,6.5,0.3718644987224596,0,0.13828320541010614
823109,687570,5,24,0.2469879518072289,7.5,0.23536231942705138,0,0.05539542140608137
823109,687570,5,24,0.2469879518072289,8.5,0.13508117137029962,0,0.018246922858772253
824913,687931,2,23,0.21875,3.5,0.7151375234461417,0,0.5114216774406808
824913,687931,2,23,0.21875,4.5,0.5131155860046663,0,0.26328760460091216
824913,687931,2,23,0.21875,5.5,0.31782739763057927,0,0.10101425468462634
824913,687931,2,23,0.21875,6.5,0.16882638513059167,0,0.028502348316262863
824913,687931,2,23,0.21875,7.5,0.0767746225215876,0,0.005894342663332265
824913,687931,2,23,0.21875,8.5,0.029904209559375686,0,0.0008942617493710561
823201,687931,4,23,0.1875,3.5,0.5852671441588133,1,0.17200334171418655
823201,687931,4,23,0.1875,4.5,0.3704104650897816,0,0.1372039126480283
823201,687931,4,23,0.1875,5.5,0.19863823324173835,0,0.039457147705399244
823201,687931,4,23,0.1875,6.5,0.09021590552839286,0,0.008138909610307905
823201,687931,4,23,0.1875,7.5,0.03478631665855224,0,0.001210087826669069
823201,687931,4,23,0.1875,8.5,0.011424142332873873,0,0.00013051102804176087
823194,687931,7,21,0.13636363636363635,3.5,0.3524490778059711,1,0.41932219683433725
823194,687931,7,21,0.13636363636363635,4.5,0.17301597459719456,1,0.683902578271428
823194,687931,7,21,0.13636363636363635,5.5,0.07042345738178263,1,0.8641125485860386
823194,687931,7,21,0.13636363636363635,6.5,0.023960620683894436,1,0.9526528699757685
823194,687931,7,21,0.13636363636363635,7.5,0.0068659453120281395,0,4.714120502776119e-05
823194,687931,7,21,0.13636363636363635,8.5,0.0016670994476452997,0,2.7792205683392635e-06
823272,687931,3,20,0.19402985074626866,3.5,0.6534398478742246,0,0.42698363478988977
823272,687931,3,20,0.19402985074626866,4.5,0.4423121591950448,0,0.19564004617178266
823272,687931,3,20,0.19402985074626866,5.5,0.2561268535010815,0,0.06560096508436446
823272,687931,3,20,0.19402985074626866,6.5,0.12640534386947408,0,0.015978310958759987
823272,687931,3,20,0.19402985074626866,7.5,0.05317423999251995,0,0.0028274997987821084
823272,687931,3,20,0.19402985074626866,8.5,0.019093561222569624,0,0.0003645640801600144
824740,687941,1,13,0.25,3.5,0.46683869266416866,0,0.2179383649683901
824740,687941,1,13,0.25,4.5,0.2703699993435294,0,0.07309993654502009
824740,687941,1,13,0.25,5.5,0.1345109463436529,0,0.01809319468626507
824740,687941,1,13,0.25,6.5,0.05732139444444327,0,0.003285742261055452
824740,687941,1,13,0.25,7.5,0.020712529192678613,0,0.00042900886555756376
824740,687941,1,13,0.25,8.5,0.006255451415199784,0,3.913067240792498e-05
824766,687941,1,11,0.23333333333333334,3.5,0.47279569974314384,0,0.22353577369560904
824766,687941,1,11,0.23333333333333334,4.5,0.2643079422662732,0,0.0698586883450316
824766,687941,1,11,0.23333333333333334,5.5,0.12294103335698701,0,0.015114497682883794
824766,687941,1,11,0.23333333333333334,6.5,0.04767025317446764,0,0.0022724530377178417
824766,687941,1,11,0.23333333333333334,7.5,0.015420277480855334,0,0.00023778495758657413
824766,687941,1,11,0.23333333333333334,8.5,0.004149664778813996,0,1.7219717776529408e-05
824734,687941,6,17,0.08333333333333333,3.5,0.014271196480320308,1,0.9716612740883394
824734,687941,6,17,0.08333333333333333,4.5,0.002064986956402709,1,0.9958742902583247
824734,687941,6,17,0.08333333333333333,5.5,0.00022497156168674057,1,0.99955010748883
824734,687941,6,17,0.08333333333333333,6.5,1.862955049283793e-05,0,3.4706015156519796e-10
824734,687941,6,17,0.08333333333333333,7.5,1.171717620346401e-06,0,1.3729221818302327e-12
824734,687941,6,17,0.08333333333333333,8.5,5.5304684807185126e-08,0,3.0586081616220934e-15
823780,688107,5,21,0.22885572139303484,3.5,0.7676071882205385,1,0.054006418966764204
823780,688107,5,21,0.22885572139303484,4.5,0.5894898919835567,1,0.16851854878367192
823780,688107,5,21,0.22885572139303484,5.5,0.4029976847245678,0,0.16240713389336217
823780,688107,5,21,0.22885572139303484,6.5,0.2446037345710168,0,0.05983098696608844
823780,688107,5,21,0.22885572139303484,7.5,0.13210058241995096,0,0.017450563875690255
823780,688107,5,21,0.22885572139303484,8.5,0.06375060873948576,0,0.004064140114654999
824999,688107,7,25,0.2233502538071066,3.5,0.7367296038221178,1,0.06931130150365904
824999,688107,7,25,0.2233502538071066,4.5,0.548292327954052,1,0.20403982098516968
824999,688107,7,25,0.2233502538071066,5.5,0.3605752425642427,1,0.40886402042177694
824999,688107,7,25,0.2233502538071066,6.5,0.20951292150744172,1,0.6248698212636999
824999,688107,7,25,0.2233502538071066,7.5,0.10813516351602066,0,0.011693213588636526
824999,688107,7,25,0.2233502538071066,8.5,0.04996187715942138,0,0.002496189169293112
823775,688107,5,20,0.22772277227722773,3.5,0.7682720457907479,1,0.053697844762005224
823775,688107,5,20,0.22772277227722773,4.5,0.5901391186214346,1,0.16798594208441442
823775,688107,5,20,0.22772277227722773,5.5,0.40327345239882884,0,0.16262947740967046
823775,688107,5,20,0.22772277227722773,6.5,0.24438742212703132,0,0.0597252120938958
823775,688107,5,20,0.22772277227722773,7.5,0.13157378939511677,0,0.01731166205579054
823775,688107,5,20,0.22772277227722773,8.5,0.06319154383116304,0,0.0039931712117658
824908,688107,7,23,0.22110552763819097,3.5,0.7350828966924283,1,0.07018107162487461
824908,688107,7,23,0.22110552763819097,4.5,0.5475432655038484,1,0.20471709659092108
824908,688107,7,23,0.22110552763819097,5.5,0.36112901847379897,1,0.4081561310362515
824908,688107,7,23,0.22110552763819097,6.5,0.21087493440586424,1,0.6227183691489491
824908,688107,7,23,0.22110552763819097,7.5,0.1095116879672679,0,0.01199280980144025
824908,688107,7,23,0.22110552763819097,8.5,0.05088882007423737,0,0.002589672008548104
823771,688107,5,24,0.23232323232323232,3.5,0.7683505282497948,1,0.05366147776214913
823771,688107,5,24,0.23232323232323232,4.5,0.589371808815776,1,0.16861551139522762
823771,688107,5,24,0.23232323232323232,5.5,0.40204495327026496,0,0.16164014445008953
823771,688107,5,24,0.23232323232323232,6.5,0.24347932940620415,0,0.05928218384809487
823771,688107,5,24,0.23232323232323232,7.5,0.1314067710077635,0,0.01726773946668679
823771,688107,5,24,0.23232323232323232,8.5,0.06360370181898196,0,0.004045430885077969
823035,688107,4,29,0.24352331606217617,3.5,0.7925738370632349,1,0.04302561307066941
823035,688107,4,29,0.24352331606217617,4.5,0.6178646444842074,0,0.381756718903596
823035,688107,4,29,0.24352331606217617,5.5,0.42624275615139995,0,0.1816828871715418
823035,688107,4,29,0.24352331606217617,6.5,0.25807128113887,0,0.06660078614865768
823035,688107,4,29,0.24352331606217617,7.5,0.13672678865502216,0,0.018694214735915097
823035,688107,4,29,0.24352331606217617,8.5,0.0633610821294308,0,0.0040146267286124745
823358,688107,3,18,0.23529411764705882,3.5,0.8005666152292518,0,0.6409069054196208
823358,688107,3,18,0.23529411764705882,4.5,0.6319041600533729,0,0.39930286749275873
823358,688107,3,18,0.23529411764705882,5.5,0.4450197486336666,0,0.19804257667397182
823358,688107,3,18,0.23529411764705882,6.5,0.278094142941106,0,0.0773363523381483
823358,688107,3,18,0.23529411764705882,7.5,0.15427861249538385,0,0.02380189027350081
823358,688107,3,18,0.23529411764705882,8.5,0.07627471592856991,0,0.005817832289984036
823764,688107,5,18,0.22549019607843138,3.5,0.7709503951175384,1,0.052463721496811784
823764,688107,5,18,0.22549019607843138,4.5,0.5919046849222529,1,0.16654178618840568
823764,688107,5,18,0.22549019607843138,5.5,0.4031922600468936,0,0.1625639985617219
823764,688107,5,18,0.22549019607843138,6.5,0.24276297470866443,0,0.05893386188939964
823764,688107,5,18,0.22549019607843138,7.5,0.12943548309242692,0,0.016753544283369934
823764,688107,5,18,0.22549019607843138,8.5,0.061398997340690445,0,0.0037698368744421124
823758,688107,4,23,0.23618090452261306,3.5,0.7828158743708311,1,0.047168944425306614
823758,688107,4,23,0.23618090452261306,4.5,0.6091076962108912,0,0.37101218558333937
823758,688107,4,23,0.23618090452261306,5.5,0.42292743178396003,0,0.17886761255537617
823758,688107,4,23,0.23618090452261306,6.5,0.26134244845415805,0,0.06829987536401426
823758,688107,4,23,0.23618090452261306,7.5,0.14412061232346107,0,0.02077075089648936
823758,688107,4,23,0.23618090452261306,8.5,0.07129314247431526,0,0.005082712163863014
824000,688107,6,21,0.22388059701492538,3.5,0.7517410275632375,1,0.061632517395357224
824000,688107,6,21,0.22388059701492538,4.5,0.5689831777321807,1,0.18577550107784896
824000,688107,6,21,0.22388059701492538,5.5,0.38235302710916436,1,0.38148778312121256
824000,688107,6,21,0.22388059701492538,6.5,0.22770271643581064,0,0.051848527072247186
824000,688107,6,21,0.22388059701492538,7.5,0.1205055234004258,0,0.014521581170010572
824000,688107,6,21,0.22388059701492538,8.5,0.056936609484838314,0,0.0032417774996289805
823044,688297,1,11,0.21212121212121213,3.5,0.19404851838814108,0,0.037654827488632726
823044,688297,1,11,0.21212121212121213,4.5,0.06981336192724738,0,0.004873905503584834
823044,688297,1,11,0.21212121212121213,5.5,0.01968729169758583,0,0.0003875894543858319
823044,688297,1,11,0.21212121212121213,6.5,0.0043605334293159385,0,1.9014251788181818e-05
823044,688297,1,11,0.21212121212121213,7.5,0.0007536482119416596,0,5.679856273628607e-07
823044,688297,1,11,0.21212121212121213,8.5,9.984117088033898e-05,0,9.968259402757048e-09
822951,688297,3,9,0.14285714285714285,3.5,0.0739741575323405,0,0.005472175982619529
822951,688297,3,9,0.14285714285714285,4.5,0.018038392090685768,0,0.00032538358921731486
822951,688297,3,9,0.14285714285714285,5.5,0.003334065872311373,0,1.1115995240911398e-05
822951,688297,3,9,0.14285714285714285,6.5,0.0004701829320852339,0,2.2107198962426767e-07
822951,688297,3,9,0.14285714285714285,7.5,5.054698132871185e-05,0,2.554997321445144e-09
822951,688297,3,9,0.14285714285714285,8.5,4.1005992148238065e-06,0,1.681491392061362e-11
824766,688297,2,11,0.18181818181818182,3.5,0.12858806586933808,0,0.01653489068401723
824766,688297,2,11,0.18181818181818182,4.5,0.03946085602036009,0,0.0015571591578595893
824766,688297,2,11,0.18181818181818182,5.5,0.009424357835721086,0,8.881852061571742e-05
824766,688297,2,11,0.18181818181818182,6.5,0.001758625138919541,0,3.092762379239775e-06
824766,688297,2,11,0.18181818181818182,7.5,0.00025499462531502055,0,6.502225893954772e-08
824766,688297,2,11,0.18181818181818182,8.5,2.8240172902272643e-05,0,7.97507365550254e-10
822952,688297,2,13,0.1935483870967742,3.5,0.12388230696114004,0,0.015346825978014126
822952,688297,2,13,0.1935483870967742,4.5,0.03528723112570038,0,0.001245188680518598
822952,688297,2,13,0.1935483870967742,5.5,0.007449343483561485,0,5.549271833607996e-05
822952,688297,2,13,0.1935483870967742,6.5,0.0011542620171619076,0,1.332320804262676e-06
822952,688297,2,13,0.1935483870967742,7.5,0.00012804392363701016,0,1.6395246380360487e-08
822952,688297,2,13,0.1935483870967742,8.5,9.662238049803648e-06,0,9.33588441310734e-11
824351,688642,1,15,0.109375,3.5,0.04817033780455128,0,0.0023203814442045822
824351,688642,1,15,0.109375,4.5,0.01120213332646493,0,0.00012548779106389622
824351,688642,1,15,0.109375,5.5,0.0020742803084933792,0,4.302638798203388e-06
824351,688642,1,15,0.109375,6.5,0.00030867175406172257,0,9.527825175554054e-08
824351,688642,1,15,0.109375,7.5,3.700564077157949e-05,0,1.3694174489151862e-09
824351,688642,1,15,0.109375,8.5,3.565674336408159e-06,0,1.2714033473319765e-11
824997,688642,2,16,0.09523809523809523,3.5,0.028975574766554914,0,0.0008395839330522138
824997,688642,2,16,0.09523809523809523,4.5,0.005607240591083078,0,3.14411470462897e-05
824997,688642,2,16,0.09523809523809523,5.5,0.0008495649126036988,0,7.217605407273304e-07
824997,688642,2,16,0.09523809523809523,6.5,0.00010160900451013833,0,1.032438979754131e-08
824997,688642,2,16,0.09523809523809523,7.5,9.592478036618547e-06,0,9.201563488300921e-11
824997,688642,2,16,0.09523809523809523,8.5,7.098465425954312e-07,0,5.038821140346873e-13
824668,688642,2,10,0.08695652173913043,3.5,0.028878115330293365,0,0.0008339455450297247
824668,688642,2,10,0.08695652173913043,4.5,0.005545389333798484,0,3.075134286340599e-05
824668,688642,2,10,0.08695652173913043,5.5,0.0008316410450855327,0,6.91626827870957e-07
824668,688642,2,10,0.08695652173913043,6.5,9.85700662348266e-05,0,9.716057957538102e-09
824668,688642,2,10,0.08695652173913043,7.5,9.284114345468752e-06,0,8.619477917973867e-11
824668,688642,2,10,0.08695652173913043,8.5,6.950089944542458e-07,0,4.830375023723019e-13
824340,688642,1,14,0.1076923076923077,3.5,0.04872222330403303,0,0.002373855043688059
824340,688642,1,14,0.1076923076923077,4.5,0.011443186321291193,0,0.00013094651318378586
824340,688642,1,14,0.1076923076923077,5.5,0.0021401460175281242,0,4.58022497634149e-06
824340,688642,1,14,0.1076923076923077,6.5,0.0003210727022129493,0,1.0308768010632521e-07
824340,688642,1,14,0.1076923076923077,7.5,3.867183308449254e-05,0,1.495510674114852e-09
824340,688642,1,14,0.1076923076923077,8.5,3.725129571118655e-06,0,1.3876590321622654e-11
823930,688642,1,10,0.10144927536231885,3.5,0.04706278548903962,0,0.0022149057779873578
823930,688642,1,10,0.10144927536231885,4.5,0.010573449913299653,0,0.00011179784306905645
823930,688642,1,10,0.10144927536231885,5.5,0.0018617431361567863,0,3.466087505026906e-06
823930,688642,1,10,0.10144927536231885,6.5,0.0002596620638401648,0,6.74243873977338e-08
823930,688642,1,10,0.10144927536231885,7.5,2.8822149509288518e-05,0,8.307163023357804e-10
823930,688642,1,10,0.10144927536231885,8.5,2.545188242133884e-06,0,6.477983187896569e-12
824327,688642,1,14,0.1076923076923077,3.5,0.04872222330403303,0,0.002373855043688059
824327,688642,1,14,0.1076923076923077,4.5,0.011443186321291193,0,0.00013094651318378586
824327,688642,1,14,0.1076923076923077,5.5,0.0021401460175281242,0,4.58022497634149e-06
824327,688642,1,14,0.1076923076923077,6.5,0.0003210727022129493,0,1.0308768010632521e-07
824327,688642,1,14,0.1076923076923077,7.5,3.867183308449254e-05,0,1.495510674114852e-09
824327,688642,1,14,0.1076923076923077,8.5,3.725129571118655e-06,0,1.3876590321622654e-11
824755,689296,2,9,0.21052631578947367,3.5,0.12016315126893419,0,0.01443918292288076
824755,689296,2,9,0.21052631578947367,4.5,0.03227031544868061,0,0.0010413732591573542
824755,689296,2,9,0.21052631578947367,5.5,0.006168806629332565,0,3.80541752300974e-05
824755,689296,2,9,0.21052631578947367,6.5,0.0008182932568403568,0,6.696038541903982e-07
824755,689296,2,9,0.21052631578947367,7.5,7.152122609049655e-05,0,5.1152857814879245e-09
824755,689296,2,9,0.21052631578947367,8.5,3.6984522832628573e-06,0,1.3678549291572242e-11
824829,689296,2,9,0.21052631578947367,3.5,0.12016315126893419,0,0.01443918292288076
824829,689296,2,9,0.21052631578947367,4.5,0.03227031544868061,0,0.0010413732591573542
824829,689296,2,9,0.21052631578947367,5.5,0.006168806629332565,0,3.80541752300974e-05
824829,689296,2,9,0.21052631578947367,6.5,0.0008182932568403568,0,6.696038541903982e-07
824829,689296,2,9,0.21052631578947367,7.5,7.152122609049655e-05,0,5.1152857814879245e-09
824829,689296,2,9,0.21052631578947367,8.5,3.6984522832628573e-06,0,1.3678549291572242e-11
824820,689296,2,10,0.2222222222222222,3.5,0.11783100093087749,0,0.013884144780372452
824820,689296,2,10,0.2222222222222222,4.5,0.03037328260664088,0,0.0009225362963028735
824820,689296,2,10,0.2222222222222222,5.5,0.005385363085430416,0,2.900213556191661e-05
824820,689296,2,10,0.2222222222222222,6.5,0.0006257593671046136,0,3.915747855191665e-07
824820,689296,2,10,0.2222222222222222,7.5,4.295074853410757e-05,0,1.8447667996401434e-09
824820,689296,2,10,0.2222222222222222,8.5,1.3215614933571565e-06,0,1.7465247807243975e-12
823702,689818,4,23,0.3157894736842105,3.5,0.8722757317759572,1,0.016313488693367233
823702,689818,4,23,0.3157894736842105,4.5,0.7377343598466103,0,0.5442519856982879
823702,689818,4,23,0.3157894736842105,5.5,0.5669478894980272,0,0.32142990940626726
823702,689818,4,23,0.3157894736842105,6.5,0.3923125302238907,0,0.15390912137067114
823702,689818,4,23,0.3157894736842105,7.5,0.24340327671567327,0,0.059245155115926616
823702,689818,4,23,0.3157894736842105,8.5,0.13491726224313083,0,0.018202667651181736
823453,689818,6,16,0.2222222222222222,3.5,0.7694443851430541,1,0.053155891542064355
823453,689818,6,16,0.2222222222222222,4.5,0.5815664392294934,1,0.17508664477908528
823453,689818,6,16,0.2222222222222222,5.5,0.38311429567157207,1,0.3805479722047806
823453,689818,6,16,0.2222222222222222,6.5,0.21775213801428608,0,0.04741599360979269
823453,689818,6,16,0.2222222222222222,7.5,0.10629980635524179,0,0.011299648831161904
823453,689818,6,16,0.2222222222222222,8.5,0.044492049594441585,0,0.0019795424771142495
824582,689818,6,22,0.2564102564102564,3.5,0.7476094049190244,1,0.06370101248532899
824582,689818,6,22,0.2564102564102564,4.5,0.5664609526388409,1,0.18795610558682135
824582,689818,6,22,0.2564102564102564,5.5,0.3833582511204466,1,0.3802470464612343
824582,689818,6,22,0.2564102564102564,6.5,0.23136527434430865,0,0.0535298901724172
824582,689818,6,22,0.2564102564102564,7.5,0.12435931945870654,0,0.015465240336232627
824582,689818,6,22,0.2564102564102564,8.5,0.05930297298198372,0,0.003516842604501891
823049,690928,6,19,0.2,3.5,0.6821963225639947,1,0.10099917739184854
823049,690928,6,19,0.2,4.5,0.4769287907751064,1,0.2736034899199924
823049,690928,6,19,0.2,5.5,0.28784224208739745,1,0.5071686721551051
823049,690928,6,19,0.2,6.5,0.14937529752740358,0,0.022312979511400342
823049,690928,6,19,0.2,7.5,0.06665744448070936,0,0.004443214904698851
823049,690928,6,19,0.2,8.5,0.025618364588060532,0,0.0006563006041667939
823619,690928,5,20,0.21348314606741572,3.5,0.7237178225620577,1,0.07633184156985061
823619,690928,5,20,0.21348314606741572,4.5,0.5278848885293109,1,0.22289267847898117
823619,690928,5,20,0.21348314606741572,5.5,0.3356327717358716,0,0.11264935746310367
823619,690928,5,20,0.21348314606741572,6.5,0.18495011962851454,0,0.03420654675060184
823619,690928,5,20,0.21348314606741572,7.5,0.08820343317644629,0,0.007779845624111825
823619,690928,5,20,0.21348314606741572,8.5,0.03641566878471348,0,0.0013261009330379557
823035,690928,4,22,0.22988505747126436,3.5,0.7616770631403964,1,0.0567978222333866
823035,690928,4,22,0.22988505747126436,4.5,0.5762165832156397,0,0.3320255507727063
823035,690928,4,22,0.22988505747126436,5.5,0.38319336667674836,0,0.14683715626506091
823035,690928,4,22,0.22988505747126436,6.5,0.2225593541603767,0,0.04953266612428398
823035,690928,4,22,0.22988505747126436,7.5,0.11270823941719124,0,0.012703147232522902
823035,690928,4,22,0.22988505747126436,8.5,0.04978577362654084,0,0.002478623255593169
824004,690928,5,24,0.2235294117647059,3.5,0.7256708662746024,1,0.07525647361052706
824004,690928,5,24,0.2235294117647059,4.5,0.5283434045922893,1,0.22245994399159286
824004,690928,5,24,0.2235294117647059,5.5,0.3344681889276176,0,0.1118689694045205
824004,690928,5,24,0.2235294117647059,6.5,0.18311041657861463,0,0.033529424659593784
824004,690928,5,24,0.2235294117647059,7.5,0.0866537112435365,0,0.0075088656722782044
824004,690928,5,24,0.2235294117647059,8.5,0.035506758099415774,0,0.0012607298707304276
823025,690928,4,24,0.23529411764705882,3.5,0.7651190970668368,1,0.05516903856269804
823025,690928,4,24,0.23529411764705882,4.5,0.5783422359211946,0,0.3344797418503267
823025,690928,4,24,0.23529411764705882,5.5,0.38281822163730067,0,0.14654979081754546
823025,690928,4,24,0.23529411764705882,6.5,0.2202242914322203,0,0.0484987385368235
823025,690928,4,24,0.23529411764705882,7.5,0.1098802429077491,0,0.012073667781465947
823025,690928,4,24,0.23529411764705882,8.5,0.047582151325636424,0,0.002264061124775764
823782,690986,12,23,0.25,3.5,0.7068241559163367,1,0.08595207555416844
823782,690986,12,23,0.25,4.5,0.5082807436217323,1,0.2417878270931966
823782,690986,12,23,0.25,5.5,0.31915700900090377,1,0.4635471783925955
823782,690986,12,23,0.25,6.5,0.17471718527263394,1,0.6810917242843241
823782,690986,12,23,0.25,7.5,0.0835745501268548,1,0.8398356051751966
823782,690986,12,23,0.25,8.5,0.03503008605041204,1,0.9311669348278753
824998,690986,4,17,0.3050847457627119,3.5,0.8715924197030844,1,0.01648850667770882
824998,690986,4,17,0.3050847457627119,4.5,0.7383852215280439,0,0.5452127353710184
824998,690986,4,17,0.3050847457627119,5.5,0.5688604837972059,0,0.32360225002599113
824998,690986,4,17,0.3050847457627119,6.5,0.3941565678243095,0,0.15535939995903952
824998,690986,4,17,0.3050847457627119,7.5,0.24401735812771622,0,0.05954447106763011
824998,690986,4,17,0.3050847457627119,8.5,0.13433781619986435,0,0.018046648861348536
823777,690986,3,21,0.32456140350877194,3.5,0.8867231612275559,0,0.7862779646573901
823777,690986,3,21,0.32456140350877194,4.5,0.7605561811848455,0,0.5784457047384755
823777,690986,3,21,0.32456140350877194,5.5,0.5946570690752627,0,0.35361702980118176
823777,690986,3,21,0.32456140350877194,6.5,0.4197104723151227,0,0.1761568805709834
823777,690986,3,21,0.32456140350877194,7.5,0.26657124283779915,0,0.07106022750808888
823777,690986,3,21,0.32456140350877194,8.5,0.15228725471471585,0,0.023191407948544747
824909,690986,7,23,0.29464285714285715,3.5,0.8263479821051376,1,0.03015502331895761
824909,690986,7,23,0.29464285714285715,4.5,0.665032128262075,1,0.11220347509663496
824909,690986,7,23,0.29464285714285715,5.5,0.4776618560370706,1,0.2728371366386379
824909,690986,7,23,0.29464285714285715,6.5,0.303728805803458,1,0.48479357586787875
824909,690986,7,23,0.29464285714285715,7.5,0.17063705649716915,0,0.029117005050018095
824909,690986,7,23,0.29464285714285715,8.5,0.08474776852931397,0,0.0071821842706981795
823770,690986,9,19,0.2672413793103448,3.5,0.7765958066115797,1,0.04990943362353071
823770,690986,9,19,0.2672413793103448,4.5,0.6009244594620521,1,0.15926128705565532
823770,690986,9,19,0.2672413793103448,5.5,0.4144592153021637,1,0.3428580105445579
823770,690986,9,19,0.2672413793103448,6.5,0.2537028614970495,1,0.556959418937692
823770,690986,9,19,0.2672413793103448,7.5,0.1376307441627577,1,0.7436807334132791
823770,690986,9,19,0.2672413793103448,8.5,0.06604799052988163,1,0.8722663559932721
825062,690986,3,15,0.30833333333333335,3.5,0.892376905531693,0,0.7963365415263202
825062,690986,3,15,0.30833333333333335,4.5,0.7684287559668586,0,0.5904827529967739
825062,690986,3,15,0.30833333333333335,5.5,0.6015799147780156,0,0.36189839386432454
825062,690986,3,15,0.30833333333333335,6.5,0.4222232902828622,0,0.17827250685728613
825062,690986,3,15,0.30833333333333335,7.5,0.2636585358395364,0,0.06951582352104811
825062,690986,3,15,0.30833333333333335,8.5,0.14590435629604268,0,0.02128808118616257
823032,690986,2,17,0.3220338983050847,3.5,0.8985391454610191,0,0.8073725959258184
823032,690986,2,17,0.3220338983050847,4.5,0.7826227009048606,0,0.612498291971619
823032,690986,2,17,0.3220338983050847,5.5,0.6253137196024557,0,0.39101724792305864
823032,690986,2,17,0.3220338983050847,6.5,0.45258800657668924,0,0.2048359036970613
823032,690986,2,17,0.3220338983050847,7.5,0.29442233281654734,0,0.08668451006113777
823032,690986,2,17,0.3220338983050847,8.5,0.17117885323415252,0,0.02930219979455953
823292,690997,5,24,0.29596412556053814,3.5,0.9491132721868512,1,0.0025894590675294964
823292,690997,5,24,0.29596412556053814,4.5,0.8787585286313387,1,0.014699494379637908
823292,690997,5,24,0.29596412556053814,5.5,0.7667363785100678,0,0.587884674130734
823292,690997,5,24,0.29596412556053814,6.5,0.6204487805563156,0,0.38495668929381904
823292,690997,5,24,0.29596412556053814,7.5,0.45976543934036895,0,0.21138425921184248
823292,690997,5,24,0.29596412556053814,8.5,0.3089665407652544,0,0.09546032331244762
823617,690997,6,18,0.2838427947598253,3.5,0.9523653573530085,1,0.002269059180106578
823617,690997,6,18,0.2838427947598253,4.5,0.8809240589580478,1,0.014179079735026473
823617,690997,6,18,0.2838427947598253,5.5,0.763334329530521,1,0.056010639578768
823617,690997,6,18,0.2838427947598253,6.5,0.6079931525365183,0,0.369655673531294
823617,690997,6,18,0.2838427947598253,7.5,0.43891787895871914,0,0.19264890446962082
823617,690997,6,18,0.2838427947598253,8.5,0.28449571724479505,0,0.08093781313063038
824503,690997,9,27,0.2818181818181818,3.5,0.9305938531865718,1,0.004817213215487144
824503,690997,9,27,0.2818181818181818,4.5,0.8422205839672369,1,0.02489434412363975
824503,690997,9,27,0.2818181818181818,5.5,0.7102491615638391,1,0.08395554837445822
824503,690997,9,27,0.2818181818181818,6.5,0.5494501677443494,1,0.2029951513455949
824503,690997,9,27,0.2818181818181818,7.5,0.3855202886873818,1,0.37758531561483855
824503,690997,9,27,0.2818181818181818,8.5,0.24339707722817014,1,0.5724479827468755
823613,690997,9,28,0.2831050228310502,3.5,0.9314826692038933,1,0.004694624619423107
823613,690997,9,28,0.2831050228310502,4.5,0.8435311457177895,1,0.024482502360387612
823613,690997,9,28,0.2831050228310502,5.5,0.7115816944656581,1,0.08318511896730099
823613,690997,9,28,0.2831050228310502,6.5,0.5502602377025668,1,0.2022658537913517
823613,690997,9,28,0.2831050228310502,7.5,0.38548081962504877,1,0.37763382304870186
823613,690997,9,28,0.2831050228310502,8.5,0.2425964142256116,1,0.5736601917439013
822793,690997,7,25,0.2882882882882883,3.5,0.9400986403221082,1,0.00358817289126016
822793,690997,7,25,0.2882882882882883,4.5,0.860879924795763,1,0.01935439532483255
822793,690997,7,25,0.2882882882882883,5.5,0.738941708780095,1,0.06815143141465672
822793,690997,7,25,0.2882882882882883,6.5,0.5852925334703829,1,0.17198228279541347
822793,690997,7,25,0.2882882882882883,7.5,0.4227342150387536,0,0.17870421656443114
822793,690997,7,25,0.2882882882882883,8.5,0.2759927484173273,0,0.07617199717895012
824902,690997,5,25,0.2972972972972973,3.5,0.9493028625367563,1,0.0025701997469670247
824902,690997,5,25,0.2972972972972973,4.5,0.8788965610276478,1,0.014666042930930235
824902,690997,5,25,0.2972972972972973,5.5,0.7666667741939907,0,0.5877779426530194
824902,690997,5,25,0.2972972972972973,6.5,0.6201399149512201,0,0.3845735141157065
824902,690997,5,25,0.2972972972972973,7.5,0.459366772740254,0,0.21101783189779616
824902,690997,5,25,0.2972972972972973,8.5,0.3086854011148978,0,0.09528667686146534
823604,690997,7,26,0.2895927601809955,3.5,0.9405450206753324,1,0.0035348945664966506
823604,690997,7,26,0.2895927601809955,4.5,0.8614366320385625,1,0.019199806940816733
823604,690997,7,26,0.2895927601809955,5.5,0.7393582129652454,1,0.06793414114867037
823604,690997,7,26,0.2895927601809955,6.5,0.5853556759263315,1,0.1719299154865094
823604,690997,7,26,0.2895927601809955,7.5,0.42243460870537675,0,0.17845099863206476
823604,690997,7,26,0.2895927601809955,8.5,0.2755082760937811,0,0.07590481019616711
823439,690997,10,21,0.26991150442477874,3.5,0.9251960006449123,1,0.005595638319515968
823439,690997,10,21,0.26991150442477874,4.5,0.832699745496007,1,0.02798937515710083
823439,690997,10,21,0.26991150442477874,5.5,0.6964533192370957,1,0.09214058740217651
823439,690997,10,21,0.26991150442477874,6.5,0.5325073884533666,1,0.21854934185069141
823439,690997,10,21,0.26991150442477874,7.5,0.36772034136768766,1,0.3997775667201933
823439,690997,10,21,0.26991150442477874,8.5,0.2273949927286159,1,0.5969184972608156
823600,690997,7,27,0.2909090909090909,3.5,0.9412061177079248,1,0.003456720594974389
823600,690997,7,27,0.2909090909090909,4.5,0.8623913802004453,1,0.01893613224313841
823600,690997,7,27,0.2909090909090909,5.5,0.7402909055421528,1,0.06744881374411499
823600,690997,7,27,0.2909090909090909,6.5,0.5858664732274401,1,0.17150657799707858
823600,690997,7,27,0.2909090909090909,7.5,0.42231665434568877,0,0.17835135653773596
823600,690997,7,27,0.2909090909090909,8.5,0.274870118049555,0,0.07555358179657631
823595,690997,6,26,0.29411764705882354,3.5,0.9453107444912828,1,0.0029909146680977515
823595,690997,6,26,0.29411764705882354,4.5,0.8707110161994317,1,0.016715641332183614
823595,690997,6,26,0.29411764705882354,5.5,0.7535243664592544,1,0.06075023792931194
823595,690997,6,26,0.29411764705882354,6.5,0.6030017391017555,0,0.36361109735974156
823595,690997,6,26,0.29411764705882354,7.5,0.44079510425011226,0,0.19430032393086732
823595,690997,6,26,0.29411764705882354,8.5,0.2917117447944349,0,0.08509574205101351
823850,691587,1,17,0.2727272727272727,3.5,0.9143875782084483,0,0.8361046431819111
823850,691587,1,17,0.2727272727272727,4.5,0.8077562950647713,0,0.6524702322167659
823850,691587,1,17,0.2727272727272727,5.5,0.6553075570426088,0,0.42942799431715195
823850,691587,1,17,0.2727272727272727,6.5,0.48087753592855675,0,0.2312432045607204
823850,691587,1,17,0.2727272727272727,7.5,0.31651412185864275,0,0.10018118933594775
823850,691587,1,17,0.2727272727272727,8.5,0.18622345866408554,0,0.03467917655681438
824338,691587,8,22,0.2318840579710145,3.5,0.7935194096880651,1,0.0426342341755651
824338,691587,8,22,0.2318840579710145,4.5,0.6278441238414839,1,0.13849999615931277
824338,691587,8,22,0.2318840579710145,5.5,0.44620429871469586,1,0.30668967876208175
824338,691587,8,22,0.2318840579710145,6.5,0.2831890773396327,1,0.513817898845207
824338,691587,8,22,0.2318840579710145,7.5,0.1601773652091947,1,0.7053020579069704
824338,691587,8,22,0.2318840579710145,8.5,0.08071678600328587,0,0.006515199542700246
824980,691587,8,21,0.2302158273381295,3.5,0.7943180710306137,1,0.04230505590456767
824980,691587,8,21,0.2302158273381295,4.5,0.6288264347757667,1,0.13776981552126816
824980,691587,8,21,0.2302158273381295,5.5,0.4468363614695017,1,0.30599001099229983
824980,691587,8,21,0.2302158273381295,6.5,0.2831343783297866,1,0.5138963195326215
824980,691587,8,21,0.2302158273381295,7.5,0.15955938079341264,1,0.7063404344123521
824980,691587,8,21,0.2302158273381295,8.5,0.07992259508058412,0,0.00638762120441501
823844,691587,6,26,0.2537313432835821,3.5,0.8357945756019997,1,0.026963421401727406
823844,691587,6,26,0.2537313432835821,4.5,0.6848940398346897,1,0.09929176613170215
823844,691587,6,26,0.2537313432835821,5.5,0.5065772626633938,1,0.2434659977207495
823844,691587,6,26,0.2537313432835821,6.5,0.33560417489909933,0,0.11263016220970525
823844,691587,6,26,0.2537313432835821,7.5,0.19872967776913922,0,0.03949348482622591
823844,691587,6,26,0.2537313432835821,8.5,0.10530714206215071,0,0.01108959416929799
823764,691587,9,22,0.2246376811594203,3.5,0.7719985416744232,1,0.05198466499858975
823764,691587,9,22,0.2246376811594203,4.5,0.5988618757047321,1,0.16091179476312575
823764,691587,9,22,0.2246376811594203,5.5,0.4155322207812211,1,0.3416025849449313
823764,691587,9,22,0.2246376811594203,6.5,0.2566562625340333,1,0.5525599120298721
823764,691587,9,22,0.2246376811594203,7.5,0.1409334844146249,1,0.7379952781999977
823764,691587,9,22,0.2246376811594203,8.5,0.06881482037903132,1,0.8671058387457358
823841,691587,2,28,0.2878787878787879,3.5,0.9001571156926582,0,0.8102828329321257
823841,691587,2,28,0.2878787878787879,4.5,0.7852338992674461,0,0.6165922765587577
823841,691587,2,28,0.2878787878787879,5.5,0.6276788966573956,0,0.39398079730904556
823841,691587,2,28,0.2878787878787879,6.5,0.45321590747775087,0,0.20540465879088124
823841,691587,2,28,0.2878787878787879,7.5,0.29298650408566546,0,0.08584109157633966
823841,691587,2,28,0.2878787878787879,8.5,0.1687099119326221,0,0.028463034384313107
823595,691587,6,24,0.25,3.5,0.8325319253285761,1,0.028045556034153606
823595,691587,6,24,0.25,4.5,0.6819959482193835,1,0.10112657694888903
823595,691587,6,24,0.25,5.5,0.5055959227577356,1,0.24443539159377498
823595,691587,6,24,0.25,6.5,0.3369098781178502,0,0.11350826597338469
823595,691587,6,24,0.25,7.5,0.2013846905280934,0,0.04055579357909595
823595,691587,6,24,0.25,8.5,0.10800324597256727,0,0.01166470114061087
823454,691725,4,25,0.19672131147540983,3.5,0.5678477824461285,1,0.18675553913672865
823454,691725,4,25,0.19672131147540983,4.5,0.3767262592083793,0,0.141922674377139
823454,691725,4,25,0.19672131147540983,5.5,0.2202552793772533,0,0.048512388093551906
823454,691725,4,25,0.19672131147540983,6.5,0.11270036355309794,0,0.012701371945000447
823454,691725,4,25,0.19672131147540983,7.5,0.05013450601259223,0,0.0025134686931266464
823454,691725,4,25,0.19672131147540983,8.5,0.01929351346958142,0,0.0003722396620009197
823778,691725,3,24,0.20967741935483872,3.5,0.625646951153632,0,0.3914341074878352
823778,691725,3,24,0.20967741935483872,4.5,0.4408664468818359,0,0.19436322398621464
823778,691725,3,24,0.20967741935483872,5.5,0.2776799540954059,0,0.07710615690642673
823778,691725,3,24,0.20967741935483872,6.5,0.15500704888923866,0,0.024027185205350826
823778,691725,3,24,0.20967741935483872,7.5,0.07603469271284663,0,0.005781274495937012
823778,691725,3,24,0.20967741935483872,8.5,0.03256250738635146,0,0.0010603168872861935
823450,691725,3,14,0.18055555555555555,3.5,0.6518582520890392,0,0.4249191808165774
823450,691725,3,14,0.18055555555555555,4.5,0.44190950484656505,0,0.1952840104737363
823450,691725,3,14,0.18055555555555555,5.5,0.25699799123082523,0,0.06604796749667932
823450,691725,3,14,0.18055555555555555,6.5,0.12784564307591262,0,0.016344508453493643
823450,691725,3,14,0.18055555555555555,7.5,0.05444842317221782,0,0.0029646307859409063
823450,691725,3,14,0.18055555555555555,8.5,0.01989806870912551,0,0.0003959331383530797
824809,691725,6,23,0.15873015873015872,3.5,0.4300923655300818,1,0.3247947118270979
824809,691725,6,23,0.15873015873015872,4.5,0.2505926136583567,1,0.561611430703413
824809,691725,6,23,0.15873015873015872,5.5,0.1266343854011637,1,0.7627674967636031
824809,691725,6,23,0.15873015873015872,6.5,0.05526505958796158,0,0.0030542268112609444
824809,691725,6,23,0.15873015873015872,7.5,0.0207673242826979,0,0.0004312817578627338
824809,691725,6,23,0.15873015873015872,8.5,0.006712559712315561,0,4.505845789140196e-05
825073,691769,2,10,0.1,3.5,0.013432927600000007,0,0.00018044354390684195
825073,691769,2,10,0.1,4.5,0.001820941750000002,0,3.3158288568930698e-06
825073,691769,2,10,0.1,5.5,0.00017997004000000022,0,3.2389215297601676e-08
825073,691769,2,10,0.1,6.5,1.2948850000000026e-05,0,1.6767271632250068e-10
825073,691769,2,10,0.1,7.5,6.652000000000014e-07,0,4.4249104000000185e-13
825073,691769,2,10,0.1,8.5,2.3275000000000018e-08,0,5.417256250000008e-16
825068,691769,1,11,0.15789473684210525,3.5,0.049534875994298434,0,0.0024537039397705233
825068,691769,1,11,0.15789473684210525,4.5,0.009679328029686764,0,9.368939110627987e-05
825068,691769,1,11,0.15789473684210525,5.5,0.0013336635608196354,0,1.7786584934581094e-06
825068,691769,1,11,0.15789473684210525,6.5,0.00012681502242953513,0,1.60820499138035e-08
825068,691769,1,11,0.15789473684210525,7.5,7.919986338137537e-06,0,6.272618359628523e-11
825068,691769,1,11,0.15789473684210525,8.5,2.9214380087981994e-07,0,8.534800039250788e-14
825057,691769,1,9,0.14285714285714285,3.5,0.05117802171960003,0,0.0026191899071318523
825057,691769,1,9,0.14285714285714285,4.5,0.01047579570413973,0,0.00010974229563487242
825057,691769,1,9,0.14285714285714285,5.5,0.0015566992207519037,0,2.4233124638895842e-06
825057,691769,1,9,0.14285714285714285,6.5,0.00016653140466830772,0,2.773270874079966e-08
825057,691769,1,9,0.14285714285714285,7.5,1.250526757276553e-05,0,1.563817170664611e-10
825057,691769,1,9,0.14285714285714285,8.5,6.255921052902072e-07,0,3.913654822014337e-13
824026,691951,5,22,0.14,3.5,0.3044956093282325,1,0.4837263574437066
824026,691951,5,22,0.14,4.5,0.13881346807667672,1,0.7416422427661211
824026,691951,5,22,0.14,5.5,0.051908983246219495,0,0.002694542541656296
824026,691951,5,22,0.14,6.5,0.016060523319602088,0,0.00025794040929948245
824026,691951,5,22,0.14,7.5,0.004141975356132101,0,1.7155959850805646e-05
824026,691951,5,22,0.14,8.5,0.0008952893236493863,0,8.015429730405756e-07
824020,691951,4,21,0.1485148514851485,3.5,0.35234971873404697,1,0.41945088682386805
824020,691951,4,21,0.1485148514851485,4.5,0.17205440711952766,0,0.029602719009252168
824020,691951,4,21,0.1485148514851485,5.5,0.0694013936795684,0,0.004816553444666436
824020,691951,4,21,0.1485148514851485,6.5,0.02330085628338904,0,0.0005429299035391504
824020,691951,4,21,0.1485148514851485,7.5,0.006557408086463005,0,4.299960081241041e-05
824020,691951,4,21,0.1485148514851485,8.5,0.001555384857136656,0,2.419222053810016e-06
825072,691951,1,19,0.17475728155339806,3.5,0.49587277244377687,0,0.24588980645107772
825072,691951,1,19,0.17475728155339806,4.5,0.28619884136152474,0,0.0819097767966792
825072,691951,1,19,0.17475728155339806,5.5,0.1383401516061741,0,0.019137997546419237
825072,691951,1,19,0.17475728155339806,6.5,0.05612137635618979,0,0.003149608884113098
825072,691951,1,19,0.17475728155339806,7.5,0.019174583266793437,0,0.00036766464345519486
825072,691951,1,19,0.17475728155339806,8.5,0.005534704505739144,0,3.063295396584918e-05
824016,691951,3,21,0.15841584158415842,3.5,0.40055524468676995,0,0.16044450404607816
824016,691951,3,21,0.15841584158415842,4.5,0.20768964008483906,0,0.043134986598569985
824016,691951,3,21,0.15841584158415842,5.5,0.08935774825417529,0,0.007984807173056567
824016,691951,3,21,0.15841584158415842,6.5,0.032092246721455185,0,0.001029912299630751
824016,691951,3,21,0.15841584158415842,7.5,0.009679529930699834,0,9.369329967931394e-05
824016,691951,3,21,0.15841584158415842,8.5,0.002463935251795154,0,6.07097692503885e-06
824011,691951,4,21,0.1485148514851485,3.5,0.35234971873404697,1,0.41945088682386805
824011,691951,4,21,0.1485148514851485,4.5,0.17205440711952766,0,0.029602719009252168
824011,691951,4,21,0.1485148514851485,5.5,0.0694013936795684,0,0.004816553444666436
824011,691951,4,21,0.1485148514851485,6.5,0.02330085628338904,0,0.0005429299035391504
824011,691951,4,21,0.1485148514851485,7.5,0.006557408086463005,0,4.299960081241041e-05
824011,691951,4,21,0.1485148514851485,8.5,0.001555384857136656,0,2.419222053810016e-06
824012,691951,2,18,0.16346153846153846,3.5,0.4488864454563403,0,0.201499040914428
824012,691951,2,18,0.16346153846153846,4.5,0.24544674228148347,0,0.060244103296592966
824012,691951,2,18,0.16346153846153846,5.5,0.11161913718054185,0,0.01245883178492862
824012,691951,2,18,0.16346153846153846,6.5,0.042374990974051764,0,0.0017956398600509685
824012,691951,2,18,0.16346153846153846,7.5,0.013491891994468189,0,0.00018203114959039482
824012,691951,2,18,0.16346153846153846,8.5,0.0036168788756508505,0,1.308181280112936e-05
824271,693433,7,27,0.24607329842931938,3.5,0.8676593184513408,1,0.017514055992763622
824271,693433,7,27,0.24607329842931938,4.5,0.7284896980337847,1,0.07371784407378541
824271,693433,7,27,0.24607329842931938,5.5,0.5512536505051373,1,0.20137328618496544
824271,693433,7,27,0.24607329842931938,6.5,0.3707682453800031,1,0.39593260102216
824271,693433,7,27,0.24607329842931938,7.5,0.21993451405647552,0,0.048371190473258024
824271,693433,7,27,0.24607329842931938,8.5,0.11460468674226594,0,0.013134234223292907
824827,693433,4,23,0.2564102564102564,3.5,0.8975429105743576,1,0.010497455173574075
824827,693433,4,23,0.2564102564102564,4.5,0.7789359438528298,0,0.6067412046258989
824827,693433,4,23,0.2564102564102564,5.5,0.6167379196815695,0,0.3803656615731501
824827,693433,4,23,0.2564102564102564,6.5,0.4387028878084269,0,0.19246022377145322
824827,693433,4,23,0.2564102564102564,7.5,0.2777160738897785,0,0.0771262176967529
824827,693433,4,23,0.2564102564102564,8.5,0.15561603483998432,0,0.024216350299319213
823125,693433,9,25,0.23316062176165803,3.5,0.8403913785271436,1,0.025474912048465546
823125,693433,9,25,0.23316062176165803,4.5,0.6873220045427711,1,0.09776752884315083
823125,693433,9,25,0.23316062176165803,5.5,0.5036051864412178,1,0.24640781092805816
823125,693433,9,25,0.23316062176165803,6.5,0.32682790435632625,1,0.45316067035329544
823125,693433,9,25,0.23316062176165803,7.5,0.18681800952874705,1,0.661264949626789
823125,693433,9,25,0.23316062176165803,8.5,0.09384931415466422,1,0.8211090654579724
823367,693433,4,20,0.25252525252525254,3.5,0.9009473689711067,1,0.009811423713746072
823367,693433,4,20,0.25252525252525254,4.5,0.7827476470875097,0,0.6126938790210326
823367,693433,4,20,0.25252525252525254,5.5,0.6191001131987325,0,0.3832849501626834
823367,693433,4,20,0.25252525252525254,6.5,0.43845973618822537,0,0.19224694025824818
823367,693433,4,20,0.25252525252525254,7.5,0.27526192951346334,0,0.07576912983947486
823367,693433,4,20,0.25252525252525254,8.5,0.1523441523427712,0,0.02320874075303748
823122,693433,5,25,0.2538860103626943,3.5,0.8879126810826421,1,0.012563567062081499
823122,693433,5,25,0.2538860103626943,4.5,0.7623726796533293,1,0.056466743375139246
823122,693433,5,25,0.2538860103626943,5.5,0.5949192115012709,0,0.35392886821329395
823122,693433,5,25,0.2538860103626943,6.5,0.41582880090911,0,0.17291359166550824
823122,693433,5,25,0.2538860103626943,7.5,0.2581392736017798,0,0.06663588457565453
823122,693433,5,25,0.2538860103626943,8.5,0.14169487432275304,0,0.02007743740934078
823847,693433,5,25,0.2538860103626943,3.5,0.8879126810826421,1,0.012563567062081499
823847,693433,5,25,0.2538860103626943,4.5,0.7623726796533293,1,0.056466743375139246
823847,693433,5,25,0.2538860103626943,5.5,0.5949192115012709,0,0.35392886821329395
823847,693433,5,25,0.2538860103626943,6.5,0.41582880090911,0,0.17291359166550824
823847,693433,5,25,0.2538860103626943,7.5,0.2581392736017798,0,0.06663588457565453
823847,693433,5,25,0.2538860103626943,8.5,0.14169487432275304,0,0.02007743740934078
823116,693433,7,26,0.24479166666666666,3.5,0.8665650881913061,1,0.01780487568939393
823116,693433,7,26,0.24479166666666666,4.5,0.7272607948323386,1,0.07438667403548768
823116,693433,7,26,0.24479166666666666,5.5,0.5504673009384455,1,0.2020796475255661
823116,693433,7,26,0.24479166666666666,6.5,0.37079577061972563,1,0.395897962270025
823116,693433,7,26,0.24479166666666666,7.5,0.22067774105837715,0,0.04869866539862815
823116,693433,7,26,0.24479166666666666,8.5,0.11564512402768409,0,0.013373794711378437
822869,693433,5,25,0.2538860103626943,3.5,0.8879126810826421,1,0.012563567062081499
822869,693433,5,25,0.2538860103626943,4.5,0.7623726796533293,1,0.056466743375139246
822869,693433,5,25,0.2538860103626943,5.5,0.5949192115012709,0,0.35392886821329395
822869,693433,5,25,0.2538860103626943,6.5,0.41582880090911,0,0.17291359166550824
822869,693433,5,25,0.2538860103626943,7.5,0.2581392736017798,0,0.06663588457565453
822869,693433,5,25,0.2538860103626943,8.5,0.14169487432275304,0,0.02007743740934078
823921,693433,8,22,0.23469387755102042,3.5,0.8539838427010141,1,0.021320718192362184
823921,693433,8,22,0.23469387755102042,4.5,0.7079920887087237,1,0.08526862025669392
823921,693433,8,22,0.23469387755102042,5.5,0.5276083800173403,1,0.22315384262984153
823921,693433,8,22,0.23469387755102042,6.5,0.3489485746610712,1,0.4238679584358508
823921,693433,8,22,0.23469387755102042,7.5,0.20341629407698059,1,0.6345456005420514
823921,693433,8,22,0.23469387755102042,8.5,0.10417250495982278,0,0.010851910789604301
823541,693645,3,20,0.3346153846153846,3.5,0.9659033826503982,0,0.9329693446154816
823541,693645,3,20,0.3346153846153846,4.5,0.9127709752912071,0,0.8331508533340614
823541,693645,3,20,0.3346153846153846,5.5,0.8217209556958343,0,0.6752253290296752
823541,693645,3,20,0.3346153846153846,6.5,0.6945676081915682,0,0.48242416234895574
823541,693645,3,20,0.3346153846153846,7.5,0.545324464229491,0,0.2973787712871814
823541,693645,3,20,0.3346153846153846,8.5,0.3947893430334162,0,0.15585862537275635
823537,693645,5,22,0.32945736434108525,3.5,0.9600457531694561,1,0.0015963418397960303
823537,693645,5,22,0.32945736434108525,4.5,0.9002914890573845,1,0.009941787154393667
823537,693645,5,22,0.32945736434108525,5.5,0.8012258335990645,0,0.6419628364265159
823537,693645,5,22,0.32945736434108525,6.5,0.6675163844801101,0,0.44557812354939813
823537,693645,5,22,0.32945736434108525,7.5,0.5157632794402711,0,0.26601176041898317
823537,693645,5,22,0.32945736434108525,8.5,0.3674222701936476,0,0.1349991246342538
822802,693645,7,29,0.33067729083665337,3.5,0.9579972945255743,1,0.0017642272671713549
822802,693645,7,29,0.33067729083665337,4.5,0.8945367723761618,1,0.011122492380837509
822802,693645,7,29,0.33067729083665337,5.5,0.7891158742781446,1,0.044472114481471335
822802,693645,7,29,0.33067729083665337,6.5,0.6474962459670216,1,0.12425889660734253
822802,693645,7,29,0.33067729083665337,7.5,0.48891186793207975,0,0.2390348146048354
822802,693645,7,29,0.33067729083665337,8.5,0.33752696209345556,0,0.11392445014003699
823534,693645,13,23,0.29961089494163423,3.5,0.931164240616389,1,0.004738361769918386
823534,693645,13,23,0.29961089494163423,4.5,0.8437487027244338,1,0.02441446790029736
823534,693645,13,23,0.29961089494163423,5.5,0.7146130513963846,1,0.0814457104332826
823534,693645,13,23,0.29961089494163423,6.5,0.5590220592706189,1,0.19446154420992556
823534,693645,13,23,0.29961089494163423,7.5,0.40116505218399223,1,0.35860329472580077
823534,693645,13,23,0.29961089494163423,8.5,0.2631251464021187,1,0.542984549864899
824747,693645,9,25,0.3176470588235294,3.5,0.948224001902228,1,0.00268075397902049
824747,693645,9,25,0.3176470588235294,4.5,0.8756527075727091,1,0.015462249133998202
824747,693645,9,25,0.3176470588235294,5.5,0.761211192804057,1,0.05702009444206123
824747,693645,9,25,0.3176470588235294,6.5,0.6147186516204098,1,0.14844171740919512
824747,693645,9,25,0.3176470588235294,7.5,0.4575316147587338,1,0.29427194898626674
824747,693645,9,25,0.3176470588235294,8.5,0.31264879905548193,1,0.47245167343987127
823528,693645,5,20,0.3269230769230769,3.5,0.9606933623173307,1,0.0015450117659166372
823528,693645,5,20,0.3269230769230769,4.5,0.9017659155655194,1,0.009649935344680656
823528,693645,5,20,0.3269230769230769,5.5,0.8035281737758371,0,0.6456575260515318
823528,693645,5,20,0.3269230769230769,6.5,0.6699869260669592,0,0.44888248110065304
823528,693645,5,20,0.3269230769230769,7.5,0.5173636045132762,0,0.2676650992749697
823528,693645,5,20,0.3269230769230769,8.5,0.3674547279446771,0,0.13502297708889666
822958,693645,8,28,0.3253968253968254,3.5,0.9539457807152285,1,0.0021209911139298183
822958,693645,8,28,0.3253968253968254,4.5,0.8863788207352026,1,0.012909772377523231
822958,693645,8,28,0.3253968253968254,5.5,0.7764794610283137,1,0.04996143134219315
822958,693645,8,28,0.3253968253968254,6.5,0.631835734138653,1,0.1355449266572246
822958,693645,8,28,0.3253968253968254,7.5,0.47298793464908945,1,0.2777417170254324
822958,693645,8,28,0.3253968253968254,8.5,0.32403812586836706,0,0.1050007070162837
822711,693645,6,27,0.33201581027667987,3.5,0.9593656603819929,1,0.0016511495561915422
822711,693645,6,27,0.33201581027667987,4.5,0.8977208772595041,1,0.010461018948565423
822711,693645,6,27,0.33201581027667987,5.5,0.7950238887682548,1,0.042015206175688775
822711,693645,6,27,0.33201581027667987,6.5,0.6566020077447888,0,0.43112619657448775
822711,693645,6,27,0.33201581027667987,7.5,0.5008603417143103,0,0.25086108190217565
822711,693645,6,27,0.33201581027667987,8.5,0.3510653941891705,0,0.12324691099719766
823523,693645,8,20,0.3153846153846154,3.5,0.9515483349067837,1,0.0023475638503051947
823523,693645,8,20,0.3153846153846154,4.5,0.8831152277352158,1,0.01366204998739047
823523,693645,8,20,0.3153846153846154,5.5,0.7737368555650952,1,0.051195010529570595
823523,693645,8,20,0.3153846153846154,6.5,0.6310756835446577,1,0.13610515127204154
823523,693645,8,20,0.3153846153846154,7.5,0.47457110613446696,1,0.2760755225087576
823523,693645,8,20,0.3153846153846154,8.5,0.32702032133361625,0,0.10694229056514162
823434,693645,12,26,0.30708661417322836,3.5,0.9371735199362125,1,0.0039471665972054945
823434,693645,12,26,0.30708661417322836,4.5,0.8540202870703204,1,0.021310076587031664
823434,693645,12,26,0.30708661417322836,5.5,0.7281332531990711,1,0.0739115280161204
823434,693645,12,26,0.30708661417322836,6.5,0.5734426175767848,1,0.18195120049974503
823434,693645,12,26,0.30708661417322836,7.5,0.4142008777352866,1,0.34316061164610867
823434,693645,12,26,0.30708661417322836,8.5,0.2735489086131671,1,0.5277311881771207
824567,693645,8,23,0.31906614785992216,3.5,0.9508695786147019,1,0.0024137983054969576
824567,693645,8,23,0.31906614785992216,4.5,0.8814507986580169,1,0.014053913138822049
824567,693645,8,23,0.31906614785992216,5.5,0.7710628677382152,1,0.05241221052824995
824567,693645,8,23,0.31906614785992216,6.5,0.6281936025752152,1,0.13823999716599705
824567,693645,8,23,0.31906614785992216,7.5,0.47273712941792273,1,0.2780061346944523
824567,693645,8,23,0.31906614785992216,8.5,0.3270447675897205,0,0.10695828000781431
823520,693645,6,17,0.3193916349809886,3.5,0.9622101510169941,1,0.0014280726861583889
823520,693645,6,17,0.3193916349809886,4.5,0.9026120289750736,1,0.009484416900351896
823520,693645,6,17,0.3193916349809886,5.5,0.8010236508763824,1,0.03959158751056376
823520,693645,6,17,0.3193916349809886,6.5,0.6616712291155801,0,0.4378088154393225
823520,693645,6,17,0.3193916349809886,7.5,0.5030594439167305,0,0.25306880411381016
823520,693645,6,17,0.3193916349809886,8.5,0.34974169966383656,0,0.12231925648374925
822808,693686,5,16,0.24050632911392406,3.5,0.38625998318840715,1,0.3766768082358943
822808,693686,5,16,0.24050632911392406,4.5,0.21315955757621746,1,0.6191178818336538
822808,693686,5,16,0.24050632911392406,5.5,0.10369481027076574,0,0.010752613677090104
822808,693686,5,16,0.24050632911392406,6.5,0.044303181689660256,0,0.001962771907827048
822808,693686,5,16,0.24050632911392406,7.5,0.016378540647267743,0,0.00026825659373420164
822808,693686,5,16,0.24050632911392406,8.5,0.005147933022229114,0,2.650121440135698e-05
822801,693686,2,10,0.25882352941176473,3.5,0.502062430498868,0,0.2520666841184307
822801,693686,2,10,0.25882352941176473,4.5,0.3080434372018693,0,0.09489075920314198
822801,693686,2,10,0.25882352941176473,5.5,0.1642426386497321,0,0.026975644350626472
822801,693686,2,10,0.25882352941176473,6.5,0.0755893695311447,0,0.0057137527861159465
822801,693686,2,10,0.25882352941176473,7.5,0.02973325432988929,0,0.0008840664130458802
822801,693686,2,10,0.25882352941176473,8.5,0.009889778339890888,0,9.780771561217497e-05
822796,693686,3,9,0.2441860465116279,3.5,0.46663878684271043,0,0.21775175738603653
822796,693686,3,9,0.2441860465116279,4.5,0.2723162310595266,0,0.0741561296984655
822796,693686,3,9,0.2441860465116279,5.5,0.1368430300481355,0,0.018726014872754916
822796,693686,3,9,0.2441860465116279,6.5,0.05905184285022562,0,0.0034871201440077426
822796,693686,3,9,0.2441860465116279,7.5,0.021722527812502897,0,0.0004718682145649619
822796,693686,3,9,0.2441860465116279,8.5,0.006745721721492862,0,4.5504761543820616e-05
822791,693686,5,11,0.2261904761904762,3.5,0.3919270193888362,1,0.36975274974934474
822791,693686,5,11,0.2261904761904762,4.5,0.2157000518813509,1,0.6151264086189157
822791,693686,5,11,0.2261904761904762,5.5,0.10203666221147664,0,0.010411480435258986
822791,693686,5,11,0.2261904761904762,6.5,0.041171572427517025,0,0.0016950983761542802
822791,693686,5,11,0.2261904761904762,7.5,0.014037572856918168,0,0.0001970534517132857
822791,693686,5,11,0.2261904761904762,8.5,0.0040092608765615306,0,1.6074172776326932e-05
823203,693686,1,18,0.2987012987012987,3.5,0.533230576119515,0,0.28433484730874986
823203,693686,1,18,0.2987012987012987,4.5,0.33383810515527385,0,0.11144788045366368
823203,693686,1,18,0.2987012987012987,5.5,0.18455762802631434,0,0.03406151806269941
823203,693686,1,18,0.2987012987012987,6.5,0.09050942520546314,0,0.008191956051023326
823203,693686,1,18,0.2987012987012987,7.5,0.03907172428788102,0,0.0015265996388281915
823203,693686,1,18,0.2987012987012987,8.5,0.014611557676411157,0,0.0002134976177310898
822789,693686,4,18,0.2597402597402597,3.5,0.4249567199025949,1,0.3306747739851826
822789,693686,4,18,0.2597402597402597,4.5,0.23896989889118708,0,0.05710661257606418
822789,693686,4,18,0.2597402597402597,5.5,0.1173113856773634,0,0.013761961209543105
822789,693686,4,18,0.2597402597402597,6.5,0.05040984730027545,0,0.002541152704837088
822789,693686,4,18,0.2597402597402597,7.5,0.018804684710592472,0,0.0003536161670647903
822789,693686,4,18,0.2597402597402597,8.5,0.006005152360228575,0,3.606185486955882e-05
822784,693686,4,13,0.24390243902439024,3.5,0.4256060834207747,1,0.32992837140322206
822784,693686,4,13,0.24390243902439024,4.5,0.24709390729183323,0,0.061055399020745076
822784,693686,4,13,0.24390243902439024,5.5,0.12571728804189053,0,0.01580483651260767
822784,693686,4,13,0.24390243902439024,6.5,0.05539637124429479,0,0.003068757947035731
822784,693686,4,13,0.24390243902439024,7.5,0.020798855426402738,0,0.0004325923870484026
822784,693686,4,13,0.24390243902439024,8.5,0.0065584322534713154,0,4.3013033623372834e-05
824918,693821,6,27,0.18478260869565216,3.5,0.618936264732976,1,0.14520957033565654
824918,693821,6,27,0.18478260869565216,4.5,0.4183712681109239,1,0.3382919817588947
824918,693821,6,27,0.18478260869565216,5.5,0.24908490525537308,1,0.5638734795153321
824918,693821,6,27,0.18478260869565216,6.5,0.13180331582693747,0,0.017372114062975424
824918,693821,6,27,0.18478260869565216,7.5,0.06274478040182366,0,0.003936907467673074
824918,693821,6,27,0.18478260869565216,8.5,0.02719153993265834,0,0.0007393798439093532
824916,693821,4,22,0.19047619047619047,3.5,0.6628903677605784,1,0.11364290414859807
824916,693821,4,22,0.19047619047619047,4.5,0.46852936730446954,0,0.21951976802672651
824916,693821,4,22,0.19047619047619047,5.5,0.29370834363106924,0,0.08626459111850625
824916,693821,4,22,0.19047619047619047,6.5,0.16404070697948975,0,0.026909353546330818
824916,693821,4,22,0.19047619047619047,7.5,0.08220997489097158,0,0.006758479971574177
824916,693821,4,22,0.19047619047619047,8.5,0.03723512783489293,0,0.0013864547448808183
823615,693821,2,24,0.20320855614973263,3.5,0.7038319226874089,0,0.49537937539385474
823615,693821,2,24,0.20320855614973263,4.5,0.5154872736525735,0,0.2657271292977632
823615,693821,2,24,0.20320855614973263,5.5,0.33670612289114266,0,0.11337101319238527
823615,693821,2,24,0.20320855614973263,6.5,0.1969573200463726,0,0.038792185919849245
823615,693821,2,24,0.20320855614973263,7.5,0.10394802136771862,0,0.010805191146263687
823615,693821,2,24,0.20320855614973263,8.5,0.04987666486477662,0,0.0024876816980332426
824908,693821,6,32,0.18994413407821228,3.5,0.6284425132940273,1,0.13805496592725905
824908,693821,6,32,0.18994413407821228,4.5,0.42302398333334507,1,0.33290132380852
824908,693821,6,32,0.18994413407821228,5.5,0.24689596364690275,1,0.5671656895713272
824908,693821,6,32,0.18994413407821228,6.5,0.12499412698431245,0,0.015623531780570426
824908,693821,6,32,0.18994413407821228,7.5,0.05506475343753797,0,0.00303212707113685
824908,693821,6,32,0.18994413407821228,8.5,0.02119333411576191,0,0.0004491574109423177
823207,693821,4,17,0.18556701030927836,3.5,0.669165137960153,1,0.10945170594092461
823207,693821,4,17,0.18556701030927836,4.5,0.470097220877115,0,0.22099139707638701
823207,693821,4,17,0.18556701030927836,5.5,0.2904260234415746,0,0.08434727509208603
823207,693821,4,17,0.18556701030927836,6.5,0.1585320715876123,0,0.025132417721859826
823207,693821,4,17,0.18556701030927836,7.5,0.07712709558720764,0,0.005948588873718264
823207,693821,4,17,0.18556701030927836,8.5,0.03376494338908118,0,0.001140071402067857
823359,693821,3,20,0.193717277486911,3.5,0.6859667036125634,0,0.4705503184650864
823359,693821,3,20,0.193717277486911,4.5,0.4938628033876233,0,0.24390046856988226
823359,693821,3,20,0.193717277486911,5.5,0.31534933485486183,0,0.09944520299340377
823359,693821,3,20,0.193717277486911,6.5,0.1791000210212396,0,0.03207681752980846
823359,693821,3,20,0.193717277486911,7.5,0.09105235268917206,0,0.008290530930233377
823359,693821,3,20,0.193717277486911,8.5,0.041745494978150256,0,0.0017426863509707683
824898,693821,4,22,0.19047619047619047,3.5,0.6628903677605784,1,0.11364290414859807
824898,693821,4,22,0.19047619047619047,4.5,0.46852936730446954,0,0.21951976802672651
824898,693821,4,22,0.19047619047619047,5.5,0.29370834363106924,0,0.08626459111850625
824898,693821,4,22,0.19047619047619047,6.5,0.16404070697948975,0,0.026909353546330818
824898,693821,4,22,0.19047619047619047,7.5,0.08220997489097158,0,0.006758479971574177
824898,693821,4,22,0.19047619047619047,8.5,0.03723512783489293,0,0.0013864547448808183
824811,693821,8,22,0.1693121693121693,3.5,0.5695836067375086,1,0.18525827158909164
824811,693821,8,22,0.1693121693121693,4.5,0.36983681714496497,1,0.39710563702598833
824811,693821,8,22,0.1693121693121693,5.5,0.2109043802725853,1,0.6226718970729926
824811,693821,8,22,0.1693121693121693,6.5,0.1064676140097976,1,0.7984001248133441
824811,693821,8,22,0.1693121693121693,7.5,0.048007439410351,1,0.9062898354180365
824811,693821,8,22,0.1693121693121693,8.5,0.019490749434982437,0,0.0003798893135372682
824892,693821,3,25,0.1989247311827957,3.5,0.6838995540849777,0,0.46771860007763133
824892,693821,3,25,0.1989247311827957,4.5,0.4916111519071947,0,0.24168152467951884
824892,693821,3,25,0.1989247311827957,5.5,0.3142329062293683,0,0.09874231935735496
824892,693821,3,25,0.1989247311827957,6.5,0.17960437939004958,0,0.032257733096084866
824892,693821,3,25,0.1989247311827957,7.5,0.09261106051635858,0,0.008576808529964631
824892,693821,3,25,0.1989247311827957,8.5,0.04346089837493341,0,0.0018888496875562894
822971,693855,1,11,0.30697674418604654,3.5,0.8556630883085056,0,0.7321593206936494
822971,693855,1,11,0.30697674418604654,4.5,0.7226182880189961,0,0.5221771901795048
822971,693855,1,11,0.30697674418604654,5.5,0.5611512024815345,0,0.31489067204647214
822971,693855,1,11,0.30697674418604654,6.5,0.3976878880994072,0,0.15815565634096662
822971,693855,1,11,0.30697674418604654,7.5,0.2555769407758912,0,0.0653195726563634
822971,693855,1,11,0.30697674418604654,8.5,0.147955174016826,0,0.021890733518349265
822972,693855,5,14,0.29245283018867924,3.5,0.8092218035355989,1,0.03639632024620962
822972,693855,5,14,0.29245283018867924,4.5,0.6646214105485655,1,0.11247879826243386
822972,693855,5,14,0.29245283018867924,5.5,0.5017369353028986,0,0.2517399522471451
822972,693855,5,14,0.29245283018867924,6.5,0.3448504333492239,0,0.1189218213811475
822972,693855,5,14,0.29245283018867924,7.5,0.21381093817570648,0,0.04571511728357578
822972,693855,5,14,0.29245283018867924,8.5,0.11863251910093547,0,0.01407367458823382
824021,693855,3,16,0.3047619047619048,3.5,0.8224655055203943,0,0.6764495077709178
824021,693855,3,16,0.3047619047619048,4.5,0.6853179342889909,0,0.46966067105812964
824021,693855,3,16,0.3047619047619048,5.5,0.5292956617641356,0,0.2801538975623342
824021,693855,3,16,0.3047619047619048,6.5,0.3756813107179487,0,0.14113644722275592
824021,693855,3,16,0.3047619047619048,7.5,0.2424863361764163,0,0.058799623232261976
824021,693855,3,16,0.3047619047619048,8.5,0.140836562381255,0,0.01983493730336913
822967,693855,4,22,0.3088235294117647,3.5,0.8146345868249882,1,0.034360336401542825
822967,693855,4,22,0.3088235294117647,4.5,0.6705203844173018,0,0.44959758591912613
822967,693855,4,22,0.3088235294117647,5.5,0.5098540671965979,0,0.2599511698369129
822967,693855,4,22,0.3088235294117647,6.5,0.35670861018415567,0,0.12724103257951191
822967,693855,4,22,0.3088235294117647,7.5,0.2282780687307207,0,0.05211087666342765
822967,693855,4,22,0.3088235294117647,8.5,0.13259536636894967,0,0.01758153118251599
822961,693855,7,21,0.2926829268292683,3.5,0.7841619890384979,1,0.04658604697581751
822961,693855,7,21,0.2926829268292683,4.5,0.6299012898227861,1,0.13697305527483733
822961,693855,7,21,0.2926829268292683,5.5,0.46538956941818727,1,0.28580831248687116
822961,693855,7,21,0.2926829268292683,6.5,0.31494058561337385,1,0.46930640123974726
822961,693855,7,21,0.2926829268292683,7.5,0.19395218383282695,0,0.037617449613522695
822961,693855,7,21,0.2926829268292683,8.5,0.10780819807975071,0,0.011622607573202765
824093,693855,8,23,0.29064039408866993,3.5,0.7765707613832482,1,0.04992062466886141
824093,693855,8,23,0.29064039408866993,4.5,0.6179889963665404,1,0.14593240689704312
824093,693855,8,23,0.29064039408866993,5.5,0.45028620448257856,1,0.30218525698216936
824093,693855,8,23,0.29064039408866993,6.5,0.2991454344106045,1,0.49119712210750033
824093,693855,8,23,0.29064039408866993,7.5,0.1801953191759539,1,0.6720797147010161
824093,693855,8,23,0.29064039408866993,8.5,0.09776966668140721,0,0.009558907722993467
822956,693855,12,21,0.2682926829268293,3.5,0.7275637755813105,1,0.07422149637551057
822956,693855,12,21,0.2682926829268293,4.5,0.5572251255917777,1,0.196049589407217
822956,693855,12,21,0.2682926829268293,5.5,0.38860035440372903,1,0.3738095266352457
822956,693855,12,21,0.2682926829268293,6.5,0.245770820810911,1,0.5688616547402469
822956,693855,12,21,0.2682926829268293,7.5,0.14010733506817408,1,0.7394153952035575
822956,693855,12,21,0.2682926829268293,8.5,0.07148181367585313,1,0.8621460223346831
822951,693855,3,19,0.30917874396135264,3.5,0.8206413559920956,0,0.6734522351645454
822951,693855,3,19,0.30917874396135264,4.5,0.6815260213748613,0,0.4644777178110479
822951,693855,3,19,0.30917874396135264,5.5,0.5252590281600633,0,0.27589704666365417
822951,693855,3,19,0.30917874396135264,6.5,0.3737330474455285,0,0.13967639075292165
822951,693855,3,19,0.30917874396135264,7.5,0.24345626399756,0,0.059270952479649634
822951,693855,3,19,0.30917874396135264,8.5,0.14367461869075385,0,0.020642396055933515
824738,693855,4,13,0.29577464788732394,3.5,0.8216634667124545,1,0.031803919105019826
824738,693855,4,13,0.29577464788732394,4.5,0.6800463793871202,0,0.462463078117531
824738,693855,4,13,0.29577464788732394,5.5,0.5171149918638545,0,0.26740791481035425
824738,693855,4,13,0.29577464788732394,6.5,0.3579325839882349,0,0.12811573468049484
824738,693855,4,13,0.29577464788732394,7.5,0.2236376162305258,0,0.05001378339327194
824738,693855,4,13,0.29577464788732394,8.5,0.12521407841289633,0,0.01567856543279095
822785,693855,7,24,0.297029702970297,3.5,0.7890798313558283,1,0.04448731754088585
822785,693855,7,24,0.297029702970297,4.5,0.6338360204865046,1,0.13407605989315952
822785,693855,7,24,0.297029702970297,5.5,0.4664113276483132,1,0.2847168712620357
822785,693855,7,24,0.297029702970297,6.5,0.3128531708997306,1,0.4721707647425548
822785,693855,7,24,0.297029702970297,7.5,0.19012308934856206,0,0.03614678910344132
822785,693855,7,24,0.297029702970297,8.5,0.10394883353352447,0,0.01080535999298038
822947,693855,4,17,0.3014354066985646,3.5,0.8124239743344568,1,0.035184765404480525
822947,693855,4,17,0.3014354066985646,4.5,0.6711535420850452,0,0.4504470770533025
822947,693855,4,17,0.3014354066985646,5.5,0.5134186692465337,0,0.26359872993088157
822947,693855,4,17,0.3014354066985646,6.5,0.3609442516208626,0,0.13028075277814455
822947,693855,4,17,0.3014354066985646,7.5,0.23085115874683923,0,0.05329225749475837
822947,693855,4,17,0.3014354066985646,8.5,0.13288612130572086,0,0.01765872123567876
824324,693855,9,25,0.2885572139303483,3.5,0.7697533888964614,1,0.05301350192466415
824324,693855,9,25,0.2885572139303483,4.5,0.6073178032359074,1,0.1541993076554735
824324,693855,9,25,0.2885572139303483,5.5,0.43646438088358963,1,0.3175723940129159
824324,693855,9,25,0.2885572139303483,6.5,0.2840584132536376,1,0.512572355632899
824324,693855,9,25,0.2885572139303483,7.5,0.16624504206117785,1,0.6951473298875671
824324,693855,9,25,0.2885572139303483,8.5,0.08681789658402517,1,0.8339015539992242
825077,694297,1,9,0.12962962962962962,3.5,0.35253075667423234,0,0.12427793440130681
825077,694297,1,9,0.12962962962962962,4.5,0.17819623504118265,0,0.03175389818285241
825077,694297,1,9,0.12962962962962962,5.5,0.07631367602282949,0,0.00582377714811738
825077,694297,1,9,0.12962962962962962,6.5,0.027979384063175846,0,0.0007828459325546985
825077,694297,1,9,0.12962962962962962,7.5,0.008862157571662775,0,7.853783682497986e-05
825077,694297,1,9,0.12962962962962962,8.5,0.0024423416316410504,0,5.965032645647068e-06
825066,694297,2,19,0.13157894736842105,3.5,0.33267802030429905,0,0.11067466519358761
825066,694297,2,19,0.13157894736842105,4.5,0.17291143516909122,0,0.029898364412234833
825066,694297,2,19,0.13157894736842105,5.5,0.07642327452255408,0,0.005840516888749664
825066,694297,2,19,0.13157894736842105,6.5,0.028890560207003466,0,0.0008346644690744922
825066,694297,2,19,0.13157894736842105,7.5,0.009410345822426301,0,8.855460849765615e-05
825066,694297,2,19,0.13157894736842105,8.5,0.0026591625235889045,0,7.071145326859711e-06
823282,694297,6,19,0.10526315789473684,3.5,0.20757600377591887,1,0.6279357897917425
823282,694297,6,19,0.10526315789473684,4.5,0.08835243131193163,1,0.8311012894948664
823282,694297,6,19,0.10526315789473684,5.5,0.03154440571603724,1,0.9379062380999035
823282,694297,6,19,0.10526315789473684,6.5,0.009549518573437724,0,9.119330498443207e-05
823282,694297,6,19,0.10526315789473684,7.5,0.002476367381582289,0,6.132395408564722e-06
823282,694297,6,19,0.10526315789473684,8.5,0.0005547600812077477,0,3.0775874770162683e-07
823926,694297,2,22,0.1342281879194631,3.5,0.33189462900149463,0,0.11015404476003976
823926,694297,2,22,0.1342281879194631,4.5,0.173729003895754,0,0.030181766794610907
823926,694297,2,22,0.1342281879194631,5.5,0.07781167056494975,0,0.0060546560761082675
823926,694297,2,22,0.1342281879194631,6.5,0.0299804942862479,0,0.000898830037647743
823926,694297,2,22,0.1342281879194631,7.5,0.009999593938267852,0,9.999187893024316e-05
823926,694297,2,22,0.1342281879194631,8.5,0.0029030586871364923,0,8.427749740958653e-06
825059,694297,3,23,0.12837837837837837,3.5,0.299939435754041,0,0.08996366512045247
825059,694297,3,23,0.12837837837837837,4.5,0.15023556360739831,0,0.022570724572432626
825059,694297,3,23,0.12837837837837837,5.5,0.06424421501337207,0,0.0041273191626843815
825059,694297,3,23,0.12837837837837837,6.5,0.023617193525974706,0,0.0005577718300433416
825059,694297,3,23,0.12837837837837837,7.5,0.0075173284075425095,0,5.65102263868456e-05
825059,694297,3,23,0.12837837837837837,8.5,0.0020839294688019955,0,4.342762030941367e-06
823042,694297,1,26,0.14482758620689656,3.5,0.36242442185934803,0,0.13135146156008268
823042,694297,1,26,0.14482758620689656,4.5,0.19632902688693873,0,0.03854508679837231
823042,694297,1,26,0.14482758620689656,5.5,0.09128744506311363,0,0.00833339762615099
823042,694297,1,26,0.14482758620689656,6.5,0.03665939879771383,0,0.001343911520209822
823042,694297,1,26,0.14482758620689656,7.5,0.012814540987864274,0,0.0001642124607296535
823042,694297,1,26,0.14482758620689656,8.5,0.003926802859882967,0,1.541978070038505e-05
823350,694297,4,28,0.1258741258741259,3.5,0.26700684263053065,1,0.5372789687504637
823350,694297,4,28,0.1258741258741259,4.5,0.12511457545225857,0,0.015653656990598903
823350,694297,4,28,0.1258741258741259,5.5,0.04937816244273084,0,0.0024382029262207147
823350,694297,4,28,0.1258741258741259,6.5,0.016545156745769812,0,0.00027374221174209233
823350,694297,4,28,0.1258741258741259,7.5,0.004745866187968126,0,2.252324587409911e-05
823350,694297,4,28,0.1258741258741259,8.5,0.0011735705765740774,0,1.3772678982004124e-06
825095,694297,3,25,0.13013698630136986,3.5,0.29924665482117313,0,0.08954856042166234
825095,694297,3,25,0.13013698630136986,4.5,0.14934680620802693,0,0.022304468524537952
825095,694297,3,25,0.13013698630136986,5.5,0.0636499305668581,0,0.004051313661165856
825095,694297,3,25,0.13013698630136986,6.5,0.023355861926141495,0,0.0005454962863129859
825095,694297,3,25,0.13013698630136986,7.5,0.0074411302584967715,0,5.537041952391623e-05
825095,694297,3,25,0.13013698630136986,8.5,0.0020725067027834118,0,4.295284033082169e-06
824829,694346,0,19,0.28735632183908044,3.5,0.8944409112373579,0,0.8000245436951152
824829,694346,0,19,0.28735632183908044,4.5,0.7740159761091687,0,0.5991007312722293
824829,694346,0,19,0.28735632183908044,5.5,0.6116971039171981,0,0.3741733469406875
824829,694346,0,19,0.28735632183908044,6.5,0.4359660404468509,0,0.1900663884229052
824829,694346,0,19,0.28735632183908044,7.5,0.2785416326593422,0,0.07758544112453192
824829,694346,0,19,0.28735632183908044,8.5,0.15924345074578564,0,0.025358476605425458
824828,694346,7,22,0.21428571428571427,3.5,0.6730471537116665,1,0.10689816369604266
824828,694346,7,22,0.21428571428571427,4.5,0.4716470919020048,1,0.2791567954956085
824828,694346,7,22,0.21428571428571427,5.5,0.2892309053781266,1,0.5051927058695976
824828,694346,7,22,0.21428571428571427,6.5,0.15571681230555104,1,0.7128141010235002
824828,694346,7,22,0.21428571428571427,7.5,0.07409342816869417,0,0.005489836097789443
824828,694346,7,22,0.21428571428571427,8.5,0.031361153995990924,0,0.0009835219799602575
823936,694346,8,26,0.2125,3.5,0.6373520084242312,1,0.13151356579393886
823936,694346,8,26,0.2125,4.5,0.424268706459263,1,0.33146652236209034
823936,694346,8,26,0.2125,5.5,0.24087746006052072,1,0.5762670306441664
823936,694346,8,26,0.2125,6.5,0.11630983886491789,1,0.7809083008869474
823936,694346,8,26,0.2125,7.5,0.047800802403588444,1,0.90668331190325
823936,694346,8,26,0.2125,8.5,0.01675134148674281,0,0.00028060744160547077
824018,694346,5,18,0.22727272727272727,3.5,0.7594595490994702,1,0.057859708519430175
824018,694346,5,18,0.22727272727272727,4.5,0.5741666578206306,1,0.1813340353116519
824018,694346,5,18,0.22727272727272727,5.5,0.38237545211800994,0,0.1462109863824525
824018,694346,5,18,0.22727272727272727,6.5,0.22330348030350092,0,0.04986444431565602
824018,694346,5,18,0.22727272727272727,7.5,0.11445303159274084,0,0.013099496440768932
824018,694346,5,18,0.22727272727272727,8.5,0.051655884508715916,0,0.002668330404377797
824819,694346,5,21,0.23529411764705882,3.5,0.754149595144362,1,0.06044242156768113
824819,694346,5,21,0.23529411764705882,4.5,0.5700587959433077,1,0.18484943894571837
824819,694346,5,21,0.23529411764705882,5.5,0.381733872887302,0,0.14572074970953883
824819,694346,5,21,0.23529411764705882,6.5,0.22608608432577817,0,0.05111491752576288
824819,694346,5,21,0.23529411764705882,7.5,0.11876780352444846,0,0.014105791154021993
824819,694346,5,21,0.23529411764705882,8.5,0.055552566967465446,0,0.003086087696674733
823206,694462,3,12,0.13636363636363635,3.5,0.3523667342527805,0,0.12416231540796963
823206,694462,3,12,0.13636363636363635,4.5,0.17166380677638313,0,0.029468462556959403
823206,694462,3,12,0.13636363636363635,5.5,0.06894845852664155,0,0.00475388993320001
823206,694462,3,12,0.13636363636363635,6.5,0.022996855362283432,0,0.0005288553565537843
823206,694462,3,12,0.13636363636363635,7.5,0.0064128181300339,0,4.112423636889149e-05
823206,694462,3,12,0.13636363636363635,8.5,0.001503070265223183,0,2.25922022219809e-06
824906,694462,4,22,0.14705882352941177,3.5,0.24807468186178355,1,0.5653916840572579
824906,694462,4,22,0.14705882352941177,4.5,0.11799429717941301,0,0.013922654166863634
824906,694462,4,22,0.14705882352941177,5.5,0.04843609702024631,0,0.0023460554945547133
824906,694462,4,22,0.14705882352941177,6.5,0.017026941529625497,0,0.00028991673785328545
824906,694462,4,22,0.14705882352941177,7.5,0.005092125950275461,0,2.5929746693468767e-05
824906,694462,4,22,0.14705882352941177,8.5,0.001291195491290501,0,1.6671857967289185e-06
823361,694462,2,22,0.20588235294117646,3.5,0.4567488503217932,0,0.20861951227027983
823361,694462,2,22,0.20588235294117646,4.5,0.2827660138361945,0,0.07995661858081093
823361,694462,2,22,0.20588235294117646,5.5,0.1568485886379891,0,0.02460147975772912
823361,694462,2,22,0.20588235294117646,6.5,0.07695941277766825,0,0.005922751215083528
823361,694462,2,22,0.20588235294117646,7.5,0.032885829315059574,0,0.0010814777697392317
823361,694462,2,22,0.20588235294117646,8.5,0.01209664437250848,0,0.0001463288050749411
823780,694477,4,16,0.24074074074074073,3.5,0.2512429518697134,1,0.5606371171247803
823780,694477,4,16,0.24074074074074073,4.5,0.09642377162341799,0,0.009297543734085069
823780,694477,4,16,0.24074074074074073,5.5,0.028079047231400905,0,0.0007884328934232428
823780,694477,4,16,0.24074074074074073,6.5,0.006139935604189221,0,3.769880922359046e-05
823780,694477,4,16,0.24074074074074073,7.5,0.0009886484642509794,0,9.774257858658201e-07
823780,694477,4,16,0.24074074074074073,8.5,0.00011316277654794079,0,1.2805813996039177e-08
823774,694477,7,12,0.1724137931034483,3.5,0.13266930766116813,1,0.7522625298729574
823774,694477,7,12,0.1724137931034483,4.5,0.04430306134002034,1,0.9133566385640568
823774,694477,7,12,0.1724137931034483,5.5,0.01233314262134952,1,0.9754858211642194
823774,694477,7,12,0.1724137931034483,6.5,0.0029157998122944844,1,0.9941769022639564
823774,694477,7,12,0.1724137931034483,7.5,0.0005857827390637479,0,3.4314141738502697e-07
823774,694477,7,12,0.1724137931034483,8.5,9.852855851426877e-05,0,9.707876842899685e-09
824908,694477,2,11,0.2542372881355932,3.5,0.3490224659910503,0,0.12181668176647387
824908,694477,2,11,0.2542372881355932,4.5,0.16940626186291957,0,0.02869848155836808
824908,694477,2,11,0.2542372881355932,5.5,0.06895114971759692,0,0.004754261047378465
824908,694477,2,11,0.2542372881355932,6.5,0.023958491643835966,0,0.0005740093218477578
824908,694477,2,11,0.2542372881355932,7.5,0.007163555288197408,0,5.131652436706105e-05
824908,694477,2,11,0.2542372881355932,8.5,0.001829196287761287,0,3.345959059159673e-06
824500,694477,1,9,0.26229508196721313,3.5,0.3981777686642663,0,0.15854553545845396
824500,694477,1,9,0.26229508196721313,4.5,0.20088940150445647,0,0.04035655163681872
824500,694477,1,9,0.26229508196721313,5.5,0.08384751722854555,0,0.007030406145391244
824500,694477,1,9,0.26229508196721313,6.5,0.029530856127145604,0,0.0008720714636021731
824500,694477,1,9,0.26229508196721313,7.5,0.008920807865870689,0,7.958081297978035e-05
824500,694477,1,9,0.26229508196721313,8.5,0.0023153431959761807,0,5.3608141151531944e-06
825062,694477,2,11,0.2542372881355932,3.5,0.3490224659910503,0,0.12181668176647387
825062,694477,2,11,0.2542372881355932,4.5,0.16940626186291957,0,0.02869848155836808
825062,694477,2,11,0.2542372881355932,5.5,0.06895114971759692,0,0.004754261047378465
825062,694477,2,11,0.2542372881355932,6.5,0.023958491643835966,0,0.0005740093218477578
825062,694477,2,11,0.2542372881355932,7.5,0.007163555288197408,0,5.131652436706105e-05
825062,694477,2,11,0.2542372881355932,8.5,0.001829196287761287,0,3.345959059159673e-06
823192,694477,1,11,0.2711864406779661,3.5,0.3971317227863143,0,0.157713605243226
823192,694477,1,11,0.2711864406779661,4.5,0.20429257602227363,0,0.04173545661781645
823192,694477,1,11,0.2711864406779661,5.5,0.0883840494407424,0,0.007811740195543595
823192,694477,1,11,0.2711864406779661,6.5,0.03273160253493453,0,0.0010713578045049327
823192,694477,1,11,0.2711864406779661,7.5,0.010470760141550016,0,0.00010963681794187251
823192,694477,1,11,0.2711864406779661,8.5,0.002874425223576084,0,8.262320365930422e-06
823781,694738,4,23,0.2096069868995633,3.5,0.721378943987266,1,0.07762969285365107
823781,694738,4,23,0.2096069868995633,4.5,0.5310830395372647,0,0.2820491948841398
823781,694738,4,23,0.2096069868995633,5.5,0.3454015858427521,0,0.11930225550268805
823781,694738,4,23,0.2096069868995633,6.5,0.19836905759180815,0,0.0393502830098621
823781,694738,4,23,0.2096069868995633,7.5,0.10100503780590782,0,0.010202017662172868
823781,694738,4,23,0.2096069868995633,8.5,0.0458649958619264,0,0.0021035978454145257
824669,694738,5,22,0.20434782608695654,3.5,0.7053200316940608,1,0.08683628372078935
824669,694738,5,22,0.20434782608695654,4.5,0.5118360671117044,1,0.2383040253729684
824669,694738,5,22,0.20434782608695654,5.5,0.3273163280020386,0,0.10713597857673811
824669,694738,5,22,0.20434782608695654,6.5,0.18445537637499682,0,0.034023785873641736
824669,694738,5,22,0.20434782608695654,7.5,0.09197518801048153,0,0.008459435209563425
824669,694738,5,22,0.20434782608695654,8.5,0.040815763345801385,0,0.001665926537500464
823211,694738,5,20,0.2025862068965517,3.5,0.7064968000655012,1,0.08614412837179038
823211,694738,5,20,0.2025862068965517,4.5,0.5126319805020021,1,0.23752758642940086
823211,694738,5,20,0.2025862068965517,5.5,0.32729416889487134,0,0.10712147299258457
823211,694738,5,20,0.2025862068965517,6.5,0.183741392709767,0,0.03376089939492482
823211,694738,5,20,0.2025862068965517,7.5,0.09103349039966609,0,0.008287096374346098
823211,694738,5,20,0.2025862068965517,8.5,0.04003336165325667,0,0.0016026700452604415
823853,694738,7,25,0.19823788546255505,3.5,0.6716815885965515,1,0.10779297926648408
823853,694738,7,25,0.19823788546255505,4.5,0.47181157940483337,1,0.2789830076508166
823853,694738,7,25,0.19823788546255505,5.5,0.2904472193171698,1,0.5034651485747365
823853,694738,7,25,0.19823788546255505,6.5,0.15707481471897466,1,0.7105228679810509
823853,694738,7,25,0.19823788546255505,7.5,0.07511354872040654,0,0.005642045201372887
823853,694738,7,25,0.19823788546255505,8.5,0.032021150185075856,0,0.0010253540591751834
823209,694738,6,24,0.20175438596491227,3.5,0.6886229489574197,1,0.09695566791597365
823209,694738,6,24,0.20175438596491227,4.5,0.49175444807412416,1,0.25831354105243814
823209,694738,6,24,0.20175438596491227,5.5,0.30868909260937,1,0.4779107706772563
823209,694738,6,24,0.20175438596491227,6.5,0.17058369101904158,0,0.02909879564167985
823209,694738,6,24,0.20175438596491227,7.5,0.0834461569922604,0,0.00696326111677697
823209,694738,6,24,0.20175438596491227,8.5,0.036393147523022855,0,0.0013244611866325045
825066,694738,4,19,0.20600858369098712,3.5,0.7237540549151003,1,0.07631182217584945
825066,694738,4,19,0.20600858369098712,4.5,0.5327173496569441,0,0.2837877746255188
825066,694738,4,19,0.20600858369098712,5.5,0.34541754016157594,0,0.11931327705127392
825066,694738,4,19,0.20600858369098712,6.5,0.19698000218986217,0,0.038801121262718105
825066,694738,4,19,0.20600858369098712,7.5,0.09910991612018535,0,0.009822775473350177
825066,694738,4,19,0.20600858369098712,8.5,0.04424810610689474,0,0.0019578948940470156
823205,694738,5,30,0.21171171171171171,3.5,0.7133036421576564,1,0.08219480160006513
823205,694738,5,30,0.21171171171171171,4.5,0.5166909733080383,1,0.2335876152819314
823205,694738,5,30,0.21171171171171171,5.5,0.3266631384199607,0,0.1067088060023784
823205,694738,5,30,0.21171171171171171,6.5,0.17944350038327359,0,0.03219996982980191
823205,694738,5,30,0.21171171171171171,7.5,0.08560161513848061,0,0.007327636514316552
823205,694738,5,30,0.21171171171171171,8.5,0.0354963306142014,0,0.0012599894870726914
823115,694738,2,24,0.21929824561403508,3.5,0.752147778133454,0,0.5657262801510916
823115,694738,2,24,0.21929824561403508,4.5,0.5691351771246832,0,0.32391484984074453
823115,694738,2,24,0.21929824561403508,5.5,0.3821127396430552,0,0.14601014579752128
823115,694738,2,24,0.21929824561403508,6.5,0.2272406019899858,0,0.05163829119277114
823115,694738,2,24,0.21929824561403508,7.5,0.12010400698197062,0,0.014424972493125247
823115,694738,2,24,0.21929824561403508,8.5,0.05674365896639172,0,0.0032198428328941674
824083,694738,7,22,0.1956521739130435,3.5,0.6711541493869382,1,0.10813959346542817
824083,694738,7,22,0.1956521739130435,4.5,0.4720882157404383,1,0.27869085196011406
824083,694738,7,22,0.1956521739130435,5.5,0.2912629330217699,1,0.5023082301089041
824083,694738,7,22,0.1956521739130435,6.5,0.15786244019200932,1,0.709195669639357
824083,694738,7,22,0.1956521739130435,7.5,0.07554958960675145,0,0.005707740489748567
824083,694738,7,22,0.1956521739130435,8.5,0.03213349914388787,0,0.0010325617672302424
823193,694738,1,18,0.21794871794871795,3.5,0.7702156635235569,0,0.593232168337033
823193,694738,1,18,0.21794871794871795,4.5,0.5905090426236281,0,0.34870092942027386
823193,694738,1,18,0.21794871794871795,5.5,0.4012159893890902,0,0.16097427014146654
823193,694738,1,18,0.21794871794871795,6.5,0.24060237015430855,0,0.0578895005238709
823193,694738,1,18,0.21794871794871795,7.5,0.12756252544904695,0,0.016272197898938752
823193,694738,1,18,0.21794871794871795,8.5,0.060086488494356154,0,0.0036103860995823946
823270,694738,6,25,0.2026431718061674,3.5,0.6891427800555573,1,0.09663221119158763
823270,694738,6,25,0.2026431718061674,4.5,0.4918638173514766,1,0.25820238011661345
823270,694738,6,25,0.2026431718061674,5.5,0.3083609669766638,1,0.4783645520014555
823270,694738,6,25,0.2026431718061674,6.5,0.1700750973299575,0,0.02892553873179451
823270,694738,6,25,0.2026431718061674,7.5,0.08301963609100992,0,0.006892259976683716
823270,694738,6,25,0.2026431718061674,8.5,0.036147092940021844,0,0.001306612328014577
824351,694819,8,29,0.4438202247191011,3.5,0.9938076717946718,1,3.8344928602503456e-05
824351,694819,8,29,0.4438202247191011,4.5,0.9793668464151379,1,0.0004257270268565062
824351,694819,8,29,0.4438202247191011,5.5,0.946487769936091,1,0.00286355876641273
824351,694819,8,29,0.4438202247191011,6.5,0.8865547307186843,1,0.012869829122310234
824351,694819,8,29,0.4438202247191011,7.5,0.7957755963426538,1,0.041707607049198674
824351,694819,8,29,0.4438202247191011,8.5,0.6778923678990922,0,0.4595380624558382
823778,694819,15,27,0.4,3.5,0.9851406648471663,1,0.00022079984118423824
823778,694819,15,27,0.4,4.5,0.9566876313638204,1,0.0018759612768763142
823778,694819,15,27,0.4,5.5,0.9006451424603032,1,0.009871387716733437
823778,694819,15,27,0.4,6.5,0.8114123152882333,1,0.03556531482494472
823778,694819,15,27,0.4,7.5,0.6922180217103687,1,0.09472974615987906
823778,694819,15,27,0.4,8.5,0.5547162915149912,1,0.19827758104216225
824910,694819,7,24,0.4371584699453552,3.5,0.9930145972401878,1,4.879585171679172e-05
824910,694819,7,24,0.4371584699453552,4.5,0.977329033311459,1,0.0005139727305929339
824910,694819,7,24,0.4371584699453552,5.5,0.9427123913228261,1,0.003281870107949006
824910,694819,7,24,0.4371584699453552,6.5,0.8815733282535944,1,0.014024876580930913
824910,694819,7,24,0.4371584699453552,7.5,0.7917627473900152,0,0.626888248154585
824910,694819,7,24,0.4371584699453552,8.5,0.678247359829757,0,0.4600194811160359
823773,694819,8,23,0.42934782608695654,3.5,0.9919105309993531,1,6.543950871242695e-05
823773,694819,8,23,0.42934782608695654,4.5,0.9744277562008054,1,0.0006539396529254492
823773,694819,8,23,0.42934782608695654,5.5,0.9369264527366217,1,0.0039782723643856195
823773,694819,8,23,0.42934782608695654,6.5,0.87237103098221,1,0.01628915373254399
823773,694819,8,23,0.42934782608695654,7.5,0.7795637540782059,1,0.048592138516093696
823773,694819,8,23,0.42934782608695654,8.5,0.6641566656282085,0,0.44110407649837996
823765,694819,10,21,0.41397849462365593,3.5,0.9895761106485116,1,0.00010865746921207353
823765,694819,10,21,0.41397849462365593,4.5,0.9686758071348941,1,0.0009812050586503517
823765,694819,10,21,0.41397849462365593,5.5,0.9261014738453245,1,0.005460992167833261
823765,694819,10,21,0.41397849462365593,6.5,0.8558505444411549,1,0.020779065537911447
823765,694819,10,21,0.41397849462365593,7.5,0.75787756724335,1,0.05862327244399851
823765,694819,10,21,0.41397849462365593,8.5,0.6382709371007905,1,0.13084791494594025
823062,694819,11,25,0.4175824175824176,3.5,0.9895521543988258,1,0.0001091574777059746
823062,694819,11,25,0.4175824175824176,4.5,0.9679951000509922,1,0.001024313620745999
823062,694819,11,25,0.4175824175824176,5.5,0.9232482054203901,1,0.005890837971190635
823062,694819,11,25,0.4175824175824176,6.5,0.8485169273308886,1,0.022947121305275296
823062,694819,11,25,0.4175824175824176,7.5,0.7441776823464376,1,0.06544505820964021
823062,694819,11,25,0.4175824175824176,8.5,0.6184179590895625,1,0.14560485394537476
823762,694819,6,17,0.4263157894736842,3.5,0.9947220648756034,1,2.7856599177338932e-05
823762,694819,6,17,0.4263157894736842,4.5,0.9826065974852604,1,0.0003025304510397513
823762,694819,6,17,0.4263157894736842,5.5,0.9548333379108891,1,0.002040027364271929
823762,694819,6,17,0.4263157894736842,6.5,0.9030008617861416,0,0.8154105563865144
823762,694819,6,17,0.4263157894736842,7.5,0.8214851870272398,0,0.6748379125051792
823762,694819,6,17,0.4263157894736842,8.5,0.7107551328318372,0,0.5051728588468025
823755,694819,12,17,0.39473684210526316,3.5,0.9897615311267333,1,0.00010482624486885186
823755,694819,12,17,0.39473684210526316,4.5,0.9691047036741938,1,0.000954519335059376
823755,694819,12,17,0.39473684210526316,5.5,0.9260147208581131,1,0.005473821529702926
823755,694819,12,17,0.39473684210526316,6.5,0.8525026490868275,1,0.021755468526403553
823755,694819,12,17,0.39473684210526316,7.5,0.7465801479344901,1,0.06422162142090491
823755,694819,12,17,0.39473684210526316,8.5,0.6148374148266748,1,0.14835021701739903
823996,694819,10,24,0.4207650273224044,3.5,0.9902741941251916,1,9.459129991445806e-05
823996,694819,10,24,0.4207650273224044,4.5,0.9699783070537704,1,0.0009013020473576911
823996,694819,10,24,0.4207650273224044,5.5,0.9275240447643652,1,0.005252764087317735
823996,694819,10,24,0.4207650273224044,6.5,0.8561230366481185,1,0.02070058058335865
823996,694819,10,24,0.4207650273224044,7.5,0.7557226987821335,1,0.059671399890284284
823996,694819,10,24,0.4207650273224044,8.5,0.6336709809881578,1,0.13419695017017866
824188,694973,7,23,0.3148936170212766,3.5,0.961653319627292,1,0.001470467895606633
824188,694973,7,23,0.3148936170212766,4.5,0.8990643448026412,1,0.010188006490120107
824188,694973,7,23,0.3148936170212766,5.5,0.7903792196028415,1,0.04394087157431374
824188,694973,7,23,0.3148936170212766,6.5,0.6399727206243084,1,0.12961964189466227
824188,694973,7,23,0.3148936170212766,7.5,0.4696692293053848,0,0.22058918495631413
824188,694973,7,23,0.3148936170212766,8.5,0.30894349503348867,0,0.09544608312350723
823374,694973,7,25,0.31759656652360513,3.5,0.9622126312950201,1,0.001427885233646094
823374,694973,7,25,0.31759656652360513,4.5,0.899986190207621,1,0.010002762149186155
823374,694973,7,25,0.31759656652360513,5.5,0.79140694832193,1,0.043511061208369964
823374,694973,7,25,0.31759656652360513,6.5,0.6406540522747386,1,0.1291295101465663
823374,694973,7,25,0.31759656652360513,7.5,0.46967824448678663,0,0.2205976533441897
823374,694973,7,25,0.31759656652360513,8.5,0.30832111310990634,0,0.09506190878933166
823368,694973,10,23,0.3021276595744681,3.5,0.9502603906065441,1,0.002474028742613566
823368,694973,10,23,0.3021276595744681,4.5,0.8750444818950582,1,0.01561388150487443
823368,694973,10,23,0.3021276595744681,5.5,0.7516236771063739,1,0.06169079777415881
823368,694973,10,23,0.3021276595744681,6.5,0.5902162691628131,1,0.16792270605884405
823368,694973,10,23,0.3021276595744681,7.5,0.41749760274350955,1,0.3393090428095582
823368,694973,10,23,0.3021276595744681,8.5,0.26344574486754124,1,0.5425121707537311
824342,694973,8,24,0.31196581196581197,3.5,0.9583151166803842,1,0.0017376294973699869
824342,694973,8,24,0.31196581196581197,4.5,0.8917604154484153,1,0.011715807663899645
824342,694973,8,24,0.31196581196581197,5.5,0.7781710201131113,1,0.04920809631765765
824342,694973,8,24,0.31196581196581197,6.5,0.6237723322549527,1,0.14154725797687773
824342,694973,8,24,0.31196581196581197,7.5,0.45215904788399364,1,0.3001297088153724
824342,694973,8,24,0.31196581196581197,8.5,0.29325277641509173,0,0.08599719087515978
823363,694973,7,23,0.3148936170212766,3.5,0.961653319627292,1,0.001470467895606633
823363,694973,7,23,0.3148936170212766,4.5,0.8990643448026412,1,0.010188006490120107
823363,694973,7,23,0.3148936170212766,5.5,0.7903792196028415,1,0.04394087157431374
823363,694973,7,23,0.3148936170212766,6.5,0.6399727206243084,1,0.12961964189466227
823363,694973,7,23,0.3148936170212766,7.5,0.4696692293053848,0,0.22058918495631413
823363,694973,7,23,0.3148936170212766,8.5,0.30894349503348867,0,0.09544608312350723
823446,694973,5,22,0.3220338983050847,3.5,0.9680051064352717,1,0.0010236732142182917
823446,694973,5,22,0.3220338983050847,4.5,0.9131174540813836,1,0.007548576785300494
823446,694973,5,22,0.3220338983050847,5.5,0.8141319106150664,0,0.6628107678817384
823446,694973,5,22,0.3220338983050847,6.5,0.6718539807445801,0,0.45138777144233866
823446,694973,5,22,0.3220338983050847,7.5,0.5045400654048476,0,0.2545606775987279
823446,694973,5,22,0.3220338983050847,8.5,0.3405894331776148,0,0.11600116199224894
823361,694973,4,25,0.33047210300429186,3.5,0.9712031785004123,1,0.0008292569284791182
823361,694973,4,25,0.33047210300429186,4.5,0.9201337233260038,0,0.846646068801775
823361,694973,4,25,0.33047210300429186,5.5,0.8259027128069737,0,0.6821152910219185
823361,694973,4,25,0.33047210300429186,6.5,0.6875695682729855,0,0.47275191121509974
823361,694973,4,25,0.33047210300429186,7.5,0.5217005606378714,0,0.2721714749698693
823361,694973,4,25,0.33047210300429186,8.5,0.3562189784799654,0,0.12689196062931007
823358,694973,7,20,0.31092436974789917,3.5,0.9630211280906211,1,0.00136743696769025
823358,694973,7,20,0.31092436974789917,4.5,0.9013688375235309,1,0.009728106211459642
823358,694973,7,20,0.31092436974789917,5.5,0.7930334430868681,1,0.042835155680476675
823358,694973,7,20,0.31092436974789917,6.5,0.6418589160125711,1,0.12826503603969064
823358,694973,7,20,0.31092436974789917,7.5,0.46990763698795396,0,0.22081318729960273
823358,694973,7,20,0.31092436974789917,8.5,0.30753204986479693,0,0.09457596169404395
824411,694973,8,26,0.3146551724137931,3.5,0.959291992479748,1,0.0016571418762688977
824411,694973,8,26,0.3146551724137931,4.5,0.893459036051612,1,0.011350976999051705
824411,694973,8,26,0.3146551724137931,5.5,0.7802209418463685,1,0.04830283440289735
824411,694973,8,26,0.3146551724137931,6.5,0.6253670316030708,1,0.14034986100989452
824411,694973,8,26,0.3146551724137931,7.5,0.4525762647807079,1,0.29967274588144166
824411,694973,8,26,0.3146551724137931,8.5,0.29236959023539016,0,0.08547997729440995
823355,694973,11,25,0.30042918454935624,3.5,0.946497763550139,1,0.002862489305136831
823355,694973,11,25,0.30042918454935624,4.5,0.8670460822063475,1,0.01767674425668131
823355,694973,11,25,0.30042918454935624,5.5,0.7386354450261667,1,0.06831143059666991
823355,694973,11,25,0.30042918454935624,6.5,0.5734758824323383,1,0.18192282286687253
823355,694973,11,25,0.30042918454935624,7.5,0.39993192851144704,1,0.36008169041999105
823355,694973,11,25,0.30042918454935624,8.5,0.24817560627144325,1,0.5652399190053118
824486,694973,7,22,0.3135593220338983,3.5,0.9617498264907056,1,0.0014630757734911258
824486,694973,7,22,0.3135593220338983,4.5,0.8992796480145927,1,0.01014458930406434
824486,694973,7,22,0.3135593220338983,5.5,0.7907069014594915,1,0.043803601096686996
824486,694973,7,22,0.3135593220338983,6.5,0.6403086726340739,1,0.12937785098226184
824486,694973,7,22,0.3135593220338983,7.5,0.4698611223762048,0,0.2207694743206269
824486,694973,7,22,0.3135593220338983,8.5,0.3089021500150458,0,0.09542053828391785
824184,695034,4,22,0.06451612903225806,3.5,0.016634042419376896,1,0.9670086065284558
824184,695034,4,22,0.06451612903225806,4.5,0.002815506530974319,0,7.927077025959044e-06
824184,695034,4,22,0.06451612903225806,5.5,0.0003814728213751324,0,1.4552151344790367e-07
824184,695034,4,22,0.06451612903225806,6.5,4.2012140460034286e-05,0,1.7650199460336499e-09
824184,695034,4,22,0.06451612903225806,7.5,3.789833796317075e-06,0,1.4362840203707091e-11
824184,695034,4,22,0.06451612903225806,8.5,2.8062222185273755e-07,0,7.874883139756705e-14
824986,695034,2,13,0.1,3.5,0.13506236924594656,0,0.01824184358632841
824986,695034,2,13,0.1,4.5,0.04516376392997885,0,0.002039765572322858
824986,695034,2,13,0.1,5.5,0.012315565577466452,0,0.0001516731554928766
824986,695034,2,13,0.1,6.5,0.0027810848523096864,0,7.734432955746391e-06
824986,695034,2,13,0.1,7.5,0.0005260745702137876,0,2.7675445342562134e-07
824986,695034,2,13,0.1,8.5,8.402161813816427e-05,0,7.0596323145554955e-09
824983,695034,0,18,0.17142857142857143,3.5,0.353081313206493,0,0.12466641373562161
824983,695034,0,18,0.17142857142857143,4.5,0.18923333410992432,0,0.03580925473835825
824983,695034,0,18,0.17142857142857143,5.5,0.08835915399575077,0,0.007807340094844799
824983,695034,0,18,0.17142857142857143,6.5,0.03579424951333224,0,0.0012812282982226852
824983,695034,0,18,0.17142857142857143,7.5,0.012489049896309322,0,0.0001559763673125039
824983,695034,0,18,0.17142857142857143,8.5,0.003729400795225685,0,1.3908430291429972e-05
823047,695076,4,16,0.20430107526881722,3.5,0.6003986138990692,1,0.15968126777378513
823047,695076,4,16,0.20430107526881722,4.5,0.422741400027721,0,0.1787102912973976
823047,695076,4,16,0.20430107526881722,5.5,0.26710570612275414,0,0.0713454582433351
823047,695076,4,16,0.20430107526881722,6.5,0.15026847407409316,0,0.02258061430055641
823047,695076,4,16,0.20430107526881722,7.5,0.07482987888100187,0,0.00559951077334541
823047,695076,4,16,0.20430107526881722,8.5,0.03285496817321678,0,0.0010794489336630876
824508,695076,6,25,0.2033898305084746,3.5,0.5568867812534308,1,0.19634932462794485
824508,695076,6,25,0.2033898305084746,4.5,0.37662694826607573,1,0.38859396162806575
824508,695076,6,25,0.2033898305084746,5.5,0.2292546147882313,1,0.5940484488252378
824508,695076,6,25,0.2033898305084746,6.5,0.12523069016173452,0,0.01568272575838435
824508,695076,6,25,0.2033898305084746,7.5,0.06112014769896417,0,0.003735672454743195
824508,695076,6,25,0.2033898305084746,8.5,0.026524993198179362,0,0.0007035752641634614
823534,695076,5,25,0.20903954802259886,3.5,0.5766101653061019,1,0.1792589521221264
823534,695076,5,25,0.20903954802259886,4.5,0.3970191949091987,1,0.36358585130795096
823534,695076,5,25,0.20903954802259886,5.5,0.24674704226125596,0,0.06088410286467803
823534,695076,5,25,0.20903954802259886,6.5,0.1379823337224505,0,0.0190391244194937
823534,695076,5,25,0.20903954802259886,7.5,0.0691015249610771,0,0.004775020751946362
823534,695076,5,25,0.20903954802259886,8.5,0.0308314417862255,0,0.0009505778026174117
824500,695076,6,27,0.2057142857142857,3.5,0.5596018298416905,1,0.19395054827878733
824500,695076,6,27,0.2057142857142857,4.5,0.37707112154158273,1,0.38804038761746157
824500,695076,6,27,0.2057142857142857,5.5,0.22755094086446725,1,0.5966775489593698
824500,695076,6,27,0.2057142857142857,6.5,0.122566388736636,0,0.015022519647940172
824500,695076,6,27,0.2057142857142857,7.5,0.05867261928580562,0,0.0034424762538570893
824500,695076,6,27,0.2057142857142857,8.5,0.02484862058393481,0,0.0006174539449243486
823768,695076,8,26,0.19318181818181818,3.5,0.5165662238795133,1,0.2337082158941128
823768,695076,8,26,0.19318181818181818,4.5,0.3353160407380239,1,0.4418047657001763
823768,695076,8,26,0.19318181818181818,5.5,0.1943360382472612,1,0.6490944192671185
823768,695076,8,26,0.19318181818181818,6.5,0.10034365299147503,1,0.8093815427127234
823768,695076,8,26,0.19318181818181818,7.5,0.04601202762838086,1,0.9100930514297132
823768,695076,8,26,0.19318181818181818,8.5,0.018672550983898202,0,0.0003486641602462777
824499,695076,0,14,0.22340425531914893,3.5,0.6748398607106627,0,0.45540883760398665
824499,695076,0,14,0.22340425531914893,4.5,0.5036064555826785,0,0.2536194621045483
824499,695076,0,14,0.22340425531914893,5.5,0.3398037593942381,0,0.11546659489845727
824499,695076,0,14,0.22340425531914893,6.5,0.20571295900442305,0,0.042317821502355434
824499,695076,0,14,0.22340425531914893,7.5,0.11109084054233512,0,0.012341174852402529
824499,695076,0,14,0.22340425531914893,8.5,0.05327592051910284,0,0.002838323707157763
824496,695076,2,10,0.20833333333333334,3.5,0.6474742975997053,0,0.41922296605223175
824496,695076,2,10,0.20833333333333334,4.5,0.45899546556998616,0,0.21067683741380835
824496,695076,2,10,0.20833333333333334,5.5,0.29081375093015294,0,0.08457263773006503
824496,695076,2,10,0.20833333333333334,6.5,0.1643728355287788,0,0.027018429059770963
824496,695076,2,10,0.20833333333333334,7.5,0.08262568586564542,0,0.006827003964768317
824496,695076,2,10,0.20833333333333334,8.5,0.036796283240969896,0,0.001353966460349682
824331,695076,2,18,0.21739130434782608,3.5,0.6327107854603323,0,0.4003229380378307
824331,695076,2,18,0.21739130434782608,4.5,0.46119215493076865,0,0.21269820376968612
824331,695076,2,18,0.21739130434782608,5.5,0.305273632167458,0,0.09319199049671245
824331,695076,2,18,0.21739130434782608,6.5,0.18179316797088882,0,0.0330487559208918
824331,695076,2,18,0.21739130434782608,7.5,0.09654773332371205,0,0.009321464809946618
824331,695076,2,18,0.21739130434782608,8.5,0.04541942719117338,0,0.0020629243663743
823031,695076,4,18,0.20652173913043478,3.5,0.5970798992424611,1,0.1623446075944653
823031,695076,4,18,0.20652173913043478,4.5,0.4215332905494811,0,0.17769031504147323
823031,695076,4,18,0.20652173913043478,5.5,0.26846560567003963,0,0.07207378142778122
823031,695076,4,18,0.20652173913043478,6.5,0.1529158906792429,0,0.023383269622226168
823031,695076,4,18,0.20652173913043478,7.5,0.07730095588887091,0,0.005975437781333167
823031,695076,4,18,0.20652173913043478,8.5,0.03448561694143018,0,0.0011892577758310563
824488,695076,5,23,0.20670391061452514,3.5,0.5752041600070912,1,0.18045150567528098
824488,695076,5,23,0.20670391061452514,4.5,0.3975094722548534,1,0.36299483602262533
824488,695076,5,23,0.20670391061452514,5.5,0.24851863536197868,0,0.061761512122180125
824488,695076,5,23,0.20670391061452514,6.5,0.1399046420209376,0,0.0195733088590067
824488,695076,5,23,0.20670391061452514,7.5,0.07046538704964049,0,0.004965370772055642
824488,695076,5,23,0.20670391061452514,8.5,0.031545370636326536,0,0.0009951104085832124
823214,695418,1,14,0.23636363636363636,3.5,0.2521934085154612,0,0.06360151529864629
823214,695418,1,14,0.23636363636363636,4.5,0.09877343948124803,0,0.009756192346955768
823214,695418,1,14,0.23636363636363636,5.5,0.02994053918058542,0,0.0008964358864241706
823214,695418,1,14,0.23636363636363636,6.5,0.007021811216692647,0,4.930583276287067e-05
823214,695418,1,14,0.23636363636363636,7.5,0.001268685744589145,0,1.6095635185237133e-06
823214,695418,1,14,0.23636363636363636,8.5,0.00017465892190962932,0,3.050573900263399e-08
822724,695418,2,11,0.20689655172413793,3.5,0.20966668715132242,0,0.043960119701010505
822724,695418,2,11,0.20689655172413793,4.5,0.07878058604290361,0,0.006206380737263339
822724,695418,2,11,0.20689655172413793,5.5,0.023442063030696954,0,0.0005495303191351689
822724,695418,2,11,0.20689655172413793,6.5,0.005548029593458269,0,3.0780632369888726e-05
822724,695418,2,11,0.20689655172413793,7.5,0.0010422033531395454,0,1.086187829295312e-06
822724,695418,2,11,0.20689655172413793,8.5,0.00015379463562355058,0,2.3652789946580692e-08
822967,695418,5,11,0.15517241379310345,3.5,0.09649871409182159,1,0.8163145736377319
822967,695418,5,11,0.15517241379310345,4.5,0.02702868970019806,1,0.9466731706665134
822967,695418,5,11,0.15517241379310345,5.5,0.00592233005690107,0,3.5073993302873826e-05
822967,695418,5,11,0.15517241379310345,6.5,0.0010231785705295013,0,1.0468943871907937e-06
822967,695418,5,11,0.15517241379310345,7.5,0.00013935128630286766,0,1.941878099426379e-08
822967,695418,5,11,0.15517241379310345,8.5,1.4824424179652094e-05,0,2.1976355225825365e-10
824824,695418,5,13,0.16071428571428573,3.5,0.09519771299473774,1,0.8186671785699529
824824,695418,5,13,0.16071428571428573,4.5,0.02628612837169274,1,0.9481187038013876
824824,695418,5,13,0.16071428571428573,5.5,0.005687022975218242,0,3.2342230320660144e-05
824824,695418,5,13,0.16071428571428573,6.5,0.0009787696123592334,0,9.57989954077844e-07
824824,695418,5,13,0.16071428571428573,7.5,0.00013504491314237204,0,1.823712856563081e-08
824824,695418,5,13,0.16071428571428573,8.5,1.4894287206047041e-05,0,2.2183979137621658e-10
824740,695418,1,11,0.22413793103448276,3.5,0.2547734923174294,0,0.06490953238761926
824740,695418,1,11,0.22413793103448276,4.5,0.10380897672418707,0,0.010776303648522813
824740,695418,1,11,0.22413793103448276,5.5,0.03364746290867753,0,0.0011321517601908303
824740,695418,1,11,0.22413793103448276,6.5,0.008701952300508676,0,7.572397384032824e-05
824740,695418,1,11,0.22413793103448276,7.5,0.0017907705816547653,0,3.2068592761201464e-06
824740,695418,1,11,0.22413793103448276,8.5,0.00029010062364952217,0,8.41583718418417e-08
822715,695418,0,9,0.23333333333333334,3.5,0.3010579739999847,0,0.09063590370897545
822715,695418,0,9,0.23333333333333334,4.5,0.12926348180309152,0,0.016709047727858174
822715,695418,0,9,0.23333333333333334,5.5,0.043739481529268584,0,0.0019131422444492276
822715,695418,0,9,0.23333333333333334,6.5,0.011698350633028064,0,0.0001368514075332681
822715,695418,0,9,0.23333333333333334,7.5,0.002474058808392547,0,6.120966987384749e-06
822715,695418,0,9,0.23333333333333334,8.5,0.0004114183649209033,0,1.6926507099418956e-07
824509,695505,9,24,0.27450980392156865,3.5,0.8998346470472329,1,0.010033097932152403
824509,695505,9,24,0.27450980392156865,4.5,0.7798016682469149,1,0.048487305306841734
824509,695505,9,24,0.27450980392156865,5.5,0.6140754795628282,1,0.14893773547466108
824509,695505,9,24,0.27450980392156865,6.5,0.4323104284213962,1,0.3222714496790987
824509,695505,9,24,0.27450980392156865,7.5,0.2696053029870891,1,0.533476413424582
824509,695505,9,24,0.27450980392156865,8.5,0.14837123803958116,1,0.7252715481982357
823290,695505,7,24,0.28431372549019607,3.5,0.9158236027945313,1,0.007085665846492831
823290,695505,7,24,0.28431372549019607,4.5,0.8080374995052079,1,0.03684960159621307
823290,695505,7,24,0.28431372549019607,5.5,0.6521030625805735,1,0.12103227906581637
823290,695505,7,24,0.28431372549019607,6.5,0.4729489129141823,1,0.2777828483983422
823290,695505,7,24,0.28431372549019607,7.5,0.30501654107903475,0,0.09303509033181849
823290,695505,7,24,0.28431372549019607,8.5,0.17403913980188856,0,0.030289622182981313
824505,695505,7,22,0.2815533980582524,3.5,0.9152200646808781,1,0.007187637432714488
824505,695505,7,22,0.2815533980582524,4.5,0.807354060540631,1,0.037112457990182875
824505,695505,7,22,0.2815533980582524,5.5,0.6517089643964167,1,0.12130664548181655
824505,695505,7,22,0.2815533980582524,6.5,0.4730778466231344,1,0.277646955719313
824505,695505,7,22,0.2815533980582524,7.5,0.30556567176883004,0,0.09337037976353638
824505,695505,7,22,0.2815533980582524,8.5,0.17469060926525384,0,0.030516808965465592
823531,695505,7,21,0.28019323671497587,3.5,0.9155652811768522,1,0.007129221742744028
823531,695505,7,21,0.28019323671497587,4.5,0.8078614728231274,1,0.036917213625697824
823531,695505,7,21,0.28019323671497587,5.5,0.6521937807428377,1,0.12096916615396124
823531,695505,7,21,0.28019323671497587,6.5,0.47330802605923195,1,0.2774044354136227
823531,695505,7,21,0.28019323671497587,7.5,0.305440525976138,0,0.09329391490857984
823531,695505,7,21,0.28019323671497587,8.5,0.1743045812687149,0,0.030382087051262035
823364,695505,10,27,0.2736318407960199,3.5,0.8944574877809743,1,0.01113922188550318
823364,695505,10,27,0.2736318407960199,4.5,0.7692475062120212,1,0.053246713389371196
823364,695505,10,27,0.2736318407960199,5.5,0.5981509354444086,1,0.16148267068420388
823364,695505,10,27,0.2736318407960199,6.5,0.41311279961771114,1,0.34443658597256094
823364,695505,10,27,0.2736318407960199,7.5,0.25063324804659937,1,0.5615505289331895
823364,695505,10,27,0.2736318407960199,8.5,0.13272507581529716,1,0.7521657941195821
823765,695505,4,23,0.2975609756097561,3.5,0.9353407536037697,1,0.004180818144528425
823765,695505,4,23,0.2975609756097561,4.5,0.844744277120326,0,0.7135928937275421
823765,695505,4,23,0.2975609756097561,5.5,0.7047882653493793,0,0.49672649897418714
823765,695505,4,23,0.2975609756097561,6.5,0.5329811446381751,0,0.28406890053981937
823765,695505,4,23,0.2975609756097561,7.5,0.3608013354080266,0,0.1301776036322153
823765,695505,4,23,0.2975609756097561,8.5,0.21714543221915017,0,0.04715213873364154
824496,695505,2,23,0.3073170731707317,3.5,0.9463369410208377,0,0.8955536059406763
824496,695505,2,23,0.3073170731707317,4.5,0.8664426392409422,0,0.7507228470948095
824496,695505,2,23,0.3073170731707317,5.5,0.737451856259061,0,0.5438352402999347
824496,695505,2,23,0.3073170731707317,6.5,0.5720075025871217,0,0.3271925830159561
824496,695505,2,23,0.3073170731707317,7.5,0.3988277062357431,0,0.15906353926126418
824496,695505,2,23,0.3073170731707317,8.5,0.2479653912935624,0,0.06148683527936951
823114,695505,6,20,0.28365384615384615,3.5,0.9235732691198304,1,0.0058410451930298694
823114,695505,6,20,0.28365384615384615,4.5,0.822056196696999,1,0.0316639971339371
823114,695505,6,20,0.28365384615384615,5.5,0.6713426229786682,1,0.10801567147054184
823114,695505,6,20,0.28365384615384615,6.5,0.49375773325758,0,0.24379669915166352
823114,695505,6,20,0.28365384615384615,7.5,0.32320151010908205,0,0.10445921613679106
823114,695505,6,20,0.28365384615384615,8.5,0.18709953331205342,0,0.03500623536558819
824490,695505,4,22,0.2961165048543689,3.5,0.935227192394017,1,0.004195516605161693
824490,695505,4,22,0.2961165048543689,4.5,0.8446483613527402,0,0.7134308543358693
824490,695505,4,22,0.2961165048543689,5.5,0.7048013057572956,0,0.4967448805971889
824490,695505,4,22,0.2961165048543689,6.5,0.5331302568606502,0,0.28422787078030287
824490,695505,4,22,0.2961165048543689,7.5,0.36100990150268136,0,0.1303281489829757
824490,695505,4,22,0.2961165048543689,8.5,0.21729952867610008,0,0.047219085162855244
824483,695505,9,22,0.27184466019417475,3.5,0.899224270317688,1,0.010155747693002412
824483,695505,9,22,0.27184466019417475,4.5,0.7791738466541744,1,0.048764190001514066
824483,695505,9,22,0.27184466019417475,5.5,0.6137902096714561,1,0.1491580021456178
824483,695505,9,22,0.27184466019417475,6.5,0.4325333058133895,1,0.32201844901108007
824483,695505,9,22,0.27184466019417475,7.5,0.27017254321151946,1,0.5326481166823415
824483,695505,9,22,0.27184466019417475,8.5,0.14896732830237344,1,0.7242566082968002
824501,695534,3,9,0.1,3.5,0.013432927600000007,0,0.00018044354390684195
824501,695534,3,9,0.1,4.5,0.001820941750000002,0,3.3158288568930698e-06
824501,695534,3,9,0.1,5.5,0.00017997004000000022,0,3.2389215297601676e-08
824501,695534,3,9,0.1,6.5,1.2948850000000026e-05,0,1.6767271632250068e-10
824501,695534,3,9,0.1,7.5,6.652000000000014e-07,0,4.4249104000000185e-13
824501,695534,3,9,0.1,8.5,2.3275000000000018e-08,0,5.417256250000008e-16
823771,695534,1,11,0.2222222222222222,3.5,0.11783100093087749,0,0.013884144780372452
823771,695534,1,11,0.2222222222222222,4.5,0.03037328260664088,0,0.0009225362963028735
823771,695534,1,11,0.2222222222222222,5.5,0.005385363085430416,0,2.900213556191661e-05
823771,695534,1,11,0.2222222222222222,6.5,0.0006257593671046136,0,3.915747855191665e-07
823771,695534,1,11,0.2222222222222222,7.5,4.295074853410757e-05,0,1.8447667996401434e-09
823771,695534,1,11,0.2222222222222222,8.5,1.3215614933571565e-06,0,1.7465247807243975e-12
824487,695534,1,9,0.2,3.5,0.123390464,0,0.015225206606135298
824487,695534,1,9,0.2,4.5,0.034995507200000026,0,0.0012246855241852537
824487,695534,1,9,0.2,5.5,0.007360286720000006,0,5.417382060060845e-05
824487,695534,1,9,0.2,6.5,0.0011396096000000017,0,1.2987100404121638e-06
824487,695534,1,9,0.2,7.5,0.00012707840000000025,0,1.6148919746560065e-08
824487,695534,1,9,0.2,8.5,9.72800000000001e-06,0,9.463398400000018e-11
824675,695611,5,25,0.2625,3.5,0.8506931278627068,1,0.022292542067422025
824675,695611,5,25,0.2625,4.5,0.7034978304344389,1,0.08791353655708474
824675,695611,5,25,0.2625,5.5,0.5230593266746041,0,0.2735910592212902
824675,695611,5,25,0.2625,6.5,0.3453811410131331,0,0.11928813256753373
824675,695611,5,25,0.2625,7.5,0.20116008447327324,0,0.04046537958529443
824675,695611,5,25,0.2625,8.5,0.1029635725728981,0,0.010601497276974452
824183,695611,3,24,0.2697095435684647,3.5,0.8675040959357897,0,0.7525633564653719
824183,695611,3,24,0.2697095435684647,4.5,0.7301892226265063,0,0.5331763008399016
824183,695611,3,24,0.2697095435684647,5.5,0.5558353112496701,0,0.30895289323201763
824183,695611,3,24,0.2697095435684647,6.5,0.37772874610636925,0,0.14267900563508995
824183,695611,3,24,0.2697095435684647,7.5,0.22746561380628752,0,0.05174060546427114
824183,695611,3,24,0.2697095435684647,8.5,0.12088462317429796,0,0.014613092119992016
824997,695611,6,21,0.2540983606557377,3.5,0.8392197659942133,1,0.025850283646955522
824997,695611,6,21,0.2540983606557377,4.5,0.6874523753666555,1,0.09768601766394602
824997,695611,6,21,0.2540983606557377,5.5,0.5057544598876512,1,0.24427865392094736
824997,695611,6,21,0.2540983606557377,6.5,0.33037944915257034,0,0.10915058042235581
824997,695611,6,21,0.2540983606557377,7.5,0.19041046023948516,0,0.036256143368612555
824997,695611,6,21,0.2540983606557377,8.5,0.09647403337705796,0,0.009307239116037692
824989,695611,7,25,0.25416666666666665,3.5,0.8310566074243229,1,0.028541869894979362
824989,695611,7,25,0.25416666666666665,4.5,0.6739986643893128,1,0.10627687081995192
824989,695611,7,25,0.25416666666666665,5.5,0.4888839149076813,1,0.26123965244009834
824989,695611,7,25,0.25416666666666665,6.5,0.3136511414854803,1,0.4710747555841841
824989,695611,7,25,0.25416666666666665,7.5,0.17695379365133,0,0.03131264508759747
824989,695611,7,25,0.25416666666666665,8.5,0.0875347487306402,0,0.0076623322353363155
823208,695611,9,18,0.2388663967611336,3.5,0.8103967801284152,1,0.035949380985672526
823208,695611,9,18,0.2388663967611336,4.5,0.6437993920307341,1,0.12687887311767465
823208,695611,9,18,0.2388663967611336,5.5,0.4546283497032804,1,0.2974302369473675
823208,695611,9,18,0.2388663967611336,6.5,0.28240003637407574,1,0.5149497077959279
823208,695611,9,18,0.2388663967611336,7.5,0.1535051680755157,1,0.7165535004748609
823208,695611,9,18,0.2388663967611336,8.5,0.07285260628462896,1,0.8596022896732052
824986,695611,5,24,0.26141078838174275,3.5,0.8497152181582639,1,0.022585515653218213
824986,695611,5,24,0.26141078838174275,4.5,0.7024915254917651,1,0.08851129240421707
824986,695611,5,24,0.26141078838174275,5.5,0.5225257587704256,0,0.27303316857860904
824986,695611,5,24,0.26141078838174275,6.5,0.3455637778101679,0,0.11941432453443508
824986,695611,5,24,0.26141078838174275,7.5,0.20188688411223432,0,0.04075831397654673
824986,695611,5,24,0.26141078838174275,8.5,0.10384673460053814,0,0.010784144287194606
824980,695611,1,21,0.27459016393442626,3.5,0.8825491210961002,0,0.7788929511474989
824980,695611,1,21,0.27459016393442626,4.5,0.7553148496754457,0,0.5705005221402412
824980,695611,1,21,0.27459016393442626,5.5,0.5881049195794508,0,0.34586739643355224
824980,695611,1,21,0.27459016393442626,6.5,0.41081845807944767,0,0.1687718054987749
824980,695611,1,21,0.27459016393442626,7.5,0.2552226469155807,0,0.06513859949859518
824980,695611,1,21,0.27459016393442626,8.5,0.1402457531598658,0,0.019668871279378004
824576,695611,7,23,0.25206611570247933,3.5,0.8294200642089093,1,0.02909751449449261
824576,695611,7,23,0.25206611570247933,4.5,0.6725331294771385,1,0.10723455129003653
824576,695611,7,23,0.25206611570247933,5.5,0.4883647097841055,1,0.26177067019430256
824576,695611,7,23,0.25206611570247933,6.5,0.31426847446378614,1,0.4702277251142231
824576,695611,7,23,0.25206611570247933,7.5,0.17825218500638287,0,0.03177384145954975
824576,695611,7,23,0.25206611570247933,8.5,0.08887459558091575,0,0.00789869373967133
824981,695611,8,17,0.24193548387096775,3.5,0.8231956500527575,1,0.03125977816026698
824981,695611,8,17,0.24193548387096775,4.5,0.6607333031847403,1,0.11510189156793733
824981,695611,8,17,0.24193548387096775,5.5,0.47194588823293826,1,0.2788411449541005
824981,695611,8,17,0.24193548387096775,6.5,0.2966581717196827,1,0.4946897274086994
824981,695611,8,17,0.24193548387096775,7.5,0.16321423301749857,1,0.7002104198244932
824981,695611,8,17,0.24193548387096775,8.5,0.07841935855688306,0,0.006149595796472989
825055,695611,5,24,0.26141078838174275,3.5,0.8497152181582639,1,0.022585515653218213
825055,695611,5,24,0.26141078838174275,4.5,0.7024915254917651,1,0.08851129240421707
825055,695611,5,24,0.26141078838174275,5.5,0.5225257587704256,0,0.27303316857860904
825055,695611,5,24,0.26141078838174275,6.5,0.3455637778101679,0,0.11941432453443508
825055,695611,5,24,0.26141078838174275,7.5,0.20188688411223432,0,0.04075831397654673
825055,695611,5,24,0.26141078838174275,8.5,0.10384673460053814,0,0.010784144287194606
824976,695611,7,22,0.25102880658436216,3.5,0.8291124123532566,1,0.029202567611723403
824976,695611,7,22,0.25102880658436216,4.5,0.6723766021384615,1,0.10733709082633994
824976,695611,7,22,0.25102880658436216,5.5,0.4884611495868113,1,0.2616719954820466
824976,695611,7,22,0.25102880658436216,6.5,0.3145339906428302,1,0.4698636499840436
824976,695611,7,22,0.25102880658436216,7.5,0.178522091149169,0,0.031870137028272204
824976,695611,7,22,0.25102880658436216,8.5,0.08904679497276677,0,0.007929331694921962
824971,695611,5,21,0.2581967213114754,3.5,0.8487774650453737,1,0.022868255078103184
824971,695611,5,21,0.2581967213114754,4.5,0.701892587805363,1,0.0888680292053832
824971,695611,5,21,0.2581967213114754,5.5,0.5226416625079415,0,0.27315430738906504
824971,695611,5,21,0.2581967213114754,6.5,0.34625811846073784,0,0.11989468459997035
824971,695611,5,21,0.2581967213114754,7.5,0.2027109393891951,0,0.041091724948049926
824971,695611,5,21,0.2581967213114754,8.5,0.10445065441727998,0,0.01090993920819805
824189,696062,3,10,0.3181818181818182,3.5,0.4810330966183606,0,0.23139284004224903
824189,696062,3,10,0.3181818181818182,4.5,0.2544394465162104,0,0.0647394319434755
824189,696062,3,10,0.3181818181818182,5.5,0.10543174303772745,0,0.011115852439973392
824189,696062,3,10,0.3181818181818182,6.5,0.033723696933966124,0,0.0011372877348939962
824189,696062,3,10,0.3181818181818182,7.5,0.008179935237302906,0,6.691134048646974e-05
824189,696062,3,10,0.3181818181818182,8.5,0.0014622113162390943,0,2.138061933337665e-06
823370,696062,2,12,0.4,3.5,0.6177193983999998,0,0.3815772551596577
823370,696062,2,12,0.4,4.5,0.3668967423999999,0,0.1346132195837319
823370,696062,2,12,0.4,5.5,0.16623861760000005,0,0.02763527798155905
823370,696062,2,12,0.4,6.5,0.05476188159999996,0,0.002998863676372414
823370,696062,2,12,0.4,7.5,0.0122945536,0,0.00015115604822327298
823370,696062,2,12,0.4,8.5,0.001677721599999999,0,2.8147497671065565e-06
823522,696062,5,10,0.22727272727272727,3.5,0.227949636556192,1,0.5960617636937161
823522,696062,5,10,0.22727272727272727,4.5,0.0843688013365154,1,0.8383804919659297
823522,696062,5,10,0.22727272727272727,5.5,0.02381779423423461,0,0.0005672873221843395
823522,696062,5,10,0.22727272727272727,6.5,0.00510414810084481,0,2.605232783535768e-05
823522,696062,5,10,0.22727272727272727,7.5,0.0008199642489893962,0,6.723413696207445e-07
823522,696062,5,10,0.22727272727272727,8.5,9.618663859321022e-05,0,9.251869443860837e-09
823690,696070,4,10,0.2857142857142857,3.5,0.475287291347825,1,0.2753234266211023
823690,696070,4,10,0.2857142857142857,4.5,0.2613633910733464,0,0.068310822193359
823690,696070,4,10,0.2857142857142857,5.5,0.11760972962616828,0,0.013832048502740404
823690,696070,4,10,0.2857142857142857,6.5,0.04314617622941742,0,0.0018615925232199446
823690,696070,4,10,0.2857142857142857,7.5,0.012807662510670656,0,0.00016403621898723858
823690,696070,4,10,0.2857142857142857,8.5,0.0030297114714312933,0,9.179151600122373e-06
823683,696070,3,11,0.3125,3.5,0.5329761952029605,0,0.2840636246530242
823683,696070,3,11,0.3125,4.5,0.314641397991728,0,0.09899920933018899
823683,696070,3,11,0.3125,5.5,0.15460491440278779,0,0.02390267955749334
823683,696070,3,11,0.3125,6.5,0.06296626454396421,0,0.003964750470620485
823683,696070,3,11,0.3125,7.5,0.021036165398589247,0,0.00044252025467680353
823683,696070,3,11,0.3125,8.5,0.005649056485719679,0,3.191183917885157e-05
824409,696070,2,10,0.32653061224489793,3.5,0.592990165436885,0,0.3516373363048642
824409,696070,2,10,0.32653061224489793,4.5,0.3691529380934716,0,0.13627389170304247
824409,696070,2,10,0.32653061224489793,5.5,0.1908436516701042,0,0.03642129938278006
824409,696070,2,10,0.32653061224489793,6.5,0.081335059202628,0,0.006615391855495001
824409,696070,2,10,0.32653061224489793,7.5,0.028312289294846693,0,0.0008015857251150906
824409,696070,2,10,0.32653061224489793,8.5,0.007918364178230197,0,6.270049125907919e-05
823679,696070,5,14,0.28888888888888886,3.5,0.41249618443604696,1,0.34516073330220337
823679,696070,5,14,0.28888888888888886,4.5,0.20745937252874422,1,0.6281206461925318
823679,696070,5,14,0.28888888888888886,5.5,0.08448014455344978,0,0.007136894823771771
823679,696070,5,14,0.28888888888888886,6.5,0.0281295522837714,0,0.0007912717116854289
823679,696070,5,14,0.28888888888888886,7.5,0.007715418615627498,0,5.9527684414371336e-05
823679,696070,5,14,0.28888888888888886,8.5,0.0017344627920884879,0,3.008361177139393e-06
823677,696070,4,14,0.3111111111111111,3.5,0.47536048338623116,1,0.275246622392729
823677,696070,4,14,0.3111111111111111,4.5,0.25688706750731977,0,0.06599096545251026
823677,696070,4,14,0.3111111111111111,5.5,0.11296019355774722,0,0.012760005328603717
823677,696070,4,14,0.3111111111111111,6.5,0.04073988568516127,0,0.0016597382856400082
823677,696070,4,14,0.3111111111111111,7.5,0.012143411036443775,0,0.00014746243160002447
823677,696070,4,14,0.3111111111111111,8.5,0.0029803938940965767,0,8.882747763968157e-06
824103,696131,2,9,0.125,3.5,0.05396395366915381,0,0.002912108295606579
824103,696131,2,9,0.125,4.5,0.011903409699698386,0,0.0001416911624788736
824103,696131,2,9,0.125,5.5,0.0019917868994525642,0,3.9672150528308596e-06
824103,696131,2,9,0.125,6.5,0.0002545163551985754,0,6.47785750635674e-08
824103,696131,2,9,0.125,7.5,2.478271926520393e-05,0,6.1418317417791e-10
824103,696131,2,9,0.125,8.5,1.8155324141844182e-06,0,3.296157946954302e-12
824102,696131,3,13,0.1,3.5,0.013432927600000007,0,0.00018044354390684195
824102,696131,3,13,0.1,4.5,0.001820941750000002,0,3.3158288568930698e-06
824102,696131,3,13,0.1,5.5,0.00017997004000000022,0,3.2389215297601676e-08
824102,696131,3,13,0.1,6.5,1.2948850000000026e-05,0,1.6767271632250068e-10
824102,696131,3,13,0.1,7.5,6.652000000000014e-07,0,4.4249104000000185e-13
824102,696131,3,13,0.1,8.5,2.3275000000000018e-08,0,5.417256250000008e-16
824098,696131,0,11,0.22727272727272727,3.5,0.23292196536410215,0,0.054252641949076
824098,696131,0,11,0.22727272727272727,4.5,0.0929216466219841,0,0.00863443241094089
824098,696131,0,11,0.22727272727272727,5.5,0.029699956806579303,0,0.0008820874343126762
824098,696131,0,11,0.22727272727272727,6.5,0.0075777563861376875,0,5.7422391847650505e-05
824098,696131,0,11,0.22727272727272727,7.5,0.0015200703994550713,0,2.3106140192995e-06
824098,696131,0,11,0.22727272727272727,8.5,0.00023332094085685466,0,5.443866144232787e-08
824189,696149,3,23,0.18859649122807018,3.5,0.638764791903249,0,0.408020459375201
824189,696149,3,23,0.18859649122807018,4.5,0.43194312866721546,0,0.18657486640282264
824189,696149,3,23,0.18859649122807018,5.5,0.25322856576919434,0,0.06412470652152318
824189,696149,3,23,0.18859649122807018,6.5,0.12911698328633958,0,0.016671195372964895
824189,696149,3,23,0.18859649122807018,7.5,0.05767814560299011,0,0.003326768480199727
824189,696149,3,23,0.18859649122807018,8.5,0.0227722234211495,0,0.0005185741595427497
824916,696149,7,20,0.16883116883116883,3.5,0.5580409688827619,1,0.19532778518608784
824916,696149,7,20,0.16883116883116883,4.5,0.3488810740598374,1,0.42395585571747096
824916,696149,7,20,0.16883116883116883,5.5,0.18709520054070694,1,0.6608142129839535
824916,696149,7,20,0.16883116883116883,6.5,0.08657203160683738,1,0.8343506534428605
824916,696149,7,20,0.16883116883116883,7.5,0.03486793594536597,0,0.0012157729570901443
824916,696149,7,20,0.16883116883116883,8.5,0.012340204435365801,0,0.0001522806455066218
823369,696149,6,22,0.17467248908296942,3.5,0.5785698022961558,1,0.17760341153670117
823369,696149,6,22,0.17467248908296942,4.5,0.3696025011318588,1,0.3974010065792081
823369,696149,6,22,0.17467248908296942,5.5,0.20330205317201322,1,0.6347276184799296
823369,696149,6,22,0.17467248908296942,6.5,0.09681830976829356,0,0.009373785106389247
823369,696149,6,22,0.17467248908296942,7.5,0.040261074280439256,0,0.0016209541022150474
823369,696149,6,22,0.17467248908296942,8.5,0.01475491556374727,0,0.0002177075332933114
824345,696149,1,26,0.2,3.5,0.6777700095923112,0,0.4593721859027616
824345,696149,1,26,0.2,4.5,0.4738184888020718,0,0.22450396033067901
824345,696149,1,26,0.2,5.5,0.2877299766037644,0,0.08278853943640282
824345,696149,1,26,0.2,6.5,0.15194265503231785,0,0.023086570418269947
824345,696149,1,26,0.2,7.5,0.07024078029104638,0,0.0049337672158950505
824345,696149,1,26,0.2,8.5,0.028702054171697033,0,0.000823807913675031
823366,696149,4,23,0.18421052631578946,3.5,0.6192336668392414,1,0.1449830004686898
823366,696149,4,23,0.18421052631578946,4.5,0.4111306781543119,0,0.1690284345196244
823366,696149,4,23,0.18421052631578946,5.5,0.23611319743110087,0,0.05574944200113802
823366,696149,4,23,0.18421052631578946,6.5,0.11777219106765965,0,0.013870288988877332
823366,696149,4,23,0.18421052631578946,7.5,0.05142350569140473,0,0.002644376937593935
823366,696149,4,23,0.18421052631578946,8.5,0.019834302027358187,0,0.00039339953691246507
823445,696149,6,29,0.18018018018018017,3.5,0.5830551572620108,1,0.1738430018858065
823445,696149,6,29,0.18018018018018017,4.5,0.3702748138193464,1,0.3965538101102589
823445,696149,6,29,0.18018018018018017,5.5,0.2003398049850444,1,0.6394564274913568
823445,696149,6,29,0.18018018018018017,6.5,0.09248343192171482,0,0.00855318518001846
823445,696149,6,29,0.18018018018018017,7.5,0.036590929172741725,0,0.0013388960977246014
823445,696149,6,29,0.18018018018018017,8.5,0.01247631803514473,0,0.00015565851171407764
822715,696149,0,21,0.2,3.5,0.6941236477328372,0,0.48180763834193985
822715,696149,0,21,0.2,4.5,0.49408551722872235,0,0.2441204983351741
822715,696149,0,21,0.2,5.5,0.30691092559118954,0,0.09419431624724069
822715,696149,0,21,0.2,6.5,0.16635479497636402,0,0.027673917811628108
822715,696149,0,21,0.2,7.5,0.07906463404178947,0,0.006251216356162094
822715,696149,0,21,0.2,8.5,0.03318505329854402,0,0.0011012477624272074
823356,696149,6,21,0.17391304347826086,3.5,0.578833089563012,1,0.17738156644703784
823356,696149,6,21,0.17391304347826086,4.5,0.36968823719870914,1,0.39729291832567076
823356,696149,6,21,0.17391304347826086,5.5,0.20318017582456555,1,0.6349218321989704
823356,696149,6,21,0.17391304347826086,6.5,0.09659265738232461,0,0.00933014146017915
823356,696149,6,21,0.17391304347826086,7.5,0.040051311587777604,0,0.0016041075599012486
823356,696149,6,21,0.17391304347826086,8.5,0.014616568351528912,0,0.00021364407037491662
823519,696149,5,21,0.1782608695652174,3.5,0.5994857441001716,1,0.1604116691789932
823519,696149,5,21,0.1782608695652174,4.5,0.3905335608783106,1,0.37144934041567196
823519,696149,5,21,0.1782608695652174,5.5,0.2194190868234751,0,0.04814473566244771
823519,696149,5,21,0.1782608695652174,6.5,0.10678364001918794,0,0.011402745775747517
823519,696149,5,21,0.1782608695652174,7.5,0.04536358826293214,0,0.0020578551400888346
823519,696149,5,21,0.1782608695652174,8.5,0.016970618339694953,0,0.00028800188683159066
823350,696149,3,21,0.18695652173913044,3.5,0.639132804611804,0,0.4084907419309504
823350,696149,3,21,0.18695652173913044,4.5,0.43224688841899955,0,0.18683737254790705
823350,696149,3,21,0.18695652173913044,5.5,0.2532824954481218,0,0.06415202250042784
823350,696149,3,21,0.18695652173913044,6.5,0.12892265940095318,0,0.016621052107014183
823350,696149,3,21,0.18695652173913044,7.5,0.05738226991626036,0,0.0032927249007425586
823350,696149,3,21,0.18695652173913044,8.5,0.02251592280255143,0,0.0005069667796504554
823757,696149,5,24,0.18061674008810572,3.5,0.5992980071291996,1,0.160562087090631
823757,696149,5,24,0.18061674008810572,4.5,0.3901882043659549,1,0.3718704260944184
823757,696149,5,24,0.18061674008810572,5.5,0.2191717984815589,0,0.04803627724964107
823757,696149,5,24,0.18061674008810572,6.5,0.10676455958632497,0,0.011398671183661935
823757,696149,5,24,0.18061674008810572,7.5,0.04550411258892755,0,0.002070624262505795
823757,696149,5,24,0.18061674008810572,8.5,0.017139172982741972,0,0.0002937512505323524
824989,696270,2,25,0.21428571428571427,3.5,0.6471178472722721,0,0.4187615082582996
824989,696270,2,25,0.21428571428571427,4.5,0.43256298849539365,0,0.18711073901606606
824989,696270,2,25,0.21428571428571427,5.5,0.2456043395622776,0,0.060321491611822556
824989,696270,2,25,0.21428571428571427,6.5,0.1179028206544003,0,0.013901075118263682
824989,696270,2,25,0.21428571428571427,7.5,0.0478227548498571,0,0.0022870158814295312
824989,696270,2,25,0.21428571428571427,8.5,0.016402815754448585,0,0.0002690523646743867
824017,696270,8,19,0.1643835616438356,3.5,0.4540742996238337,1,0.2980348703312077
824017,696270,8,19,0.1643835616438356,4.5,0.25201077769448,1,0.5594878766852166
824017,696270,8,19,0.1643835616438356,5.5,0.11754056754050647,1,0.7787346499367315
824017,696270,8,19,0.1643835616438356,6.5,0.04642380981884942,1,0.9093075504803979
824017,696270,8,19,0.1643835616438356,7.5,0.015670879995634244,1,0.9689038164885692
824017,696270,8,19,0.1643835616438356,8.5,0.004563212364246088,0,2.082290708120837e-05
823121,696270,3,20,0.2,3.5,0.6127773252693939,0,0.37549605036431255
823121,696270,3,20,0.2,4.5,0.4001318138534767,0,0.16010546845767332
823121,696270,3,20,0.2,5.5,0.22345335124540378,0,0.049931400182801795
823121,696270,3,20,0.2,6.5,0.10688473267490581,0,0.011424346078986077
823121,696270,3,20,0.2,7.5,0.044036001040890255,0,0.0019391693876732875
823121,696270,3,20,0.2,8.5,0.015739515246741248,0,0.00024773234020240023
824010,696270,6,20,0.1793103448275862,3.5,0.5199936696617623,1,0.23040607716478137
824010,696270,6,20,0.1793103448275862,4.5,0.3097376811749658,1,0.47646206878971314
824010,696270,6,20,0.1793103448275862,5.5,0.15618791490531095,1,0.7120188349518468
824010,696270,6,20,0.1793103448275862,6.5,0.06703963224739222,0,0.004494312291865591
824010,696270,6,20,0.1793103448275862,7.5,0.02469140372396384,0,0.0006096654178597754
824010,696270,6,20,0.1793103448275862,8.5,0.007871289815739205,0,6.195720336335974e-05
823682,696270,1,19,0.21232876712328766,3.5,0.669448294713743,0,0.4481610192951385
823682,696270,1,19,0.21232876712328766,4.5,0.4611582173530482,0,0.21266690143224123
823682,696270,1,19,0.21232876712328766,5.5,0.2734662900957185,0,0.07478381181871566
823682,696270,1,19,0.21232876712328766,6.5,0.13937698146526953,0,0.019425942962370085
823682,696270,1,19,0.21232876712328766,7.5,0.06125906866688186,0,0.003752673493933747
823682,696270,1,19,0.21232876712328766,8.5,0.02335265869334626,0,0.0005453466680479206
824007,696270,5,20,0.18620689655172415,3.5,0.5519109961124223,1,0.2007837554049616
824007,696270,5,20,0.18620689655172415,4.5,0.3395286732108775,1,0.4362223735105838
824007,696270,5,20,0.18620689655172415,5.5,0.17740893515961287,0,0.031473930274467724
824007,696270,5,20,0.18620689655172415,6.5,0.07906369007942413,0,0.006251067088975229
824007,696270,5,20,0.18620689655172415,7.5,0.030271349913093243,0,0.0009163546255609303
824007,696270,5,20,0.18620689655172415,8.5,0.010039138217587843,0,0.00010078429615183281
823197,696270,4,20,0.19310344827586207,3.5,0.582878473032334,1,0.17399036825983732
823197,696270,4,20,0.19310344827586207,4.5,0.3697206104651957,0,0.136693329802757
823197,696270,4,20,0.19310344827586207,5.5,0.19986488254159052,0,0.03994597127336377
823197,696270,4,20,0.19310344827586207,6.5,0.09234351196184343,0,0.00852732420144712
823197,696270,4,20,0.19310344827586207,7.5,0.03670063415728549,0,0.0013469365475469106
823197,696270,4,20,0.19310344827586207,8.5,0.012644030787745593,0,0.00015987151456145845
823999,696270,3,22,0.20279720279720279,3.5,0.6132969127699521,0,0.3761331032131543
823999,696270,3,22,0.20279720279720279,4.5,0.3999480095953945,0,0.15995841037931777
823999,696270,3,22,0.20279720279720279,5.5,0.22279278689524007,0,0.04963662589254785
823999,696270,3,22,0.20279720279720279,6.5,0.10621901553623882,0,0.011282479261487743
823999,696270,3,22,0.20279720279720279,7.5,0.043627069647657876,0,0.001903321206041591
823999,696270,3,22,0.20279720279720279,8.5,0.015573425142247575,0,0.0002425315706611889
824587,697812,3,16,0.24324324324324326,3.5,0.35213553762228783,0,0.12399943685653769
824587,697812,3,16,0.24324324324324326,4.5,0.1662453405208704,0,0.02763751324490015
824587,697812,3,16,0.24324324324324326,5.5,0.06294549558978939,0,0.0039621354150441955
824587,697812,3,16,0.24324324324324326,6.5,0.019049331274295315,0,0.00036287702199784555
824587,697812,3,16,0.24324324324324326,7.5,0.004570864644005693,0,2.0892803593821293e-05
824587,697812,3,16,0.24324324324324326,8.5,0.000856641420965492,0,7.338345241137772e-07
823535,697812,4,13,0.2,3.5,0.2748498908173653,1,0.525842680847587
823535,697812,4,13,0.2,4.5,0.12146256055500804,0,0.014753153616578994
823535,697812,4,13,0.2,5.5,0.04397055048198829,0,0.0019334093096890805
823535,697812,4,13,0.2,6.5,0.013043867833685335,0,0.00017014248806265095
823535,697812,4,13,0.2,7.5,0.003159565434880001,0,9.98285373728845e-06
823535,697812,4,13,0.2,8.5,0.0006206887362560003,0,3.8525450731507066e-07
824263,697812,1,14,0.28205128205128205,3.5,0.5092012650561979,0,0.2592859283348323
824263,697812,1,14,0.28205128205128205,4.5,0.30008020074085573,0,0.09004812687667227
824263,697812,1,14,0.28205128205128205,5.5,0.1495289942997854,0,0.022358920136305253
824263,697812,1,14,0.28205128205128205,6.5,0.06295070315327675,0,0.003962791027491967
824263,697812,1,14,0.28205128205128205,7.5,0.02228121794525492,0,0.0004964526731239498
824263,697812,1,14,0.28205128205128205,8.5,0.006564877014349058,0,4.3097610213528596e-05
824583,697812,4,10,0.18604651162790697,3.5,0.27067715778363516,1,0.5319118081785567
824583,697812,4,10,0.18604651162790697,4.5,0.11340702232284018,0,0.01286115271213317
824583,697812,4,10,0.18604651162790697,5.5,0.03793940778440745,0,0.0014393986630315567
824583,697812,4,10,0.18604651162790697,6.5,0.010197621309009064,0,0.00010399148036195573
824583,697812,4,10,0.18604651162790697,7.5,0.0022113774756383248,0,4.89019033976053e-06
824583,697812,4,10,0.18604651162790697,8.5,0.00038715430210178474,0,1.4988845363592e-07
823370,699008,1,9,0.13043478260869565,3.5,0.05251800849202222,0,0.002758141215968118
823370,699008,1,9,0.13043478260869565,4.5,0.011144650586092892,0,0.00012420323668610065
823370,699008,1,9,0.13043478260869565,5.5,0.0017536789708413893,0,3.0753899327713143e-06
823370,699008,1,9,0.13043478260869565,6.5,0.00020451993755239549,0,4.1828404856435746e-08
823370,699008,1,9,0.13043478260869565,7.5,1.7461618906955725e-05,0,3.0490813485175367e-10
823370,699008,1,9,0.13043478260869565,8.5,1.0610832229013136e-06,0,1.1258976059226387e-12
823358,699008,0,11,0.19047619047619047,3.5,0.12716571737186513,0,0.01617111967470108
823358,699008,0,11,0.19047619047619047,4.5,0.03824902769582891,0,0.0014629881196762872
823358,699008,0,11,0.19047619047619047,5.5,0.008844690855188304,0,7.822855632385162e-05
823358,699008,0,11,0.19047619047619047,6.5,0.001570986943175561,0,2.4679999756280935e-06
823358,699008,0,11,0.19047619047619047,7.5,0.00021132562694512746,0,4.4658520603751184e-08
823358,699008,0,11,0.19047619047619047,8.5,2.0843449143235475e-05,0,4.344493721866437e-10
824486,699008,3,12,0.05,3.5,0.0010974128026367189,0,1.2043148593909782e-06
824486,699008,3,12,0.05,4.5,7.257622189941408e-05,0,5.267307985192991e-09
824486,699008,3,12,0.05,5.5,3.4761842480468772e-06,0,1.2083856926369234e-11
824486,699008,3,12,0.05,6.5,1.2066633300781263e-07,0,1.456036392155233e-14
824486,699008,3,12,0.05,7.5,2.979980468750005e-09,0,8.8802835941315e-18
824486,699008,3,12,0.05,8.5,4.996337890625006e-11,0,2.4963392317295132e-21
823050,700241,1,23,0.16444444444444445,3.5,0.5130913297272729,0,0.2632627126413011
823050,700241,1,23,0.16444444444444445,4.5,0.3121328105218068,0,0.09742689140424214
823050,700241,1,23,0.16444444444444445,5.5,0.16317963997267465,0,0.02662759490161172
823050,700241,1,23,0.16444444444444445,6.5,0.07347950473577276,0,0.005399237616214452
823050,700241,1,23,0.16444444444444445,7.5,0.02860092160544593,0,0.0008180127166808639
823050,700241,1,23,0.16444444444444445,8.5,0.00965930498398833,0,9.330217277370181e-05
823047,700241,5,23,0.14666666666666667,3.5,0.42341527225289016,1,0.33244994827120883
823047,700241,5,23,0.14666666666666667,4.5,0.2339763649177056,1,0.5867922095046921
823047,700241,5,23,0.14666666666666667,5.5,0.11003154493510113,0,0.012106940880805179
823047,700241,5,23,0.14666666666666667,6.5,0.04426878233456831,0,0.0019597250893853874
823047,700241,5,23,0.14666666666666667,7.5,0.015322806255538295,0,0.0002347883915447635
823047,700241,5,23,0.14666666666666667,8.5,0.004586504947886203,0,2.103602763698462e-05
823693,700241,2,25,0.16143497757847533,3.5,0.49132421167413465,0,0.24139948097720987
823693,700241,2,25,0.16143497757847533,4.5,0.2916874902673704,0,0.0850815919784773
823693,700241,2,25,0.16143497757847533,5.5,0.14831068796823488,0,0.02199606016561113
823693,700241,2,25,0.16143497757847533,6.5,0.0648051649825562,0,0.004199709408416329
823693,700241,2,25,0.16143497757847533,7.5,0.024445602372397474,0,0.000597587475349365
823693,700241,2,25,0.16143497757847533,8.5,0.007997861957377646,0,6.39657958892686e-05
824097,700241,2,23,0.16,3.5,0.4911665519744537,0,0.24124458177847372
824097,700241,2,23,0.16,4.5,0.2921196765865516,0,0.0853339054490315
824097,700241,2,23,0.16,5.5,0.1489336111010946,0,0.02218122051561209
824097,700241,2,23,0.16,6.5,0.0652893926161394,0,0.004262704788184399
824097,700241,2,23,0.16,7.5,0.024710153747678657,0,0.0006105916982339176
824097,700241,2,23,0.16,8.5,0.008107460283338305,0,6.573091224590803e-05
823039,700241,4,22,0.1504424778761062,3.5,0.446409882844515,1,0.3064620178122236
823039,700241,4,22,0.1504424778761062,4.5,0.2530878264299502,0,0.0640534478870366
823039,700241,4,22,0.1504424778761062,5.5,0.12234845427331718,0,0.014969144263069986
823039,700241,4,22,0.1504424778761062,6.5,0.050648591829845886,0,0.0025652798543463313
823039,700241,4,22,0.1504424778761062,7.5,0.018042524740687637,0,0.0003255326990183255
823039,700241,4,22,0.1504424778761062,8.5,0.005556857565698694,0,3.0878666005462814e-05
824905,700241,3,22,0.15486725663716813,3.5,0.46901596239189924,0,0.21997597297839944
824905,700241,3,22,0.15486725663716813,4.5,0.27250412396852763,0,0.07425849757985467
824905,700241,3,22,0.15486725663716813,5.5,0.13533543496089337,0,0.0183156799560542
824905,700241,3,22,0.15486725663716813,6.5,0.0576535296022495,0,0.0033239294755974596
824905,700241,3,22,0.15486725663716813,7.5,0.02115980957140744,0,0.00044773754109822593
824905,700241,3,22,0.15486725663716813,8.5,0.006719810652336005,0,4.5155855203248445e-05
823032,700241,6,24,0.14285714285714285,3.5,0.400291384725512,1,0.3596504232344438
823032,700241,6,24,0.14285714285714285,4.5,0.21524042547761083,1,0.6158475898045613
823032,700241,6,24,0.14285714285714285,5.5,0.09825624621625809,1,0.8131417974879938
823032,700241,6,24,0.14285714285714285,6.5,0.038319526113420606,0,0.0014683860815571238
823032,700241,6,24,0.14285714285714285,7.5,0.012848770749346162,0,0.00016509090976925354
823032,700241,6,24,0.14285714285714285,8.5,0.003725480171606714,0,1.387920250903479e-05
825060,700241,5,26,0.14864864864864866,3.5,0.4235529301336086,1,0.3322912243575483
825060,700241,5,26,0.14864864864864866,4.5,0.23316284305450355,1,0.588039225272252
825060,700241,5,26,0.14864864864864866,5.5,0.10898002755703545,0,0.011876646406332207
825060,700241,5,26,0.14864864864864866,6.5,0.04348718665138908,0,0.0018911354028527524
825060,700241,5,26,0.14864864864864866,7.5,0.01490372864994152,0,0.0002221211276710877
825060,700241,5,26,0.14864864864864866,8.5,0.004411815546382032,0,1.9464116415298187e-05
823042,700241,3,27,0.1583710407239819,3.5,0.4697264139799978,0,0.2206429039905083
823042,700241,3,27,0.1583710407239819,4.5,0.2714223561201056,0,0.07367009540178944
823042,700241,3,27,0.1583710407239819,5.5,0.13350549105913648,0,0.01782371614294117
823042,700241,3,27,0.1583710407239819,6.5,0.05608078926261223,0,0.003145054924317523
823042,700241,3,27,0.1583710407239819,7.5,0.020201321380059208,0,0.00040809338550043723
823042,700241,3,27,0.1583710407239819,8.5,0.006265384716765492,0,3.925504564907861e-05
823026,700241,2,15,0.15450643776824036,3.5,0.49289957563667414,0,0.24294999166281345
823026,700241,2,15,0.15450643776824036,4.5,0.2885785763504738,0,0.08327759472846623
823026,700241,2,15,0.15450643776824036,5.5,0.14348930271889068,0,0.02058917999475345
823026,700241,2,15,0.15450643776824036,6.5,0.06087891646585055,0,0.0037062424700560095
823026,700241,2,15,0.15450643776824036,7.5,0.02217227540765348,0,0.0004916097967528352
823026,700241,2,15,0.15450643776824036,8.5,0.0069725734193362724,0,4.861678008803472e-05
823520,700241,5,18,0.14347826086956522,3.5,0.4241143651462013,1,0.3316442644309627
823520,700241,5,18,0.14347826086956522,4.5,0.2328898622729741,1,0.5884579634035767
823520,700241,5,18,0.14347826086956522,5.5,0.10825802455078677,0,0.011719799879638752
823520,700241,5,18,0.14347826086956522,6.5,0.04282791440028685,0,0.0018342302518782976
823520,700241,5,18,0.14347826086956522,7.5,0.014508422163027371,0,0.00021049431366062382
823520,700241,5,18,0.14347826086956522,8.5,0.0042338622912433755,0,1.7925589901212607e-05
824098,700669,0,11,0.2222222222222222,3.5,0.11783100093087749,0,0.013884144780372452
824098,700669,0,11,0.2222222222222222,4.5,0.03037328260664088,0,0.0009225362963028735
824098,700669,0,11,0.2222222222222222,5.5,0.005385363085430416,0,2.900213556191661e-05
824098,700669,0,11,0.2222222222222222,6.5,0.0006257593671046136,0,3.915747855191665e-07
824098,700669,0,11,0.2222222222222222,7.5,4.295074853410757e-05,0,1.8447667996401434e-09
824098,700669,0,11,0.2222222222222222,8.5,1.3215614933571565e-06,0,1.7465247807243975e-12
823041,700669,0,9,0.20689655172413793,3.5,0.12226378087132118,0,0.014948432112950443
823041,700669,0,9,0.20689655172413793,4.5,0.03417984834211515,0,0.0011682620326899915
823041,700669,0,9,0.20689655172413793,5.5,0.007049998787782939,0,4.970248290774091e-05
823041,700669,0,9,0.20689655172413793,6.5,0.0010682846648729341,0,1.1412321252026771e-06
823041,700669,0,9,0.20689655172413793,7.5,0.00011700445832948487,0,1.3690043268976162e-08
823041,700669,0,9,0.20689655172413793,8.5,8.90186819056382e-06,0,7.924325728217198e-11
823027,700669,4,9,0.06896551724137931,3.5,0.003110515286551758,1,0.9937886447322445
823027,700669,4,9,0.06896551724137931,4.5,0.00027220366843023217,0,7.409483710687578e-08
823027,700669,4,9,0.06896551724137931,5.5,1.724809643737257e-05,0,2.9749683071290437e-10
823027,700669,4,9,0.06896551724137931,6.5,7.938475904690753e-07,0,6.301939968935567e-13
823027,700669,4,9,0.06896551724137931,7.5,2.616666009295479e-08,0,6.8469410042023285e-16
823027,700669,4,9,0.06896551724137931,8.5,5.927621172295842e-10,0,3.5136692762249935e-19
823026,700669,2,9,0.13793103448275862,3.5,0.0348670073564007,0,0.0012157082019913004
823026,700669,2,9,0.13793103448275862,4.5,0.00630385657891849,0,3.973860776757392e-05
823026,700669,2,9,0.13793103448275862,5.5,0.000832150782850231,0,6.924749253982523e-07
823026,700669,2,9,0.13793103448275862,6.5,8.020318589101098e-05,0,6.432551027068062e-09
823026,700669,2,9,0.13793103448275862,7.5,5.5600621618842285e-06,0,3.091429124401672e-11
823026,700669,2,9,0.13793103448275862,8.5,2.6623693324113194e-07,0,7.088210462164294e-14
824024,700712,7,24,0.22926829268292684,3.5,0.7826753573876023,1,0.047230000286606386
824024,700712,7,24,0.22926829268292684,4.5,0.609746469192139,1,0.15229781830800207
824024,700712,7,24,0.22926829268292684,5.5,0.423858967769112,1,0.3319384890200731
824024,700712,7,24,0.22926829268292684,6.5,0.2618916351090375,1,0.5448039583220103
824024,700712,7,24,0.22926829268292684,7.5,0.14410445377057998,0,0.020766093596517224
824024,700712,7,24,0.22926829268292684,8.5,0.07098892004249747,0,0.0050394267688001
824023,700712,7,24,0.22926829268292684,3.5,0.7826753573876023,1,0.047230000286606386
824023,700712,7,24,0.22926829268292684,4.5,0.609746469192139,1,0.15229781830800207
824023,700712,7,24,0.22926829268292684,5.5,0.423858967769112,1,0.3319384890200731
824023,700712,7,24,0.22926829268292684,6.5,0.2618916351090375,1,0.5448039583220103
824023,700712,7,24,0.22926829268292684,7.5,0.14410445377057998,0,0.020766093596517224
824023,700712,7,24,0.22926829268292684,8.5,0.07098892004249747,0,0.0050394267688001
825071,700712,3,30,0.2562814070351759,3.5,0.8453697755923516,0,0.7146500574850629
825071,700712,3,30,0.2562814070351759,4.5,0.6951480543705637,0,0.4832308174951802
825071,700712,3,30,0.2562814070351759,5.5,0.512675547245507,0,0.26283621674348007
825071,700712,3,30,0.2562814070351759,6.5,0.33480782694875943,0,0.11209628098615045
825071,700712,3,30,0.2562814070351759,7.5,0.19219159945875908,0,0.036937610902516085
825071,700712,3,30,0.2562814070351759,8.5,0.09656624522958344,0,0.009325039717740048
824988,700712,6,20,0.22966507177033493,3.5,0.7981068732689626,1,0.04076083462123474
824988,700712,6,20,0.22966507177033493,4.5,0.6308338579693675,1,0.1362836404217811
824988,700712,6,20,0.22966507177033493,5.5,0.44578162535636406,1,0.30715800679263366
824988,700712,6,20,0.22966507177033493,6.5,0.2799115502159065,0,0.07835047594427196
824988,700712,6,20,0.22966507177033493,7.5,0.1561227033720932,0,0.024374298508210598
824988,700712,6,20,0.22966507177033493,8.5,0.07761375019309459,0,0.006023894219036091
824014,700712,5,21,0.23557692307692307,3.5,0.8107201827080854,1,0.03582684923406056
824014,700712,5,21,0.23557692307692307,4.5,0.6489119358683654,1,0.12326282877569879
824014,700712,5,21,0.23557692307692307,5.5,0.4660738535265814,0,0.21722483694111727
824014,700712,5,21,0.23557692307692307,6.5,0.29843417130777267,0,0.089062954604157
824014,700712,5,21,0.23557692307692307,7.5,0.17022755281283472,0,0.028977419736646436
824014,700712,5,21,0.23557692307692307,8.5,0.08674812649409278,0,0.007525237450235121
823119,700712,6,24,0.23414634146341465,3.5,0.7970230759495004,1,0.04119963169700228
823119,700712,6,24,0.23414634146341465,4.5,0.6292588042672913,1,0.1374490342133186
823119,700712,6,24,0.23414634146341465,5.5,0.44450703634752997,1,0.30857243266740436
823119,700712,6,24,0.23414634146341465,6.5,0.2796200982739856,0,0.07818739935875336
823119,700712,6,24,0.23414634146341465,7.5,0.15683050237806448,0,0.024595806476156088
823119,700712,6,24,0.23414634146341465,8.5,0.07880657635910746,0,0.006210476477443834
822880,700712,3,17,0.24056603773584906,3.5,0.8426703139158319,0,0.7100932579550067
822880,700712,3,17,0.24056603773584906,4.5,0.6906338829272445,0,0.47697516024716285
822880,700712,3,17,0.24056603773584906,5.5,0.50804635395854,0,0.2581110977705661
822880,700712,3,17,0.24056603773584906,6.5,0.33242879566979844,0,0.1105089041904726
822880,700712,3,17,0.24056603773584906,7.5,0.19313590683641033,0,0.03730147850952257
822880,700712,3,17,0.24056603773584906,8.5,0.09994411052622712,0,0.009988825228878702
824005,700712,5,24,0.23902439024390243,3.5,0.810641014282415,1,0.03585682547199257
824005,700712,5,24,0.23902439024390243,4.5,0.6482282742251484,1,0.1237433470546174
824005,700712,5,24,0.23902439024390243,5.5,0.46506392006973096,0,0.2162844497506251
824005,700712,5,24,0.23902439024390243,6.5,0.2976904186123215,0,0.0886195853335792
824005,700712,5,24,0.23902439024390243,7.5,0.1701061362505496,0,0.028936097590090543
824005,700712,5,24,0.23902439024390243,8.5,0.08714971875143183,0,0.00759507347845367
824001,700712,5,23,0.23786407766990292,3.5,0.81022098092128,1,0.036016076082481155
824001,700712,5,23,0.23786407766990292,4.5,0.6480639916816675,1,0.12385895395104139
824001,700712,5,23,0.23786407766990292,5.5,0.4652817675734497,0,0.21648712323627367
824001,700712,5,23,0.23786407766990292,6.5,0.29813557480870473,0,0.08888482096651677
824001,700712,5,23,0.23786407766990292,7.5,0.1705165827441842,0,0.02907590499075421
824001,700712,5,23,0.23786407766990292,8.5,0.0873750797755276,0,0.007634404565779811
823996,700712,7,22,0.22705314009661837,3.5,0.7823545453730152,1,0.047369543919786906
823996,700712,7,22,0.22705314009661837,4.5,0.6099209353438961,1,0.15216167668298086
823996,700712,7,22,0.22705314009661837,5.5,0.4244645257154819,1,0.3312410821599052
823996,700712,7,22,0.22705314009661837,6.5,0.26253051359210766,1,0.5438612433827205
823996,700712,7,22,0.22705314009661837,7.5,0.14444605004572578,0,0.020864661373812314
823996,700712,7,22,0.22705314009661837,8.5,0.07099401115649026,0,0.005040149620087864
823694,701519,1,9,0.3157894736842105,3.5,0.35006628817510044,0,0.12254640611669246
823694,701519,1,9,0.3157894736842105,4.5,0.14898813907381014,0,0.022197465584676994
823694,701519,1,9,0.3157894736842105,5.5,0.0462937501885357,0,0.0021431113065185493
823694,701519,1,9,0.3157894736842105,6.5,0.010131281623806606,0,0.00010264286734088142
823694,701519,1,9,0.3157894736842105,7.5,0.0014735861731235654,0,2.1714562096209545e-06
823694,701519,1,9,0.3157894736842105,8.5,0.0001273875386693545,0,1.622758500823629e-08
825069,701519,4,9,0.15789473684210525,3.5,0.049534875994298434,1,0.9033839519511737
825069,701519,4,9,0.15789473684210525,4.5,0.009679328029686764,0,9.368939110627987e-05
825069,701519,4,9,0.15789473684210525,5.5,0.0013336635608196354,0,1.7786584934581094e-06
825069,701519,4,9,0.15789473684210525,6.5,0.00012681502242953513,0,1.60820499138035e-08
825069,701519,4,9,0.15789473684210525,7.5,7.919986338137537e-06,0,6.272618359628523e-11
825069,701519,4,9,0.15789473684210525,8.5,2.9214380087981994e-07,0,8.534800039250788e-14
824653,701519,2,10,0.2777777777777778,3.5,0.22127397546427574,0,0.0489621722177649
824653,701519,2,10,0.2777777777777778,4.5,0.07386810556146142,0,0.005456497019239208
824653,701519,2,10,0.2777777777777778,5.5,0.01717354021422509,0,0.00029493048348960637
824653,701519,2,10,0.2777777777777778,6.5,0.002636472176472188,0,6.950985537311996e-06
824653,701519,2,10,0.2777777777777778,7.5,0.00024025217024918383,0,5.772110530944281e-08
824653,701519,2,10,0.2777777777777778,8.5,9.846400420048517e-06,0,9.695160123193161e-11
824427,701542,5,20,0.1853932584269663,3.5,0.5992628568171503,1,0.1605902579263518
824427,701542,5,20,0.1853932584269663,4.5,0.3955012590271056,1,0.3654187278378144
824427,701542,5,20,0.1853932584269663,5.5,0.22768401096964222,0,0.05184000885122416
824427,701542,5,20,0.1853932584269663,6.5,0.11489849563113728,0,0.013201664298298473
824427,701542,5,20,0.1853932584269663,7.5,0.051156844476438715,0,0.002617022736786538
824427,701542,5,20,0.1853932584269663,8.5,0.02021057617971124,0,0.00040846738951591136
822801,701542,1,21,0.20903954802259886,3.5,0.6902964256477921,0,0.47650915526211785
822801,701542,1,21,0.20903954802259886,4.5,0.49546241099238975,0,0.24548300070639173
822801,701542,1,21,0.20903954802259886,5.5,0.3139337456564669,0,0.09855439666189926
822801,701542,1,21,0.20903954802259886,6.5,0.17595373687219557,0,0.030959717519289835
822801,701542,1,21,0.20903954802259886,7.5,0.087661622036825,0,0.007684559978127161
822801,701542,1,21,0.20903954802259886,8.5,0.039008044409864925,0,0.0015216275286819942
823532,701542,8,28,0.17647058823529413,3.5,0.5249065766087121,1,0.22571376094965356
823532,701542,8,28,0.17647058823529413,4.5,0.31826052824658685,1,0.46476870734662273
823532,701542,8,28,0.17647058823529413,5.5,0.16523923188105713,1,0.6968255399905274
823532,701542,8,28,0.17647058823529413,6.5,0.07398572746907811,1,0.8575024329309726
823532,701542,8,28,0.17647058823529413,7.5,0.02883199150128061,1,0.9431673007313688
823532,701542,8,28,0.17647058823529413,8.5,0.009869948956866905,0,9.74158924111581e-05
824743,701542,0,27,0.2222222222222222,3.5,0.7165759194295522,0,0.5134810483063081
824743,701542,0,27,0.2222222222222222,4.5,0.5223322238959593,0,0.2728309521200986
824743,701542,0,27,0.2222222222222222,5.5,0.3346047510291313,0,0.11196033941126693
824743,701542,0,27,0.2222222222222222,6.5,0.18847154179025546,0,0.03552152206479601
824743,701542,0,27,0.2222222222222222,7.5,0.09390989801379342,0,0.008819068944961081
824743,701542,0,27,0.2222222222222222,8.5,0.0417499829125421,0,0.0017430610731975576
823530,701542,7,22,0.17613636363636365,3.5,0.5474865642535919,1,0.20476840953101863
823530,701542,7,22,0.17613636363636365,4.5,0.344315102728114,1,0.4299226845104438
823530,701542,7,22,0.17613636363636365,5.5,0.18824747164059902,1,0.65894216729788
823530,701542,7,22,0.17613636363636365,6.5,0.09016922720786485,1,0.8277920351195337
823530,701542,7,22,0.17613636363636365,7.5,0.03814706223725134,0,0.0014551983573327272
823530,701542,7,22,0.17613636363636365,8.5,0.014342501832743082,0,0.00020570735882223865
822956,701542,3,21,0.1977401129943503,3.5,0.6463015427012458,0,0.4177056840980103
822956,701542,3,21,0.1977401129943503,4.5,0.44575895503229546,0,0.198701045991484
822956,701542,3,21,0.1977401129943503,5.5,0.2699235869590682,0,0.07285874279684966
822956,701542,3,21,0.1977401129943503,6.5,0.14404112774499414,0,0.02074784648204972
822956,701542,3,21,0.1977401129943503,7.5,0.06813456268541244,0,0.004642318632332398
822956,701542,3,21,0.1977401129943503,8.5,0.028717731797423297,0,0.0008247081195887371
822708,701542,2,19,0.2011173184357542,3.5,0.67042006241043,0,0.4494630600824048
822708,701542,2,19,0.2011173184357542,4.5,0.47171122347708677,0,0.2225114783542501
822708,701542,2,19,0.2011173184357542,5.5,0.29147320160650564,0,0.08495662725474667
822708,701542,2,19,0.2011173184357542,6.5,0.1584755206857439,0,0.02511449065661764
822708,701542,2,19,0.2011173184357542,7.5,0.07619394516750694,0,0.005805517280189054
822708,701542,2,19,0.2011173184357542,8.5,0.03256652142173179,0,0.0010605783175121155
823433,701542,5,17,0.18232044198895028,3.5,0.6020880933640461,1,0.15833388544266008
823433,701542,5,17,0.18232044198895028,4.5,0.39533943383319237,1,0.36561440027716435
823433,701542,5,17,0.18232044198895028,5.5,0.2251666666875133,0,0.050700027787165716
823433,701542,5,17,0.18232044198895028,6.5,0.11181210561555076,0,0.012501946962183078
823433,701542,5,17,0.18232044198895028,7.5,0.04877550124448761,0,0.002379049521651012
823433,701542,5,17,0.18232044198895028,8.5,0.01882796938125338,0,0.0003544924310214148
824651,701542,7,23,0.17714285714285713,3.5,0.5474538540789214,1,0.20479801418802213
824651,701542,7,23,0.17714285714285713,4.5,0.3440062946720641,1,0.4303277414298748
824651,701542,7,23,0.17714285714285713,5.5,0.1879251590771196,1,0.6594655472599215
824651,701542,7,23,0.17714285714285713,6.5,0.09000883381972147,1,0.8280839225261433
824651,701542,7,23,0.17714285714285713,7.5,0.03813616147341734,0,0.0014543668119265613
824651,701542,7,23,0.17714285714285713,8.5,0.014391173809465547,0,0.0002071058836142471
823034,701656,4,21,0.3448275862068966,3.5,0.9344980617457381,1,0.004290503915065135
823034,701656,4,21,0.3448275862068966,4.5,0.8409069260652491,0,0.7071244583045063
823034,701656,4,21,0.3448275862068966,5.5,0.6955548042269546,0,0.4837964856831971
823034,701656,4,21,0.3448275862068966,6.5,0.5175131473881359,0,0.2678198577195745
823034,701656,4,21,0.3448275862068966,7.5,0.3410150988022295,0,0.11629129761109436
823034,701656,4,21,0.3448275862068966,8.5,0.19690274476120237,0,0.03877069089449521
823766,701656,4,17,0.3225806451612903,3.5,0.9377821745343344,1,0.0038710578056760227
823766,701656,4,17,0.3225806451612903,4.5,0.8458330192940542,0,0.7154334965280958
823766,701656,4,17,0.3225806451612903,5.5,0.7002383110809474,0,0.4903336923054976
823766,701656,4,17,0.3225806451612903,6.5,0.5195153198923788,0,0.26989616760288065
823766,701656,4,17,0.3225806451612903,7.5,0.33934816354785224,0,0.11515717610329987
823766,701656,4,17,0.3225806451612903,8.5,0.19274558255575702,0,0.03715085959475815
823761,701656,9,20,0.2542372881355932,3.5,0.7672379063454675,1,0.05417819224244135
823761,701656,9,20,0.2542372881355932,4.5,0.5802870080600933,1,0.1761589956031482
823761,701656,9,20,0.2542372881355932,5.5,0.38354424317655667,1,0.3800177001207643
823761,701656,9,20,0.2542372881355932,6.5,0.2194232173137086,1,0.6093001136688818
823761,701656,9,20,0.2542372881355932,7.5,0.10814157816712607,1,0.7954114445942244
823761,701656,9,20,0.2542372881355932,8.5,0.04578882362654111,1,0.9105189691160203
823193,701656,7,21,0.29310344827586204,3.5,0.8547632848867599,1,0.021093703416884466
823193,701656,7,21,0.29310344827586204,4.5,0.7035177277235652,1,0.08790173777419799
823193,701656,7,21,0.29310344827586204,5.5,0.5155168743943593,1,0.23472389899661097
823193,701656,7,21,0.29310344827586204,6.5,0.33109832344129836,1,0.447429452903042
823193,701656,7,21,0.29310344827586204,7.5,0.18466709034150666,0,0.03410193425519818
823193,701656,7,21,0.29310344827586204,8.5,0.08893651111761541,0,0.00790970300977373
822810,702056,5,24,0.22815533980582525,3.5,0.7707250943562515,1,0.05256698235794979
822810,702056,5,24,0.22815533980582525,4.5,0.6093660637725712,1,0.15259487213253492
822810,702056,5,24,0.22815533980582525,5.5,0.43438427796049334,0,0.18868970093925913
822810,702056,5,24,0.22815533980582525,6.5,0.27572132070269545,0,0.07602224669003864
822810,702056,5,24,0.22815533980582525,7.5,0.15445713271472122,0,0.023857005846453005
822810,702056,5,24,0.22815533980582525,8.5,0.07593689063548284,0,0.005766411359385281
822803,702056,3,25,0.23902439024390243,3.5,0.7973667241738238,0,0.6357936928196948
822803,702056,3,25,0.23902439024390243,4.5,0.6456762306175077,0,0.41689779478443295
822803,702056,3,25,0.23902439024390243,5.5,0.47435386371755983,0,0.22501158802377733
822803,702056,3,25,0.23902439024390243,6.5,0.31196814076777946,0,0.09732412085410506
822803,702056,3,25,0.23902439024390243,7.5,0.18184314621395012,0,0.03306692982498804
822803,702056,3,25,0.23902439024390243,8.5,0.09332143095074591,0,0.008708889474694836
824748,702056,6,26,0.22549019607843138,3.5,0.7579706601026788,1,0.05857820137113305
824748,702056,6,26,0.22549019607843138,4.5,0.5910794668948612,1,0.16721600239499088
824748,702056,6,26,0.22549019607843138,5.5,0.4137252735159157,1,0.3437180549139879
824748,702056,6,26,0.22549019607843138,6.5,0.25685293411022275,0,0.06597342976103043
824748,702056,6,26,0.22549019607843138,7.5,0.14027944977143159,0,0.019678324028175598
824748,702056,6,26,0.22549019607843138,8.5,0.06705731172388564,0,0.004496683055634371
822798,702056,5,25,0.22926829268292684,3.5,0.7712349375789609,1,0.052333453784501924
822798,702056,5,25,0.22926829268292684,4.5,0.6095271021929021,1,0.15246908392187233
822798,702056,5,25,0.22926829268292684,5.5,0.4341553062829817,0,0.18849082997366967
822798,702056,5,25,0.22926829268292684,6.5,0.2752839946576154,0,0.07578127771465401
822798,702056,5,25,0.22926829268292684,7.5,0.15402843762101648,0,0.023724759595971364
822798,702056,5,25,0.22926829268292684,8.5,0.07563463648768444,0,0.005720598236624167
822792,702056,3,25,0.23902439024390243,3.5,0.7973667241738238,0,0.6357936928196948
822792,702056,3,25,0.23902439024390243,4.5,0.6456762306175077,0,0.41689779478443295
822792,702056,3,25,0.23902439024390243,5.5,0.47435386371755983,0,0.22501158802377733
822792,702056,3,25,0.23902439024390243,6.5,0.31196814076777946,0,0.09732412085410506
822792,702056,3,25,0.23902439024390243,7.5,0.18184314621395012,0,0.03306692982498804
822792,702056,3,25,0.23902439024390243,8.5,0.09332143095074591,0,0.008708889474694836
823117,702056,7,24,0.21844660194174756,3.5,0.7418212545322289,1,0.06665626461131213
823117,702056,7,24,0.21844660194174756,4.5,0.5710252887196121,1,0.18401930291809215
823117,702056,7,24,0.21844660194174756,5.5,0.3936458179674659,1,0.36766539406834353
823117,702056,7,24,0.21844660194174756,6.5,0.24029997979796863,1,0.5771441206949669
823117,702056,7,24,0.21844660194174756,7.5,0.12891707658383483,0,0.016619612634922336
823117,702056,7,24,0.21844660194174756,8.5,0.06051151856362348,0,0.003661643878875749
823276,702056,1,13,0.2350230414746544,3.5,0.8432549373857755,0,0.7110788894254881
823276,702056,1,13,0.2350230414746544,4.5,0.6937024476343154,0,0.48122308585384016
823276,702056,1,13,0.2350230414746544,5.5,0.5126218722306837,0,0.2627811838892914
823276,702056,1,13,0.2350230414746544,6.5,0.33596353852170757,0,0.11287149921602689
823276,702056,1,13,0.2350230414746544,7.5,0.19382413914428837,0,0.03756779691502446
823276,702056,1,13,0.2350230414746544,8.5,0.09802186787582294,0,0.00960828658186529
822786,702056,9,24,0.2087378640776699,3.5,0.7099623300162397,1,0.08412185000960867
822786,702056,9,24,0.2087378640776699,4.5,0.5306118995648649,1,0.2203251888301045
822786,702056,9,24,0.2087378640776699,5.5,0.35275751601568417,1,0.4189228330741873
822786,702056,9,24,0.2087378640776699,6.5,0.20655002617433338,1,0.6295628609639511
822786,702056,9,24,0.2087378640776699,7.5,0.10585835010913446,1,0.7994892900695592
822786,702056,9,24,0.2087378640776699,8.5,0.04732912684058467,1,0.9075817925663229
824733,702056,9,18,0.2028301886792453,3.5,0.7153118187496277,1,0.08104736054364484
824733,702056,9,18,0.2028301886792453,4.5,0.5339635033043539,1,0.21719001625235093
824733,702056,9,18,0.2028301886792453,5.5,0.35216557451244285,1,0.4196894428467933
824733,702056,9,18,0.2028301886792453,6.5,0.20300884234769337,1,0.6351949053759639
824733,702056,9,18,0.2028301886792453,7.5,0.1017117048995277,1,0.8069218611145131
824733,702056,9,18,0.2028301886792453,8.5,0.04419836971166725,1,0.9135567564618348
822702,702056,4,26,0.23529411764705882,3.5,0.7855583102536602,1,0.04598523830126546
822702,702056,4,26,0.23529411764705882,4.5,0.6285078622379165,0,0.39502213289487587
822702,702056,4,26,0.23529411764705882,5.5,0.45439528704339677,0,0.20647507688725095
822702,702056,4,26,0.23529411764705882,6.5,0.2930141635358301,0,0.08585730003260218
822702,702056,4,26,0.23529411764705882,7.5,0.16693459520465362,0,0.027867159076141564
822702,702056,4,26,0.23529411764705882,8.5,0.08350538079880836,0,0.0069731486223539915
824511,702070,8,22,0.20647773279352227,3.5,0.7723275924916709,1,0.05183472514063865
824511,702070,8,22,0.20647773279352227,4.5,0.5932770458490563,1,0.16542356143327067
824511,702070,8,22,0.20647773279352227,5.5,0.40326346326304385,1,0.3560944942768166
824511,702070,8,22,0.20647773279352227,6.5,0.24085629109409015,1,0.5762991707714208
824511,702070,8,22,0.20647773279352227,7.5,0.12610785347030287,1,0.7636874837662817
824511,702070,8,22,0.20647773279352227,8.5,0.05787362605286915,0,0.003349356592507335
823696,702070,7,23,0.21138211382113822,3.5,0.7855008287818585,1,0.046009894453269605
823696,702070,7,23,0.21138211382113822,4.5,0.611236855119733,1,0.15113678281719545
823696,702070,7,23,0.21138211382113822,5.5,0.4222648289747299,1,0.33377792783959803
823696,702070,7,23,0.21138211382113822,6.5,0.2570582328612415,1,0.5519624693592612
823696,702070,7,23,0.21138211382113822,7.5,0.13751749080369535,0,0.018911060276944437
823696,702070,7,23,0.21138211382113822,8.5,0.06461899353832455,0,0.00417561432590603
824100,702070,1,20,0.23293172690763053,3.5,0.8580279520366771,0,0.7362119664762543
824100,702070,1,20,0.23293172690763053,4.5,0.7145160538136222,0,0.510533191157391
824100,702070,1,20,0.23293172690763053,5.5,0.5359404428185763,0,0.2872321582485717
824100,702070,1,20,0.23293172690763053,6.5,0.3576611820308918,0,0.12792152113173472
824100,702070,1,20,0.23293172690763053,7.5,0.2110169825784284,0,0.04452816693650476
824100,702070,1,20,0.23293172690763053,8.5,0.10976377387565658,0,0.01204808605542627
824098,702070,6,27,0.2190082644628099,3.5,0.7997344290744026,1,0.04010629889815547
824098,702070,6,27,0.2190082644628099,4.5,0.629825635817351,1,0.1370290598980285
824098,702070,6,27,0.2190082644628099,5.5,0.44110086554467737,1,0.31236824249490885
824098,702070,6,27,0.2190082644628099,6.5,0.27249764230158646,0,0.07425496505992336
824098,702070,6,27,0.2190082644628099,7.5,0.1480465232882465,0,0.021917773057737313
824098,702070,6,27,0.2190082644628099,8.5,0.07070910277723544,0,0.0049997772155616444
822965,702070,5,27,0.2231404958677686,3.5,0.8122507328024826,1,0.03524978733320478
822965,702070,5,27,0.2231404958677686,4.5,0.647398140709984,1,0.12432807117477622
822965,702070,5,27,0.2231404958677686,5.5,0.46015126214513347,0,0.21173918405375933
822965,702070,5,27,0.2231404958677686,6.5,0.2890882529315685,0,0.0835720179830265
822965,702070,5,27,0.2231404958677686,7.5,0.15996330900489583,0,0.025588260227795787
822965,702070,5,27,0.2231404958677686,8.5,0.07789866468698639,0,0.006068201960015541
824096,702070,0,21,0.23790322580645162,3.5,0.8662611959168822,0,0.750408459551347
824096,702070,0,21,0.23790322580645162,4.5,0.7283860308464567,0,0.5305462099322553
824096,702070,0,21,0.23790322580645162,5.5,0.5538009988235962,0,0.3066955462980128
824096,702070,0,21,0.23790322580645162,6.5,0.3759429867593528,0,0.14133312929354291
824096,702070,0,21,0.23790322580645162,7.5,0.22628773454353285,0,0.05120613880484439
824096,702070,0,21,0.23790322580645162,8.5,0.12036728252577683,0,0.01448828270264018
824089,702070,7,26,0.2139917695473251,3.5,0.7858533638345058,1,0.04585878178099656
824089,702070,7,26,0.2139917695473251,4.5,0.6112385793272687,1,0.15113544220348038
824089,702070,7,26,0.2139917695473251,5.5,0.42191921340510213,1,0.3341773958301758
824089,702070,7,26,0.2139917695473251,6.5,0.2566211668981419,1,0.5526120895038801
824089,702070,7,26,0.2139917695473251,7.5,0.13722125155845893,0,0.018829671879269868
824089,702070,7,26,0.2139917695473251,8.5,0.06451401300572471,0,0.004162057874102816
824813,702070,9,27,0.2066115702479339,3.5,0.7584401729783392,1,0.05835115003073468
824813,702070,9,27,0.2066115702479339,4.5,0.5744580680348806,1,0.18108593586060628
824813,702070,9,27,0.2066115702479339,5.5,0.38375694987799225,1,0.3797554968236754
824813,702070,9,27,0.2066115702479339,6.5,0.2247748169343505,1,0.6009740844591698
824813,702070,9,27,0.2066115702479339,7.5,0.11528305507405244,1,0.7827240726391022
824813,702070,9,27,0.2066115702479339,8.5,0.05181353741036653,1,0.8990575678382424
824086,702070,1,26,0.23868312757201646,3.5,0.8556134582169993,0,0.7320743898820528
824086,702070,1,26,0.23868312757201646,4.5,0.7119898527873167,0,0.506929550472105
824086,702070,1,26,0.23868312757201646,5.5,0.5345681099383097,0,0.2857630641630168
824086,702070,1,26,0.23868312757201646,6.5,0.3580816988976364,0,0.12822250308541755
824086,702070,1,26,0.23868312757201646,7.5,0.21281395879205373,0,0.04528978105674594
824086,702070,1,26,0.23868312757201646,8.5,0.11196306581720464,0,0.012535728107187697
824248,702070,8,24,0.20816326530612245,3.5,0.7715670039138391,1,0.05218163370089998
824248,702070,8,24,0.20816326530612245,4.5,0.5926096349593176,1,0.16596690952798043
824248,702070,8,24,0.20816326530612245,5.5,0.4030660952005813,1,0.3563300866990814
824248,702070,8,24,0.20816326530612245,6.5,0.24119364816423502,1,0.5757870795863027
824248,702070,8,24,0.20816326530612245,7.5,0.12672971098918265,1,0.7626009976690366
824248,702070,8,24,0.20816326530612245,8.5,0.05847246513067834,0,0.003419029178458394
823674,702070,7,26,0.2139917695473251,3.5,0.7858533638345058,1,0.04585878178099656
823674,702070,7,26,0.2139917695473251,4.5,0.6112385793272687,1,0.15113544220348038
823674,702070,7,26,0.2139917695473251,5.5,0.42191921340510213,1,0.3341773958301758
823674,702070,7,26,0.2139917695473251,6.5,0.2566211668981419,1,0.5526120895038801
823674,702070,7,26,0.2139917695473251,7.5,0.13722125155845893,0,0.018829671879269868
823674,702070,7,26,0.2139917695473251,8.5,0.06451401300572471,0,0.004162057874102816
824818,702273,7,18,0.1782178217821782,3.5,0.48994415221093857,1,0.2601569678638182
824818,702273,7,18,0.1782178217821782,4.5,0.2929750572284056,1,0.4998842697011764
824818,702273,7,18,0.1782178217821782,5.5,0.15087453403881668,1,0.7210140569437967
824818,702273,7,18,0.1782178217821782,6.5,0.06707895876632171,1,0.8703416691765304
824818,702273,7,18,0.1782178217821782,7.5,0.02582814318971273,0,0.000667092980628304
824818,702273,7,18,0.1782178217821782,8.5,0.008639771365918347,0,7.464564925534258e-05
824579,702273,3,25,0.23404255319148937,3.5,0.6586245914810738,0,0.4337863525036113
824579,702273,3,25,0.23404255319148937,4.5,0.45554847496577666,0,0.20752441304364486
824579,702273,3,25,0.23404255319148937,5.5,0.2734910615370596,0,0.07479736074066771
824579,702273,3,25,0.23404255319148937,6.5,0.14194102151507382,0,0.02014725358874265
824579,702273,3,25,0.23404255319148937,7.5,0.06356840295664694,0,0.004040941854458639
824579,702273,3,25,0.23404255319148937,8.5,0.02453547084383035,0,0.0006019893295284492
824574,702273,4,21,0.21428571428571427,3.5,0.611264467487406,1,0.15111531423785
824574,702273,4,21,0.21428571428571427,4.5,0.41154584713677855,0,0.1693699842955287
824574,702273,4,21,0.21428571428571427,5.5,0.24326415434524526,0,0.05917744878930731
824574,702273,4,21,0.21428571428571427,6.5,0.12649146191468974,0,0.016000089937315404
824574,702273,4,21,0.21428571428571427,7.5,0.058000868931183815,0,0.003364100796772364
824574,702273,4,21,0.21428571428571427,8.5,0.02349069254850163,0,0.00055181263640823
822871,702273,2,22,0.23711340206185566,3.5,0.6842130396455773,0,0.46814748362104036
822871,702273,2,22,0.23711340206185566,4.5,0.4907246952167002,0,0.24081072649552332
822871,702273,2,22,0.23711340206185566,5.5,0.3112938065821557,0,0.09690383401640858
822871,702273,2,22,0.23711340206185566,6.5,0.17474511459211275,0,0.030535855073810618
822871,702273,2,22,0.23711340206185566,7.5,0.08702736405195487,0,0.007573762093831486
822871,702273,2,22,0.23711340206185566,8.5,0.03855055656915942,0,0.0014861454117919605
824570,702273,5,14,0.19047619047619047,3.5,0.5804994753372975,1,0.17598069019228266
824570,702273,5,14,0.19047619047619047,4.5,0.37011034657646635,1,0.3967609754900193
824570,702273,5,14,0.19047619047619047,5.5,0.20230439193320504,0,0.040927066995463834
824570,702273,5,14,0.19047619047619047,6.5,0.09509819573605,0,0.009043666832252077
824570,702273,5,14,0.19047619047619047,7.5,0.038658919064858153,0,0.0014945120232632532
824570,702273,5,14,0.19047619047619047,8.5,0.01366920208249121,0,0.00018684708557198203
822944,702273,4,19,0.21,3.5,0.6118325640577856,1,0.1506739583259531
822944,702273,4,19,0.21,4.5,0.41302753983836943,0,0.17059174866493584
822944,702273,4,19,0.21,5.5,0.2444848554143517,0,0.059772844526976454
822944,702273,4,19,0.21,6.5,0.12680465710655586,0,0.01607942106391121
822944,702273,4,19,0.21,7.5,0.05763761549233708,0,0.003322094719642495
822944,702273,4,19,0.21,8.5,0.022968158425868582,0,0.000527536301475798
823617,702275,5,18,0.22321428571428573,3.5,0.6047538155038853,1,0.15621954635873675
823617,702275,5,18,0.22321428571428573,4.5,0.40349771213613195,1,0.3558149794268289
823617,702275,5,18,0.22321428571428573,5.5,0.23641263563104864,0,0.05589093428601897
823617,702275,5,18,0.22321428571428573,6.5,0.12208091806625289,0,0.014903750555899152
823617,702275,5,18,0.22321428571428573,7.5,0.05568085038397148,0,0.0031003570994822165
823617,702275,5,18,0.22321428571428573,8.5,0.022414837146298477,0,0.000502424924295082
824913,702275,4,22,0.24074074074074073,3.5,0.6399050571014089,1,0.1296683679011396
824913,702275,4,22,0.24074074074074073,4.5,0.4360049768467665,0,0.19010033983514937
824913,702275,4,22,0.24074074074074073,5.5,0.2601467018337583,0,0.06767630647498235
824913,702275,4,22,0.24074074074074073,6.5,0.13688719175333985,0,0.018738103266115635
824913,702275,4,22,0.24074074074074073,7.5,0.06408051813869872,0,0.004106312804924096
824913,702275,4,22,0.24074074074074073,8.5,0.026853879780860766,0,0.0007211308592849227
823286,702275,7,24,0.2169811320754717,3.5,0.5441154507595424,1,0.20783072223617524
823286,702275,7,24,0.2169811320754717,4.5,0.33499357714708716,1,0.4422335424356272
823286,702275,7,24,0.2169811320754717,5.5,0.17645932023384714,1,0.6782192512296972
823286,702275,7,24,0.2169811320754717,6.5,0.07991855281594376,1,0.8465498694523074
823286,702275,7,24,0.2169811320754717,7.5,0.031295191925527065,0,0.0009793890376555744
823286,702275,7,24,0.2169811320754717,8.5,0.010636997715835707,0,0.00011314572040669404
824903,702275,4,14,0.22413793103448276,3.5,0.6434604293541091,1,0.12712046543635624
824903,702275,4,14,0.22413793103448276,4.5,0.43875269268355666,0,0.1925039253370715
824903,702275,4,14,0.22413793103448276,5.5,0.26046449689698564,0,0.06784175414379984
824903,702275,4,14,0.22413793103448276,6.5,0.13488747030028594,0,0.018194629644010522
824903,702275,4,14,0.22413793103448276,7.5,0.06117186670952028,0,0.0037419972767273155
824903,702275,4,14,0.22413793103448276,8.5,0.024364999807264122,0,0.0005936532156079807
823029,702275,2,16,0.24561403508771928,3.5,0.6973489135767446,0,0.4862955072666659
823029,702275,2,16,0.24561403508771928,4.5,0.5046375077032124,0,0.2546590141809097
823029,702275,2,16,0.24561403508771928,5.5,0.3228604079222167,0,0.10423884300370018
823029,702275,2,16,0.24561403508771928,6.5,0.18247076995193537,0,0.03329558188685212
823029,702275,2,16,0.24561403508771928,7.5,0.09114005056492176,0,0.008306508816976496
823029,702275,2,16,0.24561403508771928,8.5,0.040217278463026154,0,0.0016174294869725873
824895,702275,4,16,0.22807017543859648,3.5,0.6389504417084388,1,0.1303567835425314
824895,702275,4,16,0.22807017543859648,4.5,0.4384824363866875,0,0.19226684701960545
824895,702275,4,16,0.22807017543859648,5.5,0.2639214902639575,0,0.06965455302314821
824895,702275,4,16,0.22807017543859648,6.5,0.1394672113606028,0,0.019451103044703055
824895,702275,4,16,0.22807017543859648,7.5,0.06480632794281684,0,0.004199860141431922
824895,702275,4,16,0.22807017543859648,8.5,0.026490619090470038,0,0.0007017528997963756
824891,702275,4,20,0.23636363636363636,3.5,0.6363508829816454,1,0.13224068030822894
824891,702275,4,20,0.23636363636363636,4.5,0.4354719307681772,0,0.1896358024869641
824891,702275,4,20,0.23636363636363636,5.5,0.2626071310053211,0,0.06896250525484589
824891,702275,4,20,0.23636363636363636,6.5,0.14041548319566163,0,0.019716507921071134
824891,702275,4,20,0.23636363636363636,7.5,0.06691906982047834,0,0.004478161905638055
824891,702275,4,20,0.23636363636363636,8.5,0.028455321065450408,0,0.0008097052969378658
823698,702474,1,15,0.12295081967213115,3.5,0.1732329921547557,0,0.030009669570889654
823698,702474,1,15,0.12295081967213115,4.5,0.0697398175654644,0,0.004863642154064256
823698,702474,1,15,0.12295081967213115,5.5,0.023927890171431872,0,0.000572543928056106
823698,702474,1,15,0.12295081967213115,6.5,0.007050681408280185,0,4.9712108321067855e-05
823698,702474,1,15,0.12295081967213115,7.5,0.0017922776739058748,0,3.2122592603814534e-06
823698,702474,1,15,0.12295081967213115,8.5,0.00039388723774797267,0,1.5514715606072794e-07
824266,702474,4,13,0.0967741935483871,3.5,0.09680491524302687,1,0.815761361129156
824266,702474,4,13,0.0967741935483871,4.5,0.031197724723470596,0,0.0009732980279214484
824266,702474,4,13,0.0967741935483871,5.5,0.008453173193827802,0,7.145613704484893e-05
824266,702474,4,13,0.0967741935483871,6.5,0.001950100384239273,0,3.80289150861016e-06
824266,702474,4,13,0.0967741935483871,7.5,0.0003859961912530783,0,1.48993059661883e-07
824266,702474,4,13,0.0967741935483871,8.5,6.58159964382358e-05,0,4.331745387157868e-09
822887,702474,2,18,0.11764705882352941,3.5,0.14668072751995317,0,0.02151523582578275
822887,702474,2,18,0.11764705882352941,4.5,0.05632277974995402,0,0.0031722555187618305
822887,702474,2,18,0.11764705882352941,5.5,0.01855636955310444,0,0.0003443388509913815
822887,702474,2,18,0.11764705882352941,6.5,0.005277546915587131,0,2.7852501446223246e-05
822887,702474,2,18,0.11764705882352941,7.5,0.0012976440146162753,0,1.6838799886694441e-06
822887,702474,2,18,0.11764705882352941,8.5,0.000275686178138345,0,7.600286881652729e-08
825067,702474,1,23,0.13157894736842105,3.5,0.1695722980722815,0,0.028754764273514682
825067,702474,1,23,0.13157894736842105,4.5,0.06695578885280677,0,0.0044830776609016436
825067,702474,1,23,0.13157894736842105,5.5,0.022730951598953407,0,0.0005166961605939625
825067,702474,1,23,0.13157894736842105,6.5,0.006739999449148301,0,4.54275925745194e-05
825067,702474,1,23,0.13157894736842105,7.5,0.0017608940709042684,0,3.1007479289458068e-06
825067,702474,1,23,0.13157894736842105,8.5,0.00040633646449789315,0,1.6510932238064758e-07
823689,702474,2,24,0.12389380530973451,3.5,0.14198928448256345,0,0.020160956907870335
823689,702474,2,24,0.12389380530973451,4.5,0.05174306014536286,0,0.0026773442732066386
823689,702474,2,24,0.12389380530973451,5.5,0.01597111811037659,0,0.0002550766136955991
823689,702474,2,24,0.12389380530973451,6.5,0.004239645989428458,0,1.7974598115676806e-05
823689,702474,2,24,0.12389380530973451,7.5,0.0009775958798539691,0,9.55693704307456e-07
823689,702474,2,24,0.12389380530973451,8.5,0.00019678427273317446,0,3.8724049995124385e-08
823527,702474,2,18,0.11764705882352941,3.5,0.14668072751995317,0,0.02151523582578275
823527,702474,2,18,0.11764705882352941,4.5,0.05632277974995402,0,0.0031722555187618305
823527,702474,2,18,0.11764705882352941,5.5,0.01855636955310444,0,0.0003443388509913815
823527,702474,2,18,0.11764705882352941,6.5,0.005277546915587131,0,2.7852501446223246e-05
823527,702474,2,18,0.11764705882352941,7.5,0.0012976440146162753,0,1.6838799886694441e-06
823527,702474,2,18,0.11764705882352941,8.5,0.000275686178138345,0,7.600286881652729e-08
824657,702474,4,10,0.09448818897637795,3.5,0.09325611514905602,1,0.8221844727145818
824657,702474,4,10,0.09448818897637795,4.5,0.029126080523664326,0,0.0008483285666709783
824657,702474,4,10,0.09448818897637795,5.5,0.0076487534279350115,0,5.850342900134759e-05
824657,702474,4,10,0.09448818897637795,6.5,0.0017134369690873553,0,2.9358662470352626e-06
824657,702474,4,10,0.09448818897637795,7.5,0.00032996095066051647,0,1.0887422896079178e-07
824657,702474,4,10,0.09448818897637795,8.5,5.4802335266931955e-05,0,3.003295950709214e-09
824409,702474,0,16,0.1322314049586777,3.5,0.20171408497881363,0,0.040688572078840045
824409,702474,0,16,0.1322314049586777,4.5,0.08652459280955545,0,0.0074865051608593745
824409,702474,0,16,0.1322314049586777,5.5,0.031848432605688,0,0.0010143226594390507
824409,702474,0,16,0.1322314049586777,6.5,0.010117340486420864,0,0.00010236057851817078
824409,702474,0,16,0.1322314049586777,7.5,0.0027810019595270745,0,7.733971898893429e-06
824409,702474,0,16,0.1322314049586777,8.5,0.0006619457197536171,0,4.381721359001342e-07
823618,702752,2,10,0.2857142857142857,3.5,0.4289257628300037,0,0.1839773100193006
823618,702752,2,10,0.2857142857142857,4.5,0.23247351085882337,0,0.054043933251027465
823618,702752,2,10,0.2857142857142857,5.5,0.10682697447362938,0,0.011412002475189462
823618,702752,2,10,0.2857142857142857,6.5,0.0417734007558716,0,0.0017450170107106537
823618,702752,2,10,0.2857142857142857,7.5,0.013780815231351353,0,0.00018991086844064544
823618,702752,2,10,0.2857142857142857,8.5,0.0037593479875133308,0,1.413269729122053e-05
824505,702752,4,15,0.26666666666666666,3.5,0.26532520586607955,1,0.5397470531357184
824505,702752,4,15,0.26666666666666666,4.5,0.10178661190370485,0,0.01036051436283543
824505,702752,4,15,0.26666666666666666,5.5,0.029086229983163805,0,0.0008460087746334972
824505,702752,4,15,0.26666666666666666,6.5,0.006091061238785864,0,3.710102701463959e-05
824505,702752,4,15,0.26666666666666666,7.5,0.0009090061879004435,0,8.262922496412965e-07
824505,702752,4,15,0.26666666666666666,8.5,9.182875596877155e-05,0,8.432520422772197e-09
823613,702752,3,11,0.2647058823529412,3.5,0.3480807576915239,0,0.12116021387510538
823613,702752,3,11,0.2647058823529412,4.5,0.17356307875866323,0,0.030124142308185935
823613,702752,3,11,0.2647058823529412,5.5,0.07404509285326814,0,0.005482675775649101
823613,702752,3,11,0.2647058823529412,6.5,0.027117507825579402,0,0.0007353592306703601
823613,702752,3,11,0.2647058823529412,7.5,0.008388444642972503,0,7.03660035282141e-05
823613,702752,3,11,0.2647058823529412,8.5,0.0021313157608181636,0,4.542506872311908e-06
823594,702752,3,9,0.25,3.5,0.34984450414776797,0,0.12239117708239763
823594,702752,3,9,0.25,4.5,0.16875579115003347,0,0.028478517046673715
823594,702752,3,9,0.25,5.5,0.06747443042695522,0,0.004552798761442021
823594,702752,3,9,0.25,6.5,0.02256240788847208,0,0.0005090622497257872
823594,702752,3,9,0.25,7.5,0.006301306188106542,0,3.97064596762698e-05
823594,702752,3,9,0.25,8.5,0.0014495672658085814,0,2.1012452581037666e-06
825067,703615,3,18,0.14285714285714285,3.5,0.35233371203542996,0,0.12413904463666528
825067,703615,3,18,0.14285714285714285,4.5,0.17286442742561306,0,0.029882110269185046
825067,703615,3,18,0.14285714285714285,5.5,0.07033680098212806,0,0.004947265572399492
825067,703615,3,18,0.14285714285714285,6.5,0.02393701282682326,0,0.0005729805830715013
825067,703615,3,18,0.14285714285714285,7.5,0.006868121888794934,0,4.7171098279344094e-05
825067,703615,3,18,0.14285714285714285,8.5,0.0016723629963394107,0,2.7967979915253316e-06
822960,703615,4,23,0.13793103448275862,3.5,0.27295258518992804,1,0.5285979433820088
822960,703615,4,23,0.13793103448275862,4.5,0.11834418885981374,0,0.014005347036887262
822960,703615,4,23,0.13793103448275862,5.5,0.04190454080985877,0,0.001755990540485119
822960,703615,4,23,0.13793103448275862,6.5,0.012238893865191629,0,0.0001497905230434253
822960,703615,4,23,0.13793103448275862,7.5,0.0029735038594574208,0,8.841725202208176e-06
822960,703615,4,23,0.13793103448275862,8.5,0.0006048291497014964,0,3.6581830032863513e-07
825062,703615,3,19,0.14516129032258066,3.5,0.35243634678778446,0,0.12421137853711947
825062,703615,3,19,0.14516129032258066,4.5,0.1739021453441155,0,0.03024195615528587
825062,703615,3,19,0.14516129032258066,5.5,0.07143678155366505,0,0.005103213758746059
825062,703615,3,19,0.14516129032258066,6.5,0.024640352422119993,0,0.0006071469674862746
825062,703615,3,19,0.14516129032258066,7.5,0.007191876701669675,0,5.172309049201909e-05
825062,703615,3,19,0.14516129032258066,8.5,0.0017870216641071239,0,3.193446427988194e-06
823279,703615,2,21,0.16666666666666666,3.5,0.4313344564679572,0,0.18604941333650807
823279,703615,2,21,0.16666666666666666,4.5,0.23404133675627375,0,0.05477534731066354
823279,703615,2,21,0.16666666666666666,5.5,0.10671131153172327,0,0.011387304008820496
823279,703615,2,21,0.16666666666666666,6.5,0.04121100519522369,0,0.0016983469492007543
823279,703615,2,21,0.16666666666666666,7.5,0.013592188576242755,0,0.00018474759029214405
823279,703615,2,21,0.16666666666666666,8.5,0.0038551114116376177,0,1.4861883996138586e-05
822892,800048,4,23,0.22624434389140272,3.5,0.8270988730576806,1,0.029894799697924048
822892,800048,4,23,0.22624434389140272,4.5,0.6703052711165386,0,0.4493091564866163
822892,800048,4,23,0.22624434389140272,5.5,0.4877395147506185,0,0.2378898342491688
822892,800048,4,23,0.22624434389140272,6.5,0.3160573191801083,0,0.09989222900731687
822892,800048,4,23,0.22624434389140272,7.5,0.1819116104109045,0,0.0330918340022887
822892,800048,4,23,0.22624434389140272,8.5,0.09302317222934398,0,0.008653310571610192
824428,800048,4,25,0.228310502283105,3.5,0.827109681821228,1,0.029891062119957016
824428,800048,4,25,0.228310502283105,4.5,0.6700351117448802,0,0.44894705097097404
824428,800048,4,25,0.228310502283105,5.5,0.4872774156156401,0,0.23743927976905724
824428,800048,4,25,0.228310502283105,6.5,0.31567852916203765,0,0.09965293377390745
824428,800048,4,25,0.228310502283105,7.5,0.18181528847504844,0,0.03305679912326508
824428,800048,4,25,0.228310502283105,8.5,0.09318790788229801,0,0.00868398617547966
823772,800048,9,25,0.2054794520547945,3.5,0.7550775234871031,1,0.05998701950121053
823772,800048,9,25,0.2054794520547945,4.5,0.5716527698222444,1,0.1834813496009551
823772,800048,9,25,0.2054794520547945,5.5,0.3829924335452948,1,0.3806983370623575
823772,800048,9,25,0.2054794520547945,6.5,0.22624207374971217,1,0.5987013284351459
823772,800048,9,25,0.2054794520547945,7.5,0.1179531467318606,1,0.7780066513602266
823772,800048,9,25,0.2054794520547945,8.5,0.054433736561882336,1,0.8940955585523237
824584,800048,10,27,0.20276497695852536,3.5,0.7396321309633993,1,0.06779142722666046
824584,800048,10,27,0.20276497695852536,4.5,0.5510871469081042,1,0.201522749671106
824584,800048,10,27,0.20276497695852536,5.5,0.3618136650614281,1,0.40728179810232706
824584,800048,10,27,0.20276497695852536,6.5,0.2086965699164385,1,0.62616111846201
824584,800048,10,27,0.20276497695852536,7.5,0.1059480372107342,1,0.7993289121673387
824584,800048,10,27,0.20276497695852536,8.5,0.04752375273870249,1,0.9072110015969644
824420,800048,5,28,0.22685185185185186,3.5,0.8168523320099655,1,0.03354306829018789
824420,800048,5,28,0.22685185185185186,4.5,0.6537361254592566,1,0.11989867081196766
824420,800048,5,28,0.22685185185185186,5.5,0.46726213634141484,0,0.21833390405834294
824420,800048,5,28,0.22685185185185186,6.5,0.295936868343888,0,0.08757863004518769
824420,800048,5,28,0.22685185185185186,7.5,0.1657700596566696,0,0.0274797126785758
824420,800048,5,28,0.22685185185185186,8.5,0.08224920876110837,0,0.006764932341828386
824415,800048,3,23,0.23076923076923078,3.5,0.8392917480269195,0,0.7044106383060822
824415,800048,3,23,0.23076923076923078,4.5,0.68825941059268,0,0.4737010162693833
824415,800048,3,23,0.23076923076923078,5.5,0.5082369411842803,0,0.2583047883843536
824415,800048,3,23,0.23076923076923078,6.5,0.3349609685978813,0,0.11219885048403085
824415,800048,3,23,0.23076923076923078,7.5,0.19639493296560834,0,0.03857096969456579
824415,800048,3,23,0.23076923076923078,8.5,0.10242670297191718,0,0.010491229481697348
823845,800048,1,22,0.23873873873873874,3.5,0.8622283571531987,0,0.7434377398791039
823845,800048,1,22,0.23873873873873874,4.5,0.7230287023782063,0,0.5227705044627128
823845,800048,1,22,0.23873873873873874,5.5,0.5489782758048575,0,0.30137714730567416
823845,800048,1,22,0.23873873873873874,6.5,0.37340875392441775,0,0.13943409750738636
823845,800048,1,22,0.23873873873873874,7.5,0.22645455510943738,0,0.05128166552981321
823845,800048,1,22,0.23873873873873874,8.5,0.12229906556600184,0,0.014957061438317217
824409,800048,6,22,0.21621621621621623,3.5,0.801179753997278,1,0.03952949022058288
824409,800048,6,22,0.21621621621621623,4.5,0.6331921314148671,1,0.13454801245596815
824409,800048,6,22,0.21621621621621623,5.5,0.4464470507122662,1,0.30642086766514837
824409,800048,6,22,0.21621621621621623,6.5,0.278882108209038,0,0.07777523027911759
824409,800048,6,22,0.21621621621621623,7.5,0.15408080728391121,0,0.02374089517326179
824409,800048,6,22,0.21621621621621623,8.5,0.07536483288753719,0,0.005679858036166407
822950,800048,6,29,0.22325581395348837,3.5,0.8046514637171256,1,0.0381610506278615
822950,800048,6,29,0.22325581395348837,4.5,0.6358454669179235,1,0.13260852396422512
822950,800048,6,29,0.22325581395348837,5.5,0.4468802671033136,1,0.30594143891970166
822950,800048,6,29,0.22325581395348837,6.5,0.27713400097331564,0,0.07680325449547772
822950,800048,6,29,0.22325581395348837,7.5,0.15132075682946086,0,0.022897971447440827
822950,800048,6,29,0.22325581395348837,8.5,0.07281298872417426,0,0.005301731326946727
824405,800048,6,20,0.21428571428571427,3.5,0.8035970401209998,1,0.038574122649232184
824405,800048,6,20,0.21428571428571427,4.5,0.6349163820669653,1,0.13328604808307404
824405,800048,6,20,0.21428571428571427,5.5,0.4465594035176699,1,0.30629649383471735
824405,800048,6,20,0.21428571428571427,6.5,0.2775282299252551,0,0.07702191840544527
824405,800048,6,20,0.21428571428571427,7.5,0.15214025421653218,0,0.02314665695307104
824405,800048,6,20,0.21428571428571427,8.5,0.07366151138351142,0,0.005426018259303182
824755,801139,5,26,0.2576419213973799,3.5,0.8524481668538343,1,0.021771543464793926
824755,801139,5,26,0.2576419213973799,4.5,0.715743486183908,1,0.08080176564687808
824755,801139,5,26,0.2576419213973799,5.5,0.5485085482977664,0,0.30086162755572315
824755,801139,5,26,0.2576419213973799,6.5,0.37985568903083217,0,0.14429034448908826
824755,801139,5,26,0.2576419213973799,7.5,0.23633814440978576,0,0.05585571850306075
824755,801139,5,26,0.2576419213973799,8.5,0.13169333472457634,0,0.017343134410879302
822969,801139,3,28,0.2687224669603524,3.5,0.8725872923401421,0,0.7614085827535007
822969,801139,3,28,0.2687224669603524,4.5,0.7461363669310513,0,0.5567194780570685
822969,801139,3,28,0.2687224669603524,5.5,0.5844984896444204,0,0.34163848439660865
822969,801139,3,28,0.2687224669603524,6.5,0.414481920106159,0,0.17179526209488835
822969,801139,3,28,0.2687224669603524,7.5,0.26399406168633066,0,0.06969286460564615
822969,801139,3,28,0.2687224669603524,8.5,0.15028790116390114,0,0.02258645323625052
824750,801139,6,21,0.24786324786324787,3.5,0.8418297570754535,1,0.025017825746810055
824750,801139,6,21,0.24786324786324787,4.5,0.7012773299612298,1,0.08923523359509196
824750,801139,6,21,0.24786324786324787,5.5,0.5323829884110678,1,0.21866566952736355
824750,801139,6,21,0.24786324786324787,6.5,0.3644687020055858,0,0.1328374347416365
824750,801139,6,21,0.24786324786324787,7.5,0.22348172521139953,0,0.04994408150346349
824750,801139,6,21,0.24786324786324787,8.5,0.12221835526054893,0,0.01493732636259375
823123,801139,2,25,0.26956521739130435,3.5,0.8771979810011228,0,0.7694762978724462
823123,801139,2,25,0.26956521739130435,4.5,0.7550616010878526,0,0.5701180214373515
823123,801139,2,25,0.26956521739130435,5.5,0.5980365950901578,0,0.3576477690670294
823123,801139,2,25,0.26956521739130435,6.5,0.4311031749400121,0,0.18584994744335867
823123,801139,2,25,0.26956521739130435,7.5,0.28086781486558154,0,0.07888672942736659
823123,801139,2,25,0.26956521739130435,8.5,0.1646673546390648,0,0.027115337683827533
824743,801139,7,24,0.24675324675324675,3.5,0.8314000821106717,1,0.028425932312288234
824743,801139,7,24,0.24675324675324675,4.5,0.685254284697202,1,0.09906486530147
824743,801139,7,24,0.24675324675324675,5.5,0.5134923474671149,1,0.23668969597305844
824743,801139,7,24,0.24675324675324675,6.5,0.34673058595931566,1,0.42676092732105897
824743,801139,7,24,0.24675324675324675,7.5,0.2098798724749637,0,0.04404956087010703
824743,801139,7,24,0.24675324675324675,8.5,0.11354613623430859,0,0.012892725053740166
824740,801139,5,20,0.251063829787234,3.5,0.8522731314775923,1,0.021823227683436724
824740,801139,5,20,0.251063829787234,4.5,0.7167783313268,1,0.08021451360603186
824740,801139,5,20,0.251063829787234,5.5,0.5503963602640225,0,0.3029361533918836
824740,801139,5,20,0.251063829787234,6.5,0.3814877826251633,0,0.14553292829226386
824740,801139,5,20,0.251063829787234,7.5,0.23689077060932504,0,0.056117237199879856
824740,801139,5,20,0.251063829787234,8.5,0.13118916295035984,0,0.01721059647561607
824579,801139,6,21,0.24786324786324787,3.5,0.8418297570754535,1,0.025017825746810055
824579,801139,6,21,0.24786324786324787,4.5,0.7012773299612298,1,0.08923523359509196
824579,801139,6,21,0.24786324786324787,5.5,0.5323829884110678,1,0.21866566952736355
824579,801139,6,21,0.24786324786324787,6.5,0.3644687020055858,0,0.1328374347416365
824579,801139,6,21,0.24786324786324787,7.5,0.22348172521139953,0,0.04994408150346349
824579,801139,6,21,0.24786324786324787,8.5,0.12221835526054893,0,0.01493732636259375
823602,801139,7,15,0.2375,3.5,0.8445867483271292,1,0.024153278795535076
823602,801139,7,15,0.2375,4.5,0.695351391752522,1,0.0928107745071253
823602,801139,7,15,0.2375,5.5,0.5153724139671557,1,0.2348638971440219
823602,801139,7,15,0.2375,6.5,0.3404794810557639,1,0.4349673149084745
823602,801139,7,15,0.2375,7.5,0.199650700533832,0,0.039860402223649866
823602,801139,7,15,0.2375,8.5,0.10379366916656103,0,0.010773125759057523
824736,801139,9,27,0.2412280701754386,3.5,0.8124692707936847,1,0.03516777439665236
824736,801139,9,27,0.2412280701754386,4.5,0.6562093547793515,1,0.11819200774122982
824736,801139,9,27,0.2412280701754386,5.5,0.47836959700245846,1,0.27209827733137765
824736,801139,9,27,0.2412280701754386,6.5,0.3121159207048343,1,0.47318450654775784
824736,801139,9,27,0.2412280701754386,7.5,0.18147977184514122,1,0.6699753638986821
824736,801139,9,27,0.2412280701754386,8.5,0.09386531109646086,1,0.8210800744343136
824977,801139,7,22,0.2446351931330472,3.5,0.831310025820763,1,0.02845630738859166
824977,801139,7,22,0.2446351931330472,4.5,0.6856891956359851,1,0.09879128173995406
824977,801139,7,22,0.2446351931330472,5.5,0.5142892373591628,1,0.23591494494514373
824977,801139,7,22,0.2446351931330472,6.5,0.3474079298686449,1,0.42587640999832754
824977,801139,7,22,0.2446351931330472,7.5,0.21009414517761044,0,0.04413954983791085
824977,801139,7,22,0.2446351931330472,8.5,0.11332409325877854,0,0.012842350112924335
823920,801139,7,26,0.24890829694323144,3.5,0.8329106594243542,1,0.027918847734004167
823920,801139,7,26,0.24890829694323144,4.5,0.6864166196324468,1,0.09833453644274154
823920,801139,7,26,0.24890829694323144,5.5,0.5136831583089063,1,0.23650407051240027
823920,801139,7,26,0.24890829694323144,6.5,0.3459421041229246,1,0.4277917311591472
823920,801139,7,26,0.24890829694323144,7.5,0.2086265262259714,0,0.043525027445115924
823920,801139,7,26,0.24890829694323144,8.5,0.11239432321782664,0,0.012632483891593283
823610,804267,7,23,0.15217391304347827,3.5,0.4708099931172149,1,0.2800420633846021
823610,804267,7,23,0.15217391304347827,4.5,0.26755429522929497,1,0.5364767104370548
823610,804267,7,23,0.15217391304347827,5.5,0.128224405582689,1,0.7599926870216559
823610,804267,7,23,0.15217391304347827,6.5,0.052072126194769044,1,0.8985672539369057
823610,804267,7,23,0.15217391304347827,7.5,0.01802180554115566,0,0.00032478547496322886
823610,804267,7,23,0.15217391304347827,8.5,0.005343191613689747,0,2.8549696620604443e-05
823602,804267,5,25,0.17777777777777778,3.5,0.5837118873029532,1,0.17329579277286913
823602,804267,5,25,0.17777777777777778,4.5,0.3707351313412108,1,0.3959742749281632
823602,804267,5,25,0.17777777777777778,5.5,0.20030921330813428,0,0.04012378093612364
823602,804267,5,25,0.17777777777777778,6.5,0.09206223364085167,0,0.008475454862942761
823602,804267,5,25,0.17777777777777778,7.5,0.036083785181943634,0,0.001302039553056655
823602,804267,5,25,0.17777777777777778,8.5,0.012098285290774335,0,0.00014636850697696664
823760,804267,2,20,0.2,3.5,0.727270422893427,0,0.5289222680155842
823760,804267,2,20,0.2,4.5,0.529505185522196,0,0.28037574149489525
823760,804267,2,20,0.2,5.5,0.3345109949872875,0,0.11189760576738507
823760,804267,2,20,0.2,6.5,0.18213988013212992,0,0.03317493593454666
823760,804267,2,20,0.2,7.5,0.08532643128811046,0,0.007280599876364636
823760,804267,2,20,0.2,8.5,0.03440844567068345,0,0.0011839411334723746
823597,804267,5,23,0.17391304347826086,3.5,0.5822421026952143,1,0.17452166076051592
823597,804267,5,23,0.17391304347826086,4.5,0.37085139993196714,1,0.39582796096756556
823597,804267,5,23,0.17391304347826086,5.5,0.2016724626001115,0,0.040671782171193376
823597,804267,5,23,0.17391304347826086,6.5,0.09369740506355793,0,0.008779203715644453
823597,804267,5,23,0.17391304347826086,7.5,0.03730684341647267,0,0.0013918005657012102
823597,804267,5,23,0.17391304347826086,8.5,0.012775087545671,0,0.0001632028617995583
823594,804267,2,24,0.2087912087912088,3.5,0.7248026129263067,0,0.5253388277048016
823594,804267,2,24,0.2087912087912088,4.5,0.5282600743092811,0,0.2790587061092472
823594,804267,2,24,0.2087912087912088,5.5,0.33512837920369615,0,0.11231103054769637
823594,804267,2,24,0.2087912087912088,6.5,0.1839965989898569,0,0.03385474843983421
823594,804267,2,24,0.2087912087912088,7.5,0.08733019048783781,0,0.007626562170642038
823594,804267,2,24,0.2087912087912088,8.5,0.035866627096138894,0,0.0012864149392534847
824023,805123,2,9,0.22,3.5,0.1596867768102216,0,0.025499866688037522
824023,805123,2,9,0.22,4.5,0.04901462727828255,0,0.0024024336872289598
824023,805123,2,9,0.22,5.5,0.010985815100837858,0,0.00012068813342979713
824023,805123,2,9,0.22,6.5,0.001769283417957766,0,3.130363813060315e-06
824023,805123,2,9,0.22,7.5,0.000198382692334669,0,3.9355692617951933e-08
824023,805123,2,9,0.22,8.5,1.459781647385374e-05,0,2.1309624580431565e-10
824181,805123,2,9,0.22,3.5,0.1596867768102216,0,0.025499866688037522
824181,805123,2,9,0.22,4.5,0.04901462727828255,0,0.0024024336872289598
824181,805123,2,9,0.22,5.5,0.010985815100837858,0,0.00012068813342979713
824181,805123,2,9,0.22,6.5,0.001769283417957766,0,3.130363813060315e-06
824181,805123,2,9,0.22,7.5,0.000198382692334669,0,3.9355692617951933e-08
824181,805123,2,9,0.22,8.5,1.459781647385374e-05,0,2.1309624580431565e-10
822800,805123,1,10,0.24489795918367346,3.5,0.20201057509975798,0,0.04080827245213496
822800,805123,1,10,0.24489795918367346,4.5,0.0682685301620262,0,0.004660592210483482
822800,805123,1,10,0.24489795918367346,5.5,0.016948892040112642,0,0.0002872649413873937
822800,805123,1,10,0.24489795918367346,6.5,0.0030433543041583915,0,9.262005420639407e-06
822800,805123,1,10,0.24489795918367346,7.5,0.0003841382211811667,0,1.4756217297223095e-07
822800,805123,1,10,0.24489795918367346,8.5,3.2348684600317675e-05,0,1.0464373953708299e-09
824174,805123,3,10,0.20408163265306123,3.5,0.12178016792265209,0,0.014830409299269341
824174,805123,3,10,0.20408163265306123,4.5,0.0336470750174201,0,0.0011321256572278957
824174,805123,3,10,0.20408163265306123,5.5,0.006773269414874576,0,4.5877178566475376e-05
824174,805123,3,10,0.20408163265306123,6.5,0.0009816190706198596,0,9.635759998045969e-07
824174,805123,3,10,0.20408163265306123,7.5,9.975503613940435e-05,0,9.951067235173866e-09
824174,805123,3,10,0.20408163265306123,8.5,6.754631394081677e-06,0,4.5625045269913775e-11
822875,805123,4,10,0.1836734693877551,3.5,0.08918781312279457,1,0.8295788397640375
822875,805123,4,10,0.1836734693877551,4.5,0.0219570704692844,0,0.00048211294359312115
822875,805123,4,10,0.1836734693877551,5.5,0.003923932434578386,0,1.539724575113626e-05
822875,805123,4,10,0.1836734693877551,6.5,0.0005038198147302853,0,2.53834405714859e-07
822875,805123,4,10,0.1836734693877551,7.5,4.5310222852295074e-05,0,2.0530162949246428e-09
822875,805123,4,10,0.1836734693877551,8.5,2.7135538837794493e-06,0,7.363374680174533e-12
824001,805123,1,11,0.25,3.5,0.20076522827148438,0,0.04030667688290123
824001,805123,1,11,0.25,4.5,0.06644706726074216,0,0.004415212747553593
824001,805123,1,11,0.25,5.5,0.015834426879882804,0,0.00025072907461435505
824001,805123,1,11,0.25,6.5,0.0026405334472656243,0,6.972416886128481e-06
824001,805123,1,11,0.25,7.5,0.0002922058105468751,0,8.538423571735625e-08
824001,805123,1,11,0.25,8.5,1.9264221191406232e-05,0,3.71110218111425e-10
824819,805326,3,15,0.14583333333333334,3.5,0.086920587022657,0,0.0075551884483632875
824819,805326,3,15,0.14583333333333334,4.5,0.022901934048834633,0,0.0005244985831771711
824819,805326,3,15,0.14583333333333334,5.5,0.004661203496948609,0,2.172681803996594e-05
824819,805326,3,15,0.14583333333333334,6.5,0.0007415350991238027,0,5.498743032325479e-07
824819,805326,3,15,0.14583333333333334,7.5,9.274612816849454e-05,0,8.601844290246817e-09
824819,805326,3,15,0.14583333333333334,8.5,9.10245415619442e-06,0,8.285467166562106e-11
822789,805326,3,11,0.1346153846153846,3.5,0.08922676440177792,0,0.007961415485610383
822789,805326,3,11,0.1346153846153846,4.5,0.024397718875981755,0,0.0005952486863514365
822789,805326,3,11,0.1346153846153846,5.5,0.005232372990709032,0,2.7377727113901382e-05
822789,805326,3,11,0.1346153846153846,6.5,0.0008895305564269594,0,7.91264610817256e-07
822789,805326,3,11,0.1346153846153846,7.5,0.00012032957492174615,0,1.447920660084812e-08
822789,805326,3,11,0.1346153846153846,8.5,1.290677865274985e-05,0,1.6658493519107923e-10
822871,805326,1,14,0.1836734693877551,3.5,0.17729532990363658,0,0.03143363400563933
822871,805326,1,14,0.1836734693877551,4.5,0.062492450411471584,0,0.003905306358430235
822871,805326,1,14,0.1836734693877551,5.5,0.01758017489199727,0,0.0003090625492332113
822871,805326,1,14,0.1836734693877551,6.5,0.004006405502602146,0,1.6051285051280753e-05
822871,805326,1,14,0.1836734693877551,7.5,0.0007461855844574437,0,5.567929264520968e-07
822871,805326,1,14,0.1836734693877551,8.5,0.0001134777575901286,0,1.2877201467683987e-08
824569,805326,1,11,0.17307692307692307,3.5,0.17823943791003674,0,0.031769297226485846
824569,805326,1,11,0.17307692307692307,4.5,0.0629581771872917,0,0.003963732074746417
824569,805326,1,11,0.17307692307692307,5.5,0.017606874439256796,0,0.0003100020275197543
824569,805326,1,11,0.17307692307692307,6.5,0.003928055088149854,0,1.542961677553996e-05
824569,805326,1,11,0.17307692307692307,7.5,0.0007006319568835402,0,4.90885139006459e-07
824569,805326,1,11,0.17307692307692307,8.5,9.947430048737625e-05,0,9.895136457452823e-09
822945,805326,2,12,0.1568627450980392,3.5,0.1308889160952627,0,0.017131908356592722
822945,805326,2,12,0.1568627450980392,4.5,0.04149842680289282,0,0.0017221194271150532
822945,805326,2,12,0.1568627450980392,5.5,0.010437820766424851,0,0.00010894810235200987
822945,805326,2,12,0.1568627450980392,6.5,0.0021015212955499242,0,4.416391755649832e-06
822945,805326,2,12,0.1568627450980392,7.5,0.000339256167394303,0,1.1509474711507133e-07
822945,805326,2,12,0.1568627450980392,8.5,4.364271069007715e-05,0,1.904686196377774e-09
823699,805673,2,27,0.19545454545454546,3.5,0.7224912592673184,0,0.5219936197176754
823699,805673,2,27,0.19545454545454546,4.5,0.5301456684845978,0,0.281054429812981
823699,805673,2,27,0.19545454545454546,5.5,0.34170223448217946,0,0.11676041705011435
823699,805673,2,27,0.19545454545454546,6.5,0.1928204922738646,0,0.03717974224073548
823699,805673,2,27,0.19545454545454546,7.5,0.09533345276586325,0,0.00908846721626108
823699,805673,2,27,0.19545454545454546,8.5,0.041396175068267975,0,0.0017136433102826912
824265,805673,4,28,0.1872146118721461,3.5,0.6860030715987611,1,0.09859407104541278
824265,805673,4,28,0.1872146118721461,4.5,0.4860433116710362,0,0.23623810082014804
824265,805673,4,28,0.1872146118721461,5.5,0.30039652890348145,0,0.09023807457726017
824265,805673,4,28,0.1872146118721461,6.5,0.16162913324746675,0,0.02612397671432736
824265,805673,4,28,0.1872146118721461,7.5,0.07583293819151901,0,0.005750634514758743
824265,805673,4,28,0.1872146118721461,8.5,0.031115428323792153,0,0.000968169879773047
822888,805673,4,28,0.1872146118721461,3.5,0.6860030715987611,1,0.09859407104541278
822888,805673,4,28,0.1872146118721461,4.5,0.4860433116710362,0,0.23623810082014804
822888,805673,4,28,0.1872146118721461,5.5,0.30039652890348145,0,0.09023807457726017
822888,805673,4,28,0.1872146118721461,6.5,0.16162913324746675,0,0.02612397671432736
822888,805673,4,28,0.1872146118721461,7.5,0.07583293819151901,0,0.005750634514758743
822888,805673,4,28,0.1872146118721461,8.5,0.031115428323792153,0,0.000968169879773047
823692,805673,5,26,0.18099547511312217,3.5,0.6647480856651803,1,0.1123938460651613
823692,805673,5,26,0.18099547511312217,4.5,0.46281300174626283,1,0.28856987109286064
823692,805673,5,26,0.18099547511312217,5.5,0.28085393603228387,0,0.0788789333848262
823692,805673,5,26,0.18099547511312217,6.5,0.14845847555699207,0,0.02203991896470601
823692,805673,5,26,0.18099547511312217,7.5,0.06852665004004936,0,0.004695901765711397
823692,805673,5,26,0.18099547511312217,8.5,0.027714545438216026,0,0.0007680960288469407
824176,805673,7,25,0.17117117117117117,3.5,0.6226755273383943,1,0.14237375766935886
824176,805673,7,25,0.17117117117117117,4.5,0.41705902735935196,1,0.33982017758322475
824176,805673,7,25,0.17117117117117117,5.5,0.24222155538969928,1,0.5742281711160067
824176,805673,7,25,0.17117117117117117,6.5,0.12209868837946129,1,0.7707107129450623
824176,805673,7,25,0.17117117117117117,7.5,0.05359924694506926,0,0.0028728792730785165
824176,805673,7,25,0.17117117117117117,8.5,0.020568748922830966,0,0.00042307343225046003
823526,805673,5,20,0.1762114537444934,3.5,0.6670952111172441,1,0.11082559846107226
823526,805673,5,20,0.1762114537444934,4.5,0.463612209996134,1,0.2877118612652315
823526,805673,5,20,0.1762114537444934,5.5,0.27982440447844964,0,0.07830169734171899
823526,805673,5,20,0.1762114537444934,6.5,0.14646979819140526,0,0.021453401782230985
823526,805673,5,20,0.1762114537444934,7.5,0.06662534718465095,0,0.0044389368874752765
823526,805673,5,20,0.1762114537444934,8.5,0.026423669851721062,0,0.0006982103284327526
823685,805673,3,26,0.19004524886877827,3.5,0.703596042446133,0,0.49504739094586064
823685,805673,3,26,0.19004524886877827,4.5,0.5078051896985872,0,0.2578661106848182
823685,805673,3,26,0.19004524886877827,5.5,0.32125786047067234,0,0.10320661291419397
823685,805673,3,26,0.19004524886877827,6.5,0.17773740435724342,0,0.03159058490765025
823685,805673,3,26,0.19004524886877827,7.5,0.08611038069295594,0,0.007414997663085799
823685,805673,3,26,0.19004524886877827,8.5,0.03662918718638062,0,0.0013416973539349102
824653,805673,4,22,0.18222222222222223,3.5,0.6852054500221411,1,0.09909560869576273
824653,805673,4,22,0.18222222222222223,4.5,0.48604320799302264,0,0.23623800003614867
824653,805673,4,22,0.18222222222222223,5.5,0.30106994090750794,0,0.09064310931805032
824653,805673,4,22,0.18222222222222223,6.5,0.16247842592740633,0,0.026399238891847664
824653,805673,4,22,0.18222222222222223,7.5,0.07648136726445431,0,0.005849399538640344
824653,805673,4,22,0.18222222222222223,8.5,0.031476417104012264,0,0.0009907648337057558
823680,805673,1,23,0.19642857142857142,3.5,0.7392991611454096,0,0.5465632496703063
823680,805673,1,23,0.19642857142857142,4.5,0.5518126619885052,0,0.3044972139308403
823680,805673,1,23,0.19642857142857142,5.5,0.3631307675139689,0,0.1318639543152841
823680,805673,1,23,0.19642857142857142,6.5,0.20972217683618583,0,0.0439833914569084
823680,805673,1,23,0.19642857142857142,7.5,0.10624473422674117,0,0.011287943550910867
823680,805673,1,23,0.19642857142857142,8.5,0.04726740438601034,0,0.0022342075173906297
823111,805673,10,22,0.15555555555555556,3.5,0.5553395012791038,1,0.19772295912271612
823111,805673,10,22,0.15555555555555556,4.5,0.3481790501766019,1,0.4248705506286769
823111,805673,10,22,0.15555555555555556,5.5,0.18745106504710882,1,0.6602357716930778
823111,805673,10,22,0.15555555555555556,6.5,0.08690781341417403,1,0.8337373412040847
823111,805673,10,22,0.15555555555555556,7.5,0.03485840855917995,1,0.9314982915289187
823111,805673,10,22,0.15555555555555556,8.5,0.0121521155049881,1,0.9758434429012705
824997,807743,2,12,0.13725490196078433,3.5,0.4651281279417455,0,0.2163441754025928
824997,807743,2,12,0.13725490196078433,4.5,0.2697285426423713,0,0.0727534867159775
824997,807743,2,12,0.13725490196078433,5.5,0.1353961916228101,0,0.018332128705960713
824997,807743,2,12,0.13725490196078433,6.5,0.05958461723021236,0,0.00355032661047092
824997,807743,2,12,0.13725490196078433,7.5,0.023266189874410054,0,0.0005413155912721009
824997,807743,2,12,0.13725490196078433,8.5,0.008133787159258025,0,6.615849355211073e-05
824668,807743,2,23,0.15384615384615385,3.5,0.4610202029362853,0,0.2125396275154137
824668,807743,2,23,0.15384615384615385,4.5,0.29139401080075317,0,0.08491046953054945
824668,807743,2,23,0.15384615384615385,5.5,0.16423711882125477,0,0.02697383119870696
824668,807743,2,23,0.15384615384615385,6.5,0.08247543812609656,0,0.006802197894091582
824668,807743,2,23,0.15384615384615385,7.5,0.0369979688629649,0,0.0013688496999849202
824668,807743,2,23,0.15384615384615385,8.5,0.01487916701811744,0,0.00022138961115303384
824340,807743,3,24,0.14444444444444443,3.5,0.4101555647198653,0,0.1682275872706716
824340,807743,3,24,0.14444444444444443,4.5,0.245620755802572,0,0.06032955568102671
824340,807743,3,24,0.14444444444444443,5.5,0.13073165893267377,0,0.01709076664728894
824340,807743,3,24,0.14444444444444443,6.5,0.0619573339024405,0,0.0038387112242985032
824340,807743,3,24,0.14444444444444443,7.5,0.026242673981094384,0,0.0006886779376780081
824340,807743,3,24,0.14444444444444443,8.5,0.009967048880226552,0,9.934206338082537e-05
824339,807743,5,23,0.12087912087912088,3.5,0.30702325172623346,1,0.4802167736480832
824339,807743,5,23,0.12087912087912088,4.5,0.16153869880958127,1,0.70301735359393
824339,807743,5,23,0.12087912087912088,5.5,0.07430315608788611,0,0.005520959004620767
824339,807743,5,23,0.12087912087912088,6.5,0.030029571997659727,0,0.0009017751943626292
824339,807743,5,23,0.12087912087912088,7.5,0.01072930367050356,0,0.00011511795725388116
824339,807743,5,23,0.12087912087912088,8.5,0.003406800491966881,0,1.1606289592065782e-05
824334,807743,4,32,0.14634146341463414,3.5,0.36025647792323123,1,0.40927177403918913
824334,807743,4,32,0.14634146341463414,4.5,0.19232307337260157,0,0.036988164551483085
824334,807743,4,32,0.14634146341463414,5.5,0.08719876425960102,0,0.007603624488401472
824334,807743,4,32,0.14634146341463414,6.5,0.03350645325318175,0,0.001122682409607654
824334,807743,4,32,0.14634146341463414,7.5,0.010920344251897229,0,0.00011925391857994485
824334,807743,4,32,0.14634146341463414,8.5,0.003026003949122885,0,9.156699900107295e-06
823943,808963,10,25,0.23295454545454544,3.5,0.7806761485555032,1,0.04810295181244772
823943,808963,10,25,0.23295454545454544,4.5,0.6011072105013774,1,0.15911545751399245
823943,808963,10,25,0.23295454545454544,5.5,0.4078796570242391,1,0.3506065005657327
823943,808963,10,25,0.23295454545454544,6.5,0.24183171661345626,1,0.5748191459332985
823943,808963,10,25,0.23295454545454544,7.5,0.12487183633616816,1,0.7658493028376304
823943,808963,10,25,0.23295454545454544,8.5,0.056115455912093826,1,0.8909180325680346
824588,808963,4,23,0.2640449438202247,3.5,0.8662095258342236,1,0.017899890977503278
824588,808963,4,23,0.2640449438202247,4.5,0.7268320603017644,0,0.5282848438825076
824588,808963,4,23,0.2640449438202247,5.5,0.5502159231895676,0,0.3027375621313481
824588,808963,4,23,0.2640449438202247,6.5,0.37087978619066664,0,0.1375518158048346
824588,808963,4,23,0.2640449438202247,7.5,0.2210192715373238,0,0.048849518390889274
824588,808963,4,23,0.2640449438202247,8.5,0.11603220036581319,0,0.013463471521732218
823936,808963,6,21,0.25,3.5,0.8406752940616247,1,0.02538436192234977
823936,808963,6,21,0.25,4.5,0.6878060674807591,1,0.09746505150182833
823936,808963,6,21,0.25,5.5,0.5041159876489016,1,0.24590095370542428
823936,808963,6,21,0.25,6.5,0.32709643246360603,0,0.10699207613041839
823936,808963,6,21,0.25,7.5,0.18670969043306368,0,0.034860508501610474
823936,808963,6,21,0.25,8.5,0.09346269993325931,0,0.00873527627881447
823285,808963,2,20,0.27071823204419887,3.5,0.8888973110232483,0,0.7901384295443614
823285,808963,2,20,0.27071823204419887,4.5,0.7638023039162932,0,0.5833939594678376
823285,808963,2,20,0.27071823204419887,5.5,0.5962599143840969,0,0.3555258855013305
823285,808963,2,20,0.27071823204419887,6.5,0.4164281299782723,0,0.17341238743720083
823285,808963,2,20,0.27071823204419887,7.5,0.25773533776700475,0,0.06642750433387203
823285,808963,2,20,0.27071823204419887,8.5,0.1405804331944487,0,0.01976285819713886
823935,808963,3,18,0.26229508196721313,3.5,0.881856616047137,0,0.7776710912661077
823935,808963,3,18,0.26229508196721313,4.5,0.7497347887941612,0,0.5621022535282255
823935,808963,3,18,0.26229508196721313,5.5,0.5754781351030461,0,0.33117508398167983
823935,808963,3,18,0.26229508196721313,6.5,0.3926587350907354,0,0.15418088224305632
823935,808963,3,18,0.26229508196721313,7.5,0.23603239675469084,0,0.05571129231776379
823935,808963,3,18,0.26229508196721313,8.5,0.12442027213231596,0,0.01548040411747956
823928,808963,5,23,0.25842696629213485,3.5,0.8539208307694639,1,0.021339123683083605
823928,808963,5,23,0.25842696629213485,4.5,0.7076266863053277,1,0.08548215456080328
823928,808963,5,23,0.25842696629213485,5.5,0.527125149878028,0,0.27786092363393355
823928,808963,5,23,0.25842696629213485,6.5,0.34866625389375544,0,0.12156815660430473
823928,808963,5,23,0.25842696629213485,7.5,0.20346933081911858,0,0.041399768583979916
823928,808963,5,23,0.25842696629213485,8.5,0.10444025462001498,0,0.01090776678509356
823524,808963,5,22,0.2569832402234637,3.5,0.8535944808686378,1,0.021434576032123676
823524,808963,5,22,0.2569832402234637,4.5,0.7074398651749341,1,0.08559143248886075
823524,808963,5,22,0.2569832402234637,5.5,0.5272108515729274,0,0.27795128201625124
823524,808963,5,22,0.2569832402234637,6.5,0.348954107227117,0,0.12176896895067427
823524,808963,5,22,0.2569832402234637,7.5,0.20377504777072378,0,0.04152427009396076
823524,808963,5,22,0.2569832402234637,8.5,0.1046349644098491,0,0.010948475777050387
823601,808963,9,25,0.23863636363636365,3.5,0.7976892870930785,1,0.04092962455690681
823601,808963,9,25,0.23863636363636365,4.5,0.6243307376514342,1,0.14112739467351554
823601,808963,9,25,0.23863636363636365,5.5,0.43218530380216313,1,0.3224135292182418
823601,808963,9,25,0.23863636363636365,6.5,0.2621054880705872,1,0.5444883107355464
823601,808963,9,25,0.23863636363636365,7.5,0.13869887243435763,1,0.7418396323458469
823601,808963,9,25,0.23863636363636365,8.5,0.06396259913787071,1,0.8761660158127305
823921,808963,7,24,0.24858757062146894,3.5,0.8274837327207121,1,0.02976186247597871
823921,808963,7,24,0.24858757062146894,4.5,0.6674124511983593,1,0.1106144776178837
823921,808963,7,24,0.24858757062146894,5.5,0.4800888760455112,1,0.2703075768116198
823921,808963,7,24,0.24858757062146894,6.5,0.30468966837226874,1,0.48345645726826564
823921,808963,7,24,0.24858757062146894,7.5,0.1697517790394327,0,0.02881566648705238
823921,808963,7,24,0.24858757062146894,8.5,0.08286748210564256,0,0.00686701959052899
823942,808967,4,26,0.22535211267605634,3.5,0.8774915191428252,1,0.015008327881932767
823942,808967,4,26,0.22535211267605634,4.5,0.7448082545328627,0,0.5547393360202896
823942,808967,4,26,0.22535211267605634,5.5,0.5722824800042448,0,0.3275072369198088
823942,808967,4,26,0.22535211267605634,6.5,0.3926873726790882,0,0.1542033726616051
823942,808967,4,26,0.22535211267605634,7.5,0.23892838562953095,0,0.05708677345953385
823942,808967,4,26,0.22535211267605634,8.5,0.12854774578313452,0,0.01652452294592538
824587,808967,7,27,0.21226415094339623,3.5,0.8406755154444641,1,0.02538429137888721
824587,808967,7,27,0.21226415094339623,4.5,0.6872409749325535,1,0.0978182077611396
824587,808967,7,27,0.21226415094339623,5.5,0.5030878694419574,1,0.2469216654957332
824587,808967,7,27,0.21226415094339623,6.5,0.3261746333382869,1,0.45404062475679213
824587,808967,7,27,0.21226415094339623,7.5,0.18640717649342942,0,0.034747635448252545
824587,808967,7,27,0.21226415094339623,8.5,0.09381660739337132,0,0.008801555822801973
823937,808967,6,26,0.215962441314554,3.5,0.8537167634118809,1,0.02139878530669564
823937,808967,6,26,0.215962441314554,4.5,0.707192974375364,1,0.08573595425514625
823937,808967,6,26,0.215962441314554,5.5,0.5265301641538989,1,0.22417368545613395
823937,808967,6,26,0.215962441314554,6.5,0.348177055343992,0,0.12122726186801328
823937,808967,6,26,0.215962441314554,7.5,0.20334980919251408,0,0.041351144898631884
823937,808967,6,26,0.215962441314554,8.5,0.10472602045314008,0,0.010967539359951515
823283,808967,4,24,0.22325581395348837,3.5,0.8783476429999753,1,0.01479929596366147
823283,808967,4,24,0.22325581395348837,4.5,0.7457618798385408,0,0.5561607814203142
823283,808967,4,24,0.22325581395348837,5.5,0.5728817385056225,0,0.3281934863132245
823283,808967,4,24,0.22325581395348837,6.5,0.39265035532031245,0,0.1541743015331676
823283,808967,4,24,0.22325581395348837,7.5,0.23834190708617384,0,0.056806864673474324
823283,808967,4,24,0.22325581395348837,8.5,0.12774108659354413,0,0.01631778520409934
823932,808967,10,25,0.19626168224299065,3.5,0.7956442948667949,1,0.04176125422048947
823932,808967,10,25,0.19626168224299065,4.5,0.6225272745084117,1,0.14248565849004796
823932,808967,10,25,0.19626168224299065,5.5,0.431527843773398,1,0.3231605924049222
823932,808967,10,25,0.19626168224299065,6.5,0.2628196576116605,1,0.5434348572037895
823932,808967,10,25,0.19626168224299065,7.5,0.14026876756791046,1,0.7391377920191997
823932,808967,10,25,0.19626168224299065,8.5,0.06563574068398677,1,0.873036569087162
823926,808967,6,27,0.2169811320754717,3.5,0.8538646175375639,1,0.021355550007442468
823926,808967,6,27,0.2169811320754717,4.5,0.7072978731800037,1,0.0856745350449492
823926,808967,6,27,0.2169811320754717,5.5,0.5265259015024089,1,0.22417772194810665
823926,808967,6,27,0.2169811320754717,6.5,0.34807337368692987,0,0.12115507346980112
823926,808967,6,27,0.2169811320754717,7.5,0.2032140258243371,0,0.04129594029173434
823926,808967,6,27,0.2169811320754717,8.5,0.10462004428119862,0,0.010945353665399959
823523,808967,7,30,0.215311004784689,3.5,0.8431171005610653,1,0.02461224413636691
823523,808967,7,30,0.215311004784689,4.5,0.6897285174613489,1,0.09626839287673249
823523,808967,7,30,0.215311004784689,5.5,0.5043890257610715,1,0.24563023778605989
823523,808967,7,30,0.215311004784689,6.5,0.32571309385192637,1,0.45466283180274103
823523,808967,7,30,0.215311004784689,7.5,0.18462040289313775,0,0.03408469316442451
823523,808967,7,30,0.215311004784689,8.5,0.09164986939336488,0,0.00839969855982084
823600,808967,5,26,0.22065727699530516,3.5,0.8660252724906949,1,0.017949227611192543
823600,808967,5,26,0.22065727699530516,4.5,0.7264173163237981,1,0.07484748480747273
823600,808967,5,26,0.22065727699530516,5.5,0.5496100643988058,0,0.30207122288845945
823600,808967,5,26,0.22065727699530516,6.5,0.37033617111122746,0,0.13714887963332434
823600,808967,5,26,0.22065727699530516,7.5,0.22082773033463238,0,0.04876488648474512
823600,808967,5,26,0.22065727699530516,8.5,0.11627181277638503,0,0.013519134446306733
823920,808967,3,28,0.23222748815165878,3.5,0.8887993045012115,0,0.7899642036818373
823920,808967,3,28,0.23222748815165878,4.5,0.7630576239952194,0,0.5822569375372296
823920,808967,3,28,0.23222748815165878,5.5,0.5948908832550364,0,0.3538951629799573
823920,808967,3,28,0.23222748815165878,6.5,0.4150643523871449,0,0.17227841662256
823920,808967,3,28,0.23222748815165878,7.5,0.25711587159410504,0,0.06610857142559631
823920,808967,3,28,0.23222748815165878,8.5,0.14093347262186046,0,0.01986224370525669
824754,813349,6,23,0.26548672566371684,3.5,0.8540261047958209,1,0.021308378081080673
824754,813349,6,23,0.26548672566371684,4.5,0.7249146239852362,1,0.07567196409718398
824754,813349,6,23,0.26548672566371684,5.5,0.5665497653792754,1,0.18787910589276122
824754,813349,6,23,0.26548672566371684,6.5,0.4026519120377347,0,0.16212856226764363
824754,813349,6,23,0.26548672566371684,7.5,0.25745292195515057,0,0.06628200702324485
824754,813349,6,23,0.26548672566371684,8.5,0.14685394744024638,0,0.021566081878782645
822972,813349,6,23,0.26548672566371684,3.5,0.8540261047958209,1,0.021308378081080673
822972,813349,6,23,0.26548672566371684,4.5,0.7249146239852362,1,0.07567196409718398
822972,813349,6,23,0.26548672566371684,5.5,0.5665497653792754,1,0.18787910589276122
822972,813349,6,23,0.26548672566371684,6.5,0.4026519120377347,0,0.16212856226764363
822972,813349,6,23,0.26548672566371684,7.5,0.25745292195515057,0,0.06628200702324485
822972,813349,6,23,0.26548672566371684,8.5,0.14685394744024638,0,0.021566081878782645
824751,813349,3,27,0.30275229357798167,3.5,0.905876627150495,0,0.8206124636175569
824751,813349,3,27,0.30275229357798167,4.5,0.8046401990274531,0,0.6474458498909393
824751,813349,3,27,0.30275229357798167,5.5,0.6654842431493604,0,0.442869277880077
824751,813349,3,27,0.30275229357798167,6.5,0.5049230420831244,0,0.25494727842647663
824751,813349,3,27,0.30275229357798167,7.5,0.3466065840367241,0,0.1201361240976067
824751,813349,3,27,0.30275229357798167,8.5,0.21258756196208628,0,0.04519347150098387
823126,813349,7,24,0.25892857142857145,3.5,0.8367921178383704,1,0.02663681279968438
823126,813349,7,24,0.25892857142857145,4.5,0.6978779538986603,1,0.09127773074046006
823126,813349,7,24,0.25892857142857145,5.5,0.5326917870450371,1,0.218376965895161
823126,813349,7,24,0.25892857142857145,6.5,0.3678734271639587,1,0.3995840040854389
823126,813349,7,24,0.25892857142857145,7.5,0.22771093767191383,0,0.05185227113542223
823126,813349,7,24,0.25892857142857145,8.5,0.12546890166734326,0,0.01574244528560945
824747,813349,9,24,0.24107142857142858,3.5,0.7944039090394572,1,0.042269752618255774
824747,813349,9,24,0.24107142857142858,4.5,0.6370500549060083,1,0.1317326626437316
824747,813349,9,24,0.24107142857142858,5.5,0.46253483798599176,1,0.2888688003787442
824747,813349,9,24,0.24107142857142858,6.5,0.3009776689350136,1,0.4886322193275274
824747,813349,9,24,0.24107142857142858,7.5,0.17420071815362537,1,0.6819444538979881
824747,813349,9,24,0.24107142857142858,8.5,0.08923047114486925,1,0.8295011346909968
824742,813349,5,15,0.256198347107438,3.5,0.8981614065251932,1,0.01037109912092697
824742,813349,5,15,0.256198347107438,4.5,0.7771443555833671,1,0.049664638248352704
824742,813349,5,15,0.256198347107438,5.5,0.6107517038892456,0,0.37301764380361674
824742,813349,5,15,0.256198347107438,6.5,0.4288401633173749,0,0.1839038856740728
824742,813349,5,15,0.256198347107438,7.5,0.26644846224303753,0,0.0709947830316794
824742,813349,5,15,0.256198347107438,8.5,0.14580674710414496,0,0.021259607501092084
824020,815083,2,13,0.23529411764705882,3.5,0.26814457106680406,0,0.07190151099260034
824020,815083,2,13,0.23529411764705882,4.5,0.10835631568563482,0,0.01174109114896495
824020,815083,2,13,0.23529411764705882,5.5,0.034124774354909036,0,0.0011645002247734574
824020,815083,2,13,0.23529411764705882,6.5,0.008385939147162532,0,7.032397537991307e-05
824020,815083,2,13,0.23529411764705882,7.5,0.0016027182081236632,0,2.5687056546511257e-06
824020,815083,2,13,0.23529411764705882,8.5,0.00023529999804789589,0,5.5366089081339806e-08
824990,815083,3,10,0.1891891891891892,3.5,0.19280766264180885,0,0.03717479477339757
824990,815083,3,10,0.1891891891891892,4.5,0.06785675535353651,0,0.0046045392471097055
824990,815083,3,10,0.1891891891891892,5.5,0.018407435770398484,0,0.0003388336916413456
824990,815083,3,10,0.1891891891891892,6.5,0.0038480530801937997,0,1.4807512507988989e-05
824990,815083,3,10,0.1891891891891892,7.5,0.0006158337996114621,0,3.7925126874389044e-07
824990,815083,3,10,0.1891891891891892,8.5,7.425355252187196e-05,0,5.513590062118398e-09
823121,815083,3,13,0.20588235294117646,3.5,0.19226547154087842,0,0.036966011546836326
823121,815083,3,13,0.20588235294117646,4.5,0.0675826442371715,0,0.004567413802088091
823121,815083,3,13,0.20588235294117646,5.5,0.018385647879088484,0,0.0003380320479338309
823121,815083,3,13,0.20588235294117646,6.5,0.003885961113403269,0,1.5100693774882373e-05
823121,815083,3,13,0.20588235294117646,7.5,0.0006367107044093322,0,4.054005211094279e-07
823121,815083,3,13,0.20588235294117646,8.5,7.99051464155737e-05,0,6.384832423694271e-09
823682,815083,2,11,0.2222222222222222,3.5,0.2699497763679181,0,0.072872881761089
823682,815083,2,11,0.2222222222222222,4.5,0.11108160936787823,0,0.012339123939757892
823682,815083,2,11,0.2222222222222222,5.5,0.03585633013049945,0,0.0012856764104273628
823682,815083,2,11,0.2222222222222222,6.5,0.009050037898783428,0,8.190318596941637e-05
823682,815083,2,11,0.2222222222222222,7.5,0.001768843588001549,0,3.1288076388141935e-06
823682,815083,2,11,0.2222222222222222,8.5,0.0002625514252413247,0,6.893325089625091e-08
824184,837227,8,24,0.35454545454545455,3.5,0.8354011294394963,1,0.027092788189793455
824184,837227,8,24,0.35454545454545455,4.5,0.7270334341765293,1,0.07451074605745915
824184,837227,8,24,0.35454545454545455,5.5,0.6086741369997569,1,0.153135931052885
824184,837227,8,24,0.35454545454545455,6.5,0.4861420235715851,1,0.26405001993910543
824184,837227,8,24,0.35454545454545455,7.5,0.3647070511006935,1,0.40359713092117677
824184,837227,8,24,0.35454545454545455,8.5,0.2528983336808583,0,0.06395756717855475
824179,837227,11,24,0.32727272727272727,3.5,0.7986518166048359,1,0.040541090956532654
824179,837227,11,24,0.32727272727272727,4.5,0.6773987442715833,1,0.1040715701975513
824179,837227,11,24,0.32727272727272727,5.5,0.547844642787275,1,0.20444446705616698
824179,837227,11,24,0.32727272727272727,6.5,0.41758470862655594,1,0.3392075716256137
824179,837227,11,24,0.32727272727272727,7.5,0.29517549257029907,1,0.49677758627352053
824179,837227,11,24,0.32727272727272727,8.5,0.19066437316801807,1,0.6550241568595171
824258,837227,10,21,0.3274336283185841,3.5,0.8037007721172869,1,0.03853338686734935
824258,837227,10,21,0.3274336283185841,4.5,0.6887438769350791,1,0.09688037414540518
824258,837227,10,21,0.3274336283185841,5.5,0.567412156702964,1,0.187132242168381
824258,837227,10,21,0.3274336283185841,6.5,0.44431741818294,1,0.30878313173487354
824258,837227,10,21,0.3274336283185841,7.5,0.32476070239120136,1,0.45594810903522376
824258,837227,10,21,0.3274336283185841,8.5,0.21761881683731527,1,0.6121203157670425
824174,837227,2,13,0.371900826446281,3.5,0.891794635329624,0,0.795297671602697
824174,837227,2,13,0.371900826446281,4.5,0.8224803909611029,0,0.6764739935155287
824174,837227,2,13,0.371900826446281,5.5,0.7406065741021458,0,0.5484980976033171
824174,837227,2,13,0.371900826446281,6.5,0.639380344445738,0,0.40880722486355053
824174,837227,2,13,0.371900826446281,7.5,0.517278415656357,0,0.26757695930395087
824174,837227,2,13,0.371900826446281,8.5,0.38509078372985667,0,0.14829491171367523
822713,837227,3,18,0.3793103448275862,3.5,0.8701657623801544,0,0.7571884540186353
822713,837227,3,18,0.3793103448275862,4.5,0.7829379882086657,0,0.6129918933802327
822713,837227,3,18,0.3793103448275862,5.5,0.6905230023494628,0,0.4768220167737163
822713,837227,3,18,0.3793103448275862,6.5,0.5940790130476563,0,0.3529298737436774
822713,837227,3,18,0.3793103448275862,7.5,0.4892374132542007,0,0.23935324652766157
822713,837227,3,18,0.3793103448275862,8.5,0.3766322655999449,0,0.14185186349094744
824165,837227,8,25,0.3577981651376147,3.5,0.8388279360451889,1,0.025976434199453717
824165,837227,8,25,0.3577981651376147,4.5,0.7309295289282083,1,0.0723989184027959
824165,837227,8,25,0.3577981651376147,5.5,0.6120641686617628,1,0.1504942092360892
824165,837227,8,25,0.3577981651376147,6.5,0.48807792092201174,1,0.2620642150475301
824165,837227,8,25,0.3577981651376147,7.5,0.3645655347877709,1,0.4037769595795516
824165,837227,8,25,0.3577981651376147,8.5,0.2507326174415838,0,0.06286684544910762
824160,837227,5,9,0.336,3.5,0.9153687234277204,1,0.00716245297425369
824160,837227,5,9,0.336,4.5,0.8266717309843763,1,0.03004268883995242
824160,837227,5,9,0.336,5.5,0.7055066605545719,0,0.49773964808686394
824160,837227,5,9,0.336,6.5,0.5630050173731622,0,0.3169746495873547
824160,837227,5,9,0.336,7.5,0.4151734125458433,0,0.17236896248496097
824160,837227,5,9,0.336,8.5,0.279437405667945,0,0.07808526368643166
